SET SQL_MODE = "NO_AUTO_VALUE_ON_ZERO";
SET time_zone = "+00:00";

/*!40101 SET @OLD_CHARACTER_SET_CLIENT=@@CHARACTER_SET_CLIENT */;
/*!40101 SET @OLD_CHARACTER_SET_RESULTS=@@CHARACTER_SET_RESULTS */;
/*!40101 SET @OLD_COLLATION_CONNECTION=@@COLLATION_CONNECTION */;
/*!40101 SET NAMES utf8 */;

DROP DATABASE `mlpvc-colorguide`;
CREATE DATABASE `mlpvc-colorguide` DEFAULT CHARACTER SET utf8 COLLATE utf8_general_ci;
USE `mlpvc-colorguide`;

CREATE TABLE IF NOT EXISTS `colorgroups` (
  `groupid` int(11) NOT NULL,
  `ponyid` int(11) NOT NULL,
  `label` varchar(255) NOT NULL,
  `order` tinyint(4) NOT NULL DEFAULT '0'
) ENGINE=InnoDB AUTO_INCREMENT=97 DEFAULT CHARSET=utf8;

INSERT INTO `colorgroups` (`groupid`, `ponyid`, `label`, `order`) VALUES
(17, 6, 'Coat', 0),
(18, 6, 'Mane & Tail', 0),
(19, 6, 'Iris', 0),
(20, 6, 'Cutie Mark', 0),
(21, 6, 'Magic (100% Opacity)', 0),
(22, 102, 'Coat', 0),
(23, 102, 'Mane & Tail', 0),
(24, 102, 'Iris', 0),
(25, 102, 'Cutie Mark', 0),
(26, 103, 'Coat', 0),
(27, 103, 'Mane & Tail', 0),
(28, 103, 'Iris', 0),
(29, 103, 'Magic (100% Opacity)', 0),
(30, 103, 'Cutie Mark', 0),
(35, 104, 'Coat', 0),
(36, 104, 'Mane & Tail', 1),
(37, 104, 'Iris ', 2),
(38, 104, 'Cutie Mark', 3),
(39, 104, 'Aura', 4),
(40, 105, 'Coat', 0),
(41, 105, 'Mane & Tail', 1),
(42, 105, 'Iris', 2),
(43, 105, 'Cutie Mark', 3),
(44, 105, 'Bandana', 5),
(45, 105, 'Magic (100% Opacity)', 6),
(46, 105, 'Glasses', 4),
(47, 106, 'Coat', 0),
(48, 106, 'Mane & Tail', 1),
(49, 106, 'Iris', 2),
(51, 106, 'Dress', 3),
(52, 106, 'Saddle', 4),
(53, 106, 'Magic (100% Opacity)', 5),
(54, 1, 'Coat', 0),
(55, 1, 'Mane & Tail', 1),
(56, 1, 'Iris', 2),
(57, 1, 'Cutie Mark', 3),
(58, 1, 'Hat', 0),
(59, 3, 'Coat', 0),
(60, 3, 'Mane & Tail', 1),
(61, 3, 'Iris', 2),
(62, 3, 'Cutie Mark', 3),
(63, 2, 'Coat', 0),
(64, 2, 'Mane & Tail', 1),
(65, 2, 'Iris', 2),
(66, 2, 'Cutie Mark', 3),
(67, 4, 'Coat', 0),
(68, 4, 'Mane & Tail', 1),
(69, 4, 'Iris', 2),
(70, 4, 'Cutie Mark', 3),
(71, 5, 'Coat', 0),
(72, 5, 'Mane & Tail', 1),
(73, 5, 'Iris', 2),
(74, 5, 'Cutie Mark', 3),
(75, 112, 'Body', 0),
(76, 112, 'Spikes', 1),
(77, 112, 'Iris', 3),
(78, 112, 'Ears', 2),
(79, 112, 'Mouth', 0),
(80, 5, 'Magic', 0),
(81, 100, 'Coat', 0),
(82, 100, 'Mane & Tail', 0),
(83, 100, 'Iris', 0),
(84, 100, 'Cutie Mark', 0),
(85, 113, 'Coat', 0),
(86, 113, 'Mane & Tail', 1),
(87, 113, 'Iris', 2),
(88, 113, 'Cutie Mark', 3),
(89, 114, 'Coat', 0),
(90, 114, 'Mane & Tail', 1),
(91, 114, 'Iris', 2),
(92, 114, 'Cutie Mark', 3),
(93, 115, 'Coat', 0),
(94, 115, 'Mane & Tail', 1),
(95, 115, 'Iris', 2),
(96, 115, 'Cutie Mark', 3);

CREATE TABLE IF NOT EXISTS `colors` (
  `colorid` int(11) NOT NULL,
  `groupid` int(11) NOT NULL,
  `label` tinytext NOT NULL,
  `hex` varchar(7) DEFAULT NULL,
  `order` tinyint(4) DEFAULT NULL
) ENGINE=InnoDB AUTO_INCREMENT=345 DEFAULT CHARSET=utf8;

INSERT INTO `colors` (`colorid`, `groupid`, `label`, `hex`, `order`) VALUES
(55, 17, 'Outline', '#A46BBD', 0),
(57, 17, 'Fill', '#CC9CDF', 1),
(58, 17, 'Shadow Outline', '#9156A9', 2),
(59, 17, 'Shadow Fill', '#BF89D1', 3),
(60, 18, 'Outline and Inner Lines', '#132248', 0),
(61, 18, 'Fill', '#243870', 1),
(62, 18, 'Stripe 1', '#652D87', 2),
(63, 18, 'Stripe 2', '#EA428B', 3),
(64, 19, 'Gradient Top (20%)', '#1E093C', 0),
(65, 19, 'Gradient Bottom (80%)', '#662F89', 1),
(66, 19, 'Highlight Top', '#8D5DA4', 2),
(67, 19, 'Highlight Bottom', '#CCB2D3', 3),
(68, 20, 'Large Star', '#EA428B', 0),
(69, 20, 'Small Stars', '#FFFFFF', 1),
(70, 21, 'Aura', '#EA428B', 0),
(71, 22, 'Outline', '#7F859F', 0),
(72, 22, 'Fill', '#B5BBC7', 1),
(73, 22, 'Shadow fill', '#ADB1BE', 2),
(74, 23, 'Outline', '#D6CD6B', 0),
(75, 23, 'Fill', '#E7E6A7', 1),
(76, 24, 'Top gradient', '#D1973D', 0),
(77, 24, 'Bottom gradient', '#D9E985', 1),
(78, 24, 'Top highlight', '#D9E985', 2),
(79, 24, 'Bottom highlight', '#E1EBB0', 3),
(80, 25, 'Bubbles', '#CECEEA', 0),
(81, 25, 'Bubble highlight', '#D5E9F0', 1),
(82, 26, 'Outline', '#3EA679', 0),
(83, 26, 'Fill', '#8DEBCD', 1),
(84, 26, 'Shadow', '#6ACDA9', 2),
(85, 27, 'Outline 1', '#7AD9D7', 0),
(86, 27, 'Fill 1', '#EBEBEB', 1),
(87, 27, 'Outline 2', '#55C1C1', 2),
(88, 27, 'Fill 2', '#A5D7D7', 3),
(89, 28, 'Top gradient', '#D56315', 0),
(90, 28, 'Bottom gradient', '#E3C752', 1),
(91, 28, 'Top highlight', '#EAEA6B', 2),
(92, 28, 'Bottom highlight', '#ECECCF', 3),
(93, 29, 'Aura', '#C49159', 0),
(94, 30, 'Outline', '#AF821A', 0),
(95, 30, 'Fill', '#E1B046', 1),
(96, 30, 'Highlight', '#F2D297', 2),
(97, 30, 'Strings', '#50B18C', 3),
(111, 35, 'Outline', '#81CFBD', 0),
(112, 35, 'Fill', '#A1FFE9', 1),
(114, 35, 'Shadow Fill', '#90E4D0', 2),
(115, 36, 'Outline', '#80D940', 0),
(116, 36, 'Fill', '#D6FF58', 1),
(117, 37, 'Gradient Top', '#A84E0D', 0),
(119, 37, 'Gradient Bottom', '#EE8B2D', 1),
(120, 37, 'Highlight Top', '#F2AA75', 2),
(121, 37, 'Highlight Bottom', '#F5B98D', 3),
(122, 38, 'Main star fills', '#FFFFFF', 0),
(123, 38, 'Small star fills', '#D78F4F', 1),
(124, 37, 'Eyeball', '#F9FFCB', 4),
(125, 38, 'Head outline', '#76C1AD', 2),
(126, 38, 'Head fill', '#BEFFF0', 3),
(127, 38, 'Head shadow', '#92DECF', 4),
(128, 39, 'Aura', '#E69A44', 0),
(129, 40, 'Outline', '#1D4555', 0),
(130, 40, 'Fill', '#2F7A98', 1),
(131, 40, 'Shadow Outline', '#203A45', 2),
(132, 40, 'Shadow Fill', '#2D5B6C', 3),
(133, 41, 'Outline', '#5E5A5A', 0),
(134, 41, 'Fill 1', '#B0B0B0', 1),
(135, 42, 'Gradient Top', '#2F8CB0', 0),
(137, 42, 'Gradient Bottom', '#ADD7E6', 1),
(140, 43, 'Stars', '#EED255', 0),
(142, 41, 'Fill 2', '#797979', 2),
(143, 44, 'Outline', '#9F1D3A', 0),
(144, 44, 'Main fill', '#D44350', 1),
(145, 44, 'Thick stripe', '#B1374F', 2),
(146, 44, 'Thin stripe', '#E49355', 3),
(147, 45, 'Aura', '#F7DF53', 0),
(148, 46, 'Frame outline', '#919DA4', 0),
(149, 46, 'Frame fill', '#FFFFFF', 1),
(150, 46, 'Lens top (85% Opacity)', '#260F1C', 2),
(151, 46, 'Lens bottom (85% Opacity)', '#C06588', 3),
(152, 47, 'Main Outline', '#4596B0', 0),
(153, 47, 'Fill', '#B1EAFD', 2),
(156, 48, 'Outline', '#A3413E', 0),
(157, 48, 'Main Outer Fill', '#EB7F51', 1),
(158, 49, 'Gradient Top', '#F5973C', 0),
(160, 49, 'Gradient Bottom', '#F5B27D', 1),
(161, 49, 'Highlight Top', '#FADBAB', 2),
(162, 49, 'Highlight Bottom', '#FBEDD4', 3),
(165, 47, 'Inside Outlines (Ear, horn)', '#57ACD4', 1),
(166, 48, 'Outer Fill 1', '#E9D271', 2),
(167, 48, 'Outer Fill 2', '#FFAC89', 3),
(168, 48, 'Outer Fill 3 (at front)', '#EA5E5E', 4),
(169, 48, 'Inside Outline Stroke', '#95346D', 5),
(170, 48, 'Inside Fill Gradient Top', '#CE53B9', 6),
(171, 48, 'Inside Fill Gradient Bottom', '#88387D', 7),
(172, 48, 'Inside Fill Line', '#75326F', 8),
(173, 51, 'Outline', '#1E1A24', 0),
(174, 51, 'Fill 1', '#5D4D68', 1),
(175, 51, 'Fill 2', '#3B2D45', 2),
(176, 51, 'Stud fill 1', '#FFFCCB', 3),
(177, 51, 'Stud fill 2', '#F4D05B', 4),
(178, 52, 'Outline', '#E8AD34', 0),
(179, 52, 'Fill 1', '#F5CF5D', 1),
(180, 52, 'Fill 2', '#F9E457', 2),
(181, 52, 'Fill 3', '#FAE356', 3),
(182, 52, 'Seat fill', '#FEFBAA', 4),
(183, 52, 'Seat decoration fill 1', '#8F35B4', 5),
(184, 52, 'Seat decoration fill 2', '#AC5DCB', 6),
(185, 52, 'Stud fill 1', '#FFFCCB', 7),
(186, 52, 'Stud fill 2', '#F4D05B', 8),
(187, 53, 'Aura', '#F6EF95', 0),
(188, 49, 'Eyeshadow', '#564C9A', 4),
(189, 54, 'Outline', '#EF6F2F', 0),
(190, 54, 'Fill', '#FABA62', 1),
(192, 54, 'Shadow Fill', '#F0AA52', 2),
(193, 55, 'Outline', '#E7D462', 0),
(194, 55, 'Fill', '#FAF5AB', 1),
(195, 56, 'Gradient Top', '#287916', 0),
(197, 56, 'Gradient Bottom', '#61BA4E', 1),
(198, 56, 'Highlight Top', '#78D863', 2),
(199, 56, 'Highlight Bottom', '#CAECC4', 3),
(200, 57, 'Apples', '#EC3F41', 0),
(201, 57, 'Leaves', '#6BB944', 1),
(202, 58, 'Outline', '#B2884D', 0),
(203, 58, 'Fill', '#CA9A56', 1),
(204, 59, 'Outline', '#E880B0', 0),
(205, 59, 'Fill', '#F5B7D0', 1),
(206, 59, 'Shadow Outline', '#DD6FA4', 2),
(207, 59, 'Shadow Fill', '#E89CBF', 3),
(208, 60, 'Outline', '#BB1C76', 0),
(209, 60, 'Fill', '#EB458B', 1),
(210, 61, 'Gradient Top', '#196E91', 0),
(212, 61, 'Gradient Bottom', '#7DD0F1', 1),
(213, 61, 'Highlight Top', '#9CDCF4', 2),
(214, 61, 'Highlight Bottom', '#DCF3FD', 3),
(215, 62, 'Color 1', '#7ED0F2', 0),
(216, 62, 'Color 2', '#FAF5AB', 1),
(217, 63, 'Outline', '#E9D461', 0),
(218, 63, 'Fill', '#FAF5AB', 1),
(220, 63, 'Shadow Fill', '#F3E488', 2),
(221, 64, 'Outline', '#E581B1', 0),
(222, 64, 'Fill', '#F3B5CF', 1),
(223, 65, 'Gradient Top', '#02534D', 0),
(225, 65, 'Gradient Bottom', '#02ACA4', 1),
(226, 65, 'Highlight Top', '#3CBEB7', 2),
(227, 65, 'Highlight Bottom', '#84D2D4', 3),
(228, 66, 'Wings', '#F2B6CF', 0),
(229, 66, 'Body', '#69C8C3', 1),
(230, 67, 'Outline', '#6BABDA', 0),
(231, 67, 'Fill', '#9BDBF5', 1),
(233, 67, 'Shadow Fill', '#88C4E9', 2),
(234, 68, 'Outline/Blue Fill', '#1B98D1', 0),
(235, 68, 'Red Fill', '#EC4141', 1),
(236, 69, 'Gradient Top', '#580D36', 0),
(238, 69, 'Gradient Bottom', '#BC1D75', 1),
(239, 69, 'Highlight Top', '#D9539D', 2),
(240, 69, 'Highlight Bottom', '#FCB6DF', 3),
(241, 70, 'Cloud Outline/Blue Streak', '#1B98D1', 0),
(242, 70, 'Red Streak', '#EC4141', 1),
(243, 68, 'Orange Fill', '#EF7135', 2),
(244, 68, 'Yellow Fill', '#FAF5AB', 3),
(245, 68, 'Green Fill', '#5FBB4E', 4),
(246, 68, 'Purple Fill', '#632E86', 5),
(247, 70, 'Yellow Streak', '#FDE85F', 2),
(248, 71, 'Outline', '#BDC1C2', 0),
(249, 71, 'Fill', '#EAEEF0', 1),
(251, 71, 'Shadow Fill', '#DFE4E3', 2),
(252, 72, 'Outline/Normal Gradient Dark', '#4A1767', 0),
(253, 72, 'Fill', '#5E50A0', 1),
(254, 73, 'Gradient Top', '#20476B', 0),
(256, 73, 'Gradient Bottom', '#3977B8', 1),
(257, 73, 'Highlight Top', '#5693CF', 2),
(258, 73, 'Highlight Bottom', '#76ADE5', 3),
(259, 74, 'Strokes', '#2696CB', 0),
(260, 74, 'Fill', '#7DD1F5', 1),
(261, 72, 'Pale Gradient Dark', '#482566', 2),
(262, 72, 'Pale Gradient Light', '#7A4B96', 3),
(263, 72, 'Normal Gradient Light', '#794897', 4),
(264, 73, 'Eyeshadow', '#B8E1F0', 4),
(265, 75, 'Purple Outline', '#985E9F', 0),
(266, 75, 'Purple Fill', '#C290C6', 1),
(267, 75, 'Green Outline', '#DCF188', 2),
(268, 75, 'Green Fill', '#AFD95E', 3),
(269, 76, 'Outline', '#2E992E', 0),
(270, 76, 'Fill', '#50C356', 1),
(271, 77, 'Gradient Top', '#277915', 0),
(273, 77, 'Gradient Bottom', '#5EBA4A', 1),
(274, 77, 'Highlight Top', '#77D963', 2),
(275, 77, 'Highlight Bottom', '#CAECC3', 3),
(276, 78, 'Outline', '#D5EBAD', 0),
(277, 78, 'Fill', '#96CE7D', 1),
(278, 75, 'Soles', '#AF72B6', 4),
(279, 79, 'Teeth', '#94B5B3', 0),
(280, 79, 'Tongue', '#F997C8', 1),
(281, 79, 'Mouth', '#973365', 2),
(282, 80, 'Magic', '#82C1DC', 0),
(283, 81, 'Outline', '#457BBB', 0),
(284, 81, 'Fill', '#81C3EA', 1),
(285, 81, 'Shadow Fill', '#7ABAE5', 2),
(286, 82, 'Blue Outline', '#303296', 0),
(287, 82, 'Blue Fill', '#393CB0', 1),
(288, 82, 'White Outline', '#9E9FDC', 2),
(289, 82, 'White Fill', '#CED0EC', 3),
(290, 83, 'Gradient Top', '#1F205D', 0),
(291, 83, 'Gradient Bottom', '#526BCB', 1),
(292, 83, 'Highlight Top', '#AAAAF8', 2),
(293, 83, 'Highlight Bottom', '#DBDCFC', 3),
(294, 84, 'Base', '#DBBF0F', 0),
(295, 84, 'Base Highlight', '#FBEB98', 1),
(296, 84, 'Glass', '#BFEAF8', 2),
(297, 84, 'Sand', '#D4CF97', 3),
(298, 85, 'Outline', '#BEB789', 0),
(299, 85, 'Fill', '#F9FAED', 1),
(301, 85, 'Shadow Fill', '#E0DEC1', 2),
(302, 86, 'Outline', '#DE83CD', 0),
(303, 86, 'Fill', '#F8AAE5', 1),
(304, 87, 'Gradient Top', '#015B56', 0),
(306, 87, 'Gradient Bottom', '#6BF0ED', 1),
(307, 87, 'Highlight Top', '#B1F0F4', 2),
(308, 87, 'Highlight Bottom', '#D5F9FB', 3),
(309, 88, 'Stars', '#B6E0F7', 0),
(311, 89, 'Outline', '#EFBD3B', 0),
(312, 89, 'Fill', '#FBFC63', 1),
(314, 89, 'Shadow Fill', '#F7E253', 2),
(315, 90, 'Outline', '#3695B5', 0),
(316, 90, 'Fill 1', '#68B5CF', 1),
(317, 91, 'Gradient Top', '#580D36', 0),
(319, 91, 'Gradient Bottom', '#BC1D75', 1),
(320, 91, 'Highlight Top', '#D9539D', 2),
(321, 91, 'Highlight Bottom', '#FCB6DF', 3),
(322, 92, 'Blue Outline', '#63B5CB', 0),
(323, 92, 'Blue Fill', '#A2D7E1', 1),
(324, 90, 'Fill 2', '#7BCBE1', 2),
(325, 92, 'Green Outline', '#96DC51', 2),
(326, 92, 'Green Fill', '#BAEF85', 3),
(327, 93, 'Outline', '#ACC849', 0),
(328, 93, 'Fill', '#D2EA91', 1),
(329, 93, 'Shadow Outline', '#A4C040', 2),
(330, 93, 'Shadow Fill', '#BDD56C', 3),
(331, 94, 'Outline', '#ADD9D5', 0),
(332, 94, 'Fill', '#FFFFFF', 1),
(333, 95, 'Gradient Top', '#EC565C', 0),
(334, 95, 'Gradient Middle', '#ED7451', 1),
(335, 95, 'Gradient Bottom', '#F49A43', 2),
(338, 96, 'Plate Fill 1', '#9AA596', 0),
(339, 96, 'Plate Fill 2', '#A2AF9D', 1),
(340, 96, 'Plate Fill 3', '#B2BEAC', 2),
(341, 96, 'Pie FIll 1', '#B68145', 3),
(342, 96, 'Pie FIll 2', '#D29752', 4),
(343, 96, 'Pie FIll 3', '#E4A95A', 5),
(344, 96, 'Pie FIll 4', '#FBB963', 6);

CREATE TABLE IF NOT EXISTS `ponies` (
  `id` int(11) NOT NULL,
  `label` tinytext NOT NULL,
  `notes` tinytext NOT NULL,
  `added` timestamp NOT NULL DEFAULT CURRENT_TIMESTAMP
) ENGINE=InnoDB AUTO_INCREMENT=116 DEFAULT CHARSET=utf8;

INSERT INTO `ponies` (`id`, `label`, `notes`, `added`) VALUES
(1, 'Applejack', '', '2015-09-21 18:46:54'),
(2, 'Fluttershy', '', '2015-09-21 18:54:47'),
(3, 'Pinkie Pie', '', '2015-09-21 18:52:26'),
(4, 'Rainbow Dash', '', '2015-09-21 19:01:33'),
(5, 'Rarity', '', '2015-09-21 19:18:24'),
(6, 'Twilight Sparkle', 'Far legs use darker colors', '2015-08-24 19:04:32'),
(100, 'Minuette', '', '2015-07-25 14:49:44'),
(102, 'Derpy / Muffins', 'From S509 - Slice of Life', '2015-08-26 03:53:49'),
(103, 'Lyra Heartstrings', 'From S5E09 - Slice of Life', '2015-08-26 04:08:33'),
(104, 'Whoa Nelly', 'From S5E14 "Canterlot Boutique"', '2015-09-17 03:43:22'),
(105, 'Fashion Plate', 'From S5E14 Canterlot Boutique', '2015-09-17 04:02:26'),
(106, 'Sassy Saddles', 'From S5E14 Canterlot Boutique', '2015-09-17 04:22:20'),
(112, 'Spike', '', '2015-09-21 19:43:59'),
(113, 'Twinkleshine', '', '2015-09-21 20:25:31'),
(114, 'Lemon Hearts', '', '2015-09-21 20:30:06'),
(115, 'Granny Smith', '', '2015-09-21 20:37:57');

CREATE TABLE IF NOT EXISTS `tagged` (
  `tid` int(11) NOT NULL,
  `ponyid` int(11) NOT NULL
) ENGINE=InnoDB DEFAULT CHARSET=utf8;

INSERT INTO `tagged` (`tid`, `ponyid`) VALUES
(2, 1),
(6, 1),
(12, 1),
(22, 1),
(3, 2),
(6, 2),
(12, 2),
(24, 2),
(2, 3),
(6, 3),
(12, 3),
(23, 3),
(3, 4),
(6, 4),
(12, 4),
(25, 4),
(1, 5),
(6, 5),
(12, 5),
(26, 5),
(4, 6),
(6, 6),
(12, 6),
(14, 6),
(1, 100),
(7, 100),
(12, 100),
(3, 102),
(7, 102),
(12, 102),
(1, 103),
(7, 103),
(12, 103),
(1, 104),
(8, 104),
(12, 104),
(1, 105),
(7, 105),
(11, 105),
(1, 106),
(7, 106),
(12, 106),
(1, 113),
(7, 113),
(12, 113),
(1, 114),
(7, 114),
(12, 114),
(2, 115),
(7, 115),
(12, 115);

CREATE TABLE IF NOT EXISTS `tags` (
  `tid` int(11) NOT NULL,
  `name` varchar(25) NOT NULL,
  `title` tinytext NOT NULL,
  `type` enum('spec','gen','cat','app','ep','char') DEFAULT NULL,
  `uses` int(11) NOT NULL DEFAULT '0'
) ENGINE=InnoDB AUTO_INCREMENT=27 DEFAULT CHARSET=utf8;

INSERT INTO `tags` (`tid`, `name`, `title`, `type`, `uses`) VALUES
(1, 'unicorn', '', 'spec', 8),
(2, 'earth pony', '', 'spec', 3),
(3, 'pegasus', '', 'spec', 3),
(4, 'alicorn', '', 'spec', 2),
(5, 'bat pony', '', 'spec', 0),
(6, 'mane six', 'Ponies who are one of the show''s six main characters', 'cat', 6),
(7, 'minor character', 'Ponies who had a speaking role and/or interacted with the mane six', 'cat', 8),
(8, 'background character', 'Ponies whose only purpose is filling crowds, with no to minimal speaking roles', 'cat', 1),
(9, 'antagonist', '', 'cat', 0),
(10, 'pet', '', 'cat', 0),
(11, 'male', '', 'gen', 1),
(12, 'female', '', 'gen', 14),
(14, 'twilight sparkle', 'All appearances related to Twilight Sparkle', 'char', 2),
(15, 'gala dress', 'All gala dress colors', 'app', 1),
(16, 'human', 'Refers to Equestria Girls characters', 'spec', 0),
(19, 's1e1', '', 'ep', 0),
(20, 's1e26', '', 'ep', 0),
(21, 's5e12', '', 'ep', 0),
(22, 'applejack', '', 'char', 0),
(23, 'pinkie pie', '', 'char', 0),
(24, 'fluttershy', '', 'char', 0),
(25, 'rainbow dash', '', 'char', 0),
(26, 'rarity', '', 'char', 0);


ALTER TABLE `colorgroups`
  ADD PRIMARY KEY (`groupid`),
  ADD UNIQUE KEY `groupid` (`groupid`,`ponyid`,`label`),
  ADD KEY `ponyid` (`ponyid`);

ALTER TABLE `colors`
  ADD PRIMARY KEY (`colorid`),
  ADD KEY `groupid` (`groupid`);

ALTER TABLE `ponies`
  ADD PRIMARY KEY (`id`);

ALTER TABLE `tagged`
  ADD PRIMARY KEY (`tid`,`ponyid`),
  ADD KEY `ponyid` (`ponyid`);

ALTER TABLE `tags`
  ADD PRIMARY KEY (`tid`);


ALTER TABLE `colorgroups`
  MODIFY `groupid` int(11) NOT NULL AUTO_INCREMENT,AUTO_INCREMENT=97;
ALTER TABLE `colors`
  MODIFY `colorid` int(11) NOT NULL AUTO_INCREMENT,AUTO_INCREMENT=345;
ALTER TABLE `ponies`
  MODIFY `id` int(11) NOT NULL AUTO_INCREMENT,AUTO_INCREMENT=116;
ALTER TABLE `tags`
  MODIFY `tid` int(11) NOT NULL AUTO_INCREMENT,AUTO_INCREMENT=27;

ALTER TABLE `colorgroups`
  ADD CONSTRAINT `colorgroups_ibfk_1` FOREIGN KEY (`ponyid`) REFERENCES `ponies` (`id`) ON DELETE CASCADE ON UPDATE CASCADE;

ALTER TABLE `colors`
  ADD CONSTRAINT `colors_ibfk_1` FOREIGN KEY (`groupid`) REFERENCES `colorgroups` (`groupid`) ON DELETE CASCADE ON UPDATE CASCADE;

ALTER TABLE `tagged`
  ADD CONSTRAINT `tagged_ibfk_1` FOREIGN KEY (`tid`) REFERENCES `tags` (`tid`) ON DELETE CASCADE ON UPDATE CASCADE,
  ADD CONSTRAINT `tagged_ibfk_2` FOREIGN KEY (`ponyid`) REFERENCES `ponies` (`id`) ON DELETE CASCADE ON UPDATE CASCADE;

/*!40101 SET CHARACTER_SET_CLIENT=@OLD_CHARACTER_SET_CLIENT */;
/*!40101 SET CHARACTER_SET_RESULTS=@OLD_CHARACTER_SET_RESULTS */;
/*!40101 SET COLLATION_CONNECTION=@OLD_COLLATION_CONNECTION */;
