SET SQL_MODE = "NO_AUTO_VALUE_ON_ZERO";
SET time_zone = "+00:00";

/*!40101 SET @OLD_CHARACTER_SET_CLIENT=@@CHARACTER_SET_CLIENT */;
/*!40101 SET @OLD_CHARACTER_SET_RESULTS=@@CHARACTER_SET_RESULTS */;
/*!40101 SET @OLD_COLLATION_CONNECTION=@@COLLATION_CONNECTION */;
/*!40101 SET NAMES utf8mb4 */;

DROP DATABASE `mlpvc-colorguide`;
CREATE DATABASE `mlpvc-colorguide` DEFAULT CHARACTER SET utf8 COLLATE utf8_general_ci;
USE `mlpvc-colorguide`;

CREATE TABLE IF NOT EXISTS `colorgroups` (
  `groupid` int(11) NOT NULL,
  `ponyid` int(11) NOT NULL,
  `label` varchar(255) NOT NULL,
  `order` tinyint(4) NOT NULL DEFAULT '0'
) ENGINE=InnoDB AUTO_INCREMENT=135 DEFAULT CHARSET=utf8;

INSERT INTO `colorgroups` (`groupid`, `ponyid`, `label`, `order`) VALUES
(17, 6, 'Coat', 0),
(18, 6, 'Mane & Tail', 0),
(19, 6, 'Iris', 0),
(20, 6, 'Cutie Mark', 0),
(21, 6, 'Magic (100% Opacity)', 0),
(22, 102, 'Coat', 0),
(23, 102, 'Mane & Tail', 0),
(24, 102, 'Iris', 0),
(25, 102, 'Cutie Mark', 0),
(26, 103, 'Coat', 0),
(27, 103, 'Mane & Tail', 0),
(28, 103, 'Iris', 0),
(29, 103, 'Magic (100% Opacity)', 0),
(30, 103, 'Cutie Mark', 0),
(35, 104, 'Coat', 0),
(36, 104, 'Mane & Tail', 1),
(37, 104, 'Iris ', 2),
(38, 104, 'Cutie Mark', 3),
(39, 104, 'Aura', 4),
(40, 105, 'Coat', 0),
(41, 105, 'Mane & Tail', 1),
(42, 105, 'Iris', 2),
(43, 105, 'Cutie Mark', 3),
(44, 105, 'Bandana', 5),
(45, 105, 'Magic (100% Opacity)', 6),
(46, 105, 'Glasses', 4),
(47, 106, 'Coat', 0),
(48, 106, 'Mane & Tail', 1),
(49, 106, 'Iris', 2),
(51, 106, 'Dress', 3),
(52, 106, 'Saddle', 4),
(53, 106, 'Magic (100% Opacity)', 5),
(54, 1, 'Coat', 0),
(55, 1, 'Mane & Tail', 1),
(56, 1, 'Iris', 2),
(57, 1, 'Cutie Mark', 3),
(58, 1, 'Hat & Hair Tie', 0),
(59, 3, 'Coat', 0),
(60, 3, 'Mane & Tail', 1),
(61, 3, 'Iris', 2),
(62, 3, 'Cutie Mark', 3),
(63, 2, 'Coat', 0),
(64, 2, 'Mane & Tail', 1),
(65, 2, 'Iris', 2),
(66, 2, 'Cutie Mark', 3),
(67, 4, 'Coat', 0),
(68, 4, 'Mane & Tail', 1),
(69, 4, 'Iris', 2),
(70, 4, 'Cutie Mark', 3),
(71, 5, 'Coat', 0),
(72, 5, 'Mane & Tail', 1),
(73, 5, 'Iris', 2),
(74, 5, 'Cutie Mark', 3),
(75, 7, 'Body', 0),
(76, 7, 'Spikes', 1),
(77, 7, 'Iris', 3),
(78, 7, 'Ears', 2),
(79, 7, 'Mouth', 0),
(80, 5, 'Magic (100% Opacity)', 4),
(81, 100, 'Coat', 0),
(82, 100, 'Mane & Tail', 0),
(83, 100, 'Iris', 0),
(84, 100, 'Cutie Mark', 0),
(85, 113, 'Coat', 0),
(86, 113, 'Mane & Tail', 1),
(87, 113, 'Iris', 2),
(88, 113, 'Cutie Mark', 3),
(89, 114, 'Coat', 0),
(90, 114, 'Mane & Tail', 1),
(91, 114, 'Iris', 2),
(92, 114, 'Cutie Mark', 3),
(93, 115, 'Coat', 0),
(94, 115, 'Mane & Tail', 1),
(95, 115, 'Iris', 2),
(96, 115, 'Cutie Mark', 3),
(97, 115, 'Wrap', 0),
(98, 116, 'Coat', 0),
(99, 116, 'Mane & Tail', 1),
(100, 116, 'Iris', 2),
(101, 116, 'Cutie Mark', 3),
(102, 117, 'Coat', 0),
(103, 117, 'Mane & Tail', 1),
(104, 117, 'Iris (One highlight)', 2),
(105, 117, 'Cutie Mark', 3),
(106, 117, 'Earrings/Necklace', 5),
(107, 117, 'Sweater', 4),
(108, 118, 'Coat', 0),
(109, 118, 'Mane & Tail', 1),
(110, 118, 'Iris', 2),
(111, 118, 'Cutie Mark', 3),
(112, 118, 'Jacket', 0),
(113, 118, 'Scarf', 0),
(114, 118, 'Badge', 0),
(115, 118, 'Teeth (different from normal)', 0),
(116, 119, 'Coat', 0),
(117, 119, 'Mane & Tail', 1),
(118, 119, 'Iris', 2),
(119, 119, 'Cutie Mark', 3),
(120, 119, 'Magic', 0),
(121, 119, 'Hair Tie', 0),
(122, 120, 'Coat', 0),
(123, 120, 'Mane & Tail', 1),
(124, 120, 'Iris', 2),
(126, 121, 'Coat', 0),
(127, 121, 'Mane & Tail', 1),
(128, 121, 'Iris', 2),
(130, 120, 'Bow', 0),
(131, 122, 'Coat', 0),
(132, 122, 'Mane & Tail', 1),
(133, 122, 'Iris', 2);

CREATE TABLE IF NOT EXISTS `colors` (
  `colorid` int(11) NOT NULL,
  `groupid` int(11) NOT NULL,
  `label` tinytext NOT NULL,
  `hex` varchar(7) DEFAULT NULL,
  `order` tinyint(4) DEFAULT NULL
) ENGINE=InnoDB AUTO_INCREMENT=506 DEFAULT CHARSET=utf8;

INSERT INTO `colors` (`colorid`, `groupid`, `label`, `hex`, `order`) VALUES
(55, 17, 'Outline', '#A46BBD', 0),
(57, 17, 'Fill', '#CC9CDF', 1),
(58, 17, 'Shadow Outline', '#9156A9', 2),
(59, 17, 'Shadow Fill', '#BF89D1', 3),
(60, 18, 'Outline and Inner Lines', '#132248', 0),
(61, 18, 'Fill', '#243870', 1),
(62, 18, 'Stripe 1', '#652D87', 2),
(63, 18, 'Stripe 2', '#EA428B', 3),
(64, 19, 'Gradient Top (20%)', '#1E093C', 0),
(65, 19, 'Gradient Bottom (80%)', '#662F89', 1),
(66, 19, 'Highlight Top', '#8D5DA4', 2),
(67, 19, 'Highlight Bottom', '#CCB2D3', 3),
(68, 20, 'Large Star', '#EA428B', 0),
(69, 20, 'Small Stars', '#FFFFFF', 1),
(70, 21, 'Aura', '#EA428B', 0),
(71, 22, 'Outline', '#7F859F', 0),
(72, 22, 'Fill', '#B5BBC7', 1),
(73, 22, 'Shadow fill', '#ADB1BE', 2),
(74, 23, 'Outline', '#D6CD6B', 0),
(75, 23, 'Fill', '#E7E6A7', 1),
(76, 24, 'Top gradient', '#D1973D', 0),
(77, 24, 'Bottom gradient', '#D9E985', 1),
(78, 24, 'Top highlight', '#D9E985', 2),
(79, 24, 'Bottom highlight', '#E1EBB0', 3),
(80, 25, 'Bubbles', '#CECEEA', 0),
(81, 25, 'Bubble highlight', '#D5E9F0', 1),
(82, 26, 'Outline', '#3EA679', 0),
(83, 26, 'Fill', '#8DEBCD', 1),
(84, 26, 'Shadow', '#6ACDA9', 2),
(85, 27, 'Outline 1', '#7AD9D7', 0),
(86, 27, 'Fill 1', '#EBEBEB', 1),
(87, 27, 'Outline 2', '#55C1C1', 2),
(88, 27, 'Fill 2', '#A5D7D7', 3),
(89, 28, 'Top gradient', '#D56315', 0),
(90, 28, 'Bottom gradient', '#E3C752', 1),
(91, 28, 'Top highlight', '#EAEA6B', 2),
(92, 28, 'Bottom highlight', '#ECECCF', 3),
(93, 29, 'Aura', '#C49159', 0),
(94, 30, 'Outline', '#AF821A', 0),
(95, 30, 'Fill', '#E1B046', 1),
(96, 30, 'Highlight', '#F2D297', 2),
(97, 30, 'Strings', '#50B18C', 3),
(111, 35, 'Outline', '#81CFBD', 0),
(112, 35, 'Fill', '#A1FFE9', 1),
(114, 35, 'Shadow Fill', '#90E4D0', 2),
(115, 36, 'Outline', '#80D940', 0),
(116, 36, 'Fill', '#D6FF58', 1),
(117, 37, 'Gradient Top', '#A84E0D', 0),
(119, 37, 'Gradient Bottom', '#EE8B2D', 1),
(120, 37, 'Highlight Top', '#F2AA75', 2),
(121, 37, 'Highlight Bottom', '#F5B98D', 3),
(122, 38, 'Main star fills', '#FFFFFF', 0),
(123, 38, 'Small star fills', '#D78F4F', 1),
(124, 37, 'Eyeball', '#F9FFCB', 4),
(125, 38, 'Head outline', '#76C1AD', 2),
(126, 38, 'Head fill', '#BEFFF0', 3),
(127, 38, 'Head shadow', '#92DECF', 4),
(128, 39, 'Aura', '#E69A44', 0),
(129, 40, 'Outline', '#1D4555', 0),
(130, 40, 'Fill', '#2F7A98', 1),
(131, 40, 'Shadow Outline', '#203A45', 2),
(132, 40, 'Shadow Fill', '#2D5B6C', 3),
(133, 41, 'Outline', '#5E5A5A', 0),
(134, 41, 'Fill 1', '#B0B0B0', 1),
(135, 42, 'Gradient Top', '#2F8CB0', 0),
(137, 42, 'Gradient Bottom', '#ADD7E6', 1),
(140, 43, 'Stars', '#EED255', 0),
(142, 41, 'Fill 2', '#797979', 2),
(143, 44, 'Outline', '#9F1D3A', 0),
(144, 44, 'Main fill', '#D44350', 1),
(145, 44, 'Thick stripe', '#B1374F', 2),
(146, 44, 'Thin stripe', '#E49355', 3),
(147, 45, 'Aura', '#F7DF53', 0),
(148, 46, 'Frame outline', '#919DA4', 0),
(149, 46, 'Frame fill', '#FFFFFF', 1),
(150, 46, 'Lens top (85% Opacity)', '#260F1C', 2),
(151, 46, 'Lens bottom (85% Opacity)', '#C06588', 3),
(152, 47, 'Main Outline', '#4596B0', 0),
(153, 47, 'Fill', '#B1EAFD', 2),
(156, 48, 'Outline', '#A3413E', 0),
(157, 48, 'Main Outer Fill', '#EB7F51', 1),
(158, 49, 'Gradient Top', '#F5973C', 0),
(160, 49, 'Gradient Bottom', '#F5B27D', 1),
(161, 49, 'Highlight Top', '#FADBAB', 2),
(162, 49, 'Highlight Bottom', '#FBEDD4', 3),
(165, 47, 'Inside Outlines (Ear, horn)', '#57ACD4', 1),
(166, 48, 'Outer Fill 1', '#E9D271', 2),
(167, 48, 'Outer Fill 2', '#FFAC89', 3),
(168, 48, 'Outer Fill 3 (at front)', '#EA5E5E', 4),
(169, 48, 'Inside Outline Stroke', '#95346D', 5),
(170, 48, 'Inside Fill Gradient Top', '#CE53B9', 6),
(171, 48, 'Inside Fill Gradient Bottom', '#88387D', 7),
(172, 48, 'Inside Fill Line', '#75326F', 8),
(173, 51, 'Outline', '#1E1A24', 0),
(174, 51, 'Fill 1', '#5D4D68', 1),
(175, 51, 'Fill 2', '#3B2D45', 2),
(176, 51, 'Stud fill 1', '#FFFCCB', 3),
(177, 51, 'Stud fill 2', '#F4D05B', 4),
(178, 52, 'Outline', '#E8AD34', 0),
(179, 52, 'Fill 1', '#F5CF5D', 1),
(180, 52, 'Fill 2', '#F9E457', 2),
(181, 52, 'Fill 3', '#FAE356', 3),
(182, 52, 'Seat fill', '#FEFBAA', 4),
(183, 52, 'Seat decoration fill 1', '#8F35B4', 5),
(184, 52, 'Seat decoration fill 2', '#AC5DCB', 6),
(185, 52, 'Stud fill 1', '#FFFCCB', 7),
(186, 52, 'Stud fill 2', '#F4D05B', 8),
(187, 53, 'Aura', '#F6EF95', 0),
(188, 49, 'Eyeshadow', '#564C9A', 4),
(189, 54, 'Outline', '#EF6F2F', 0),
(190, 54, 'Fill', '#FABA62', 1),
(192, 54, 'Shadow Fill', '#F0AA52', 2),
(193, 55, 'Outline', '#E7D462', 0),
(194, 55, 'Fill', '#FAF5AB', 1),
(195, 56, 'Gradient Top', '#287916', 0),
(197, 56, 'Gradient Bottom', '#61BA4E', 1),
(198, 56, 'Highlight Top', '#78D863', 2),
(199, 56, 'Highlight Bottom', '#CAECC4', 3),
(200, 57, 'Apples', '#EC3F41', 0),
(201, 57, 'Leaves', '#6BB944', 1),
(202, 58, 'Outline', '#B2884D', 0),
(203, 58, 'Fill', '#CA9A56', 1),
(204, 59, 'Outline', '#E880B0', 0),
(205, 59, 'Fill', '#F5B7D0', 1),
(206, 59, 'Shadow Outline', '#DD6FA4', 2),
(207, 59, 'Shadow Fill', '#E89CBF', 3),
(208, 60, 'Outline', '#BB1C76', 0),
(209, 60, 'Fill', '#EB458B', 1),
(210, 61, 'Gradient Top', '#196E91', 0),
(212, 61, 'Gradient Bottom', '#7DD0F1', 1),
(213, 61, 'Highlight Top', '#9CDCF4', 2),
(214, 61, 'Highlight Bottom', '#DCF3FD', 3),
(215, 62, 'Color 1', '#7ED0F2', 0),
(216, 62, 'Color 2', '#FAF5AB', 1),
(217, 63, 'Outline', '#E9D461', 0),
(218, 63, 'Fill', '#FAF5AB', 1),
(220, 63, 'Shadow Fill', '#F3E488', 2),
(221, 64, 'Outline', '#E581B1', 0),
(222, 64, 'Fill', '#F3B5CF', 1),
(223, 65, 'Gradient Top', '#02534D', 0),
(225, 65, 'Gradient Bottom', '#02ACA4', 1),
(226, 65, 'Highlight Top', '#3CBEB7', 2),
(227, 65, 'Highlight Bottom', '#84D2D4', 3),
(228, 66, 'Wings', '#F3B5CF', 0),
(229, 66, 'Body', '#69C8C3', 1),
(230, 67, 'Outline', '#6BABDA', 0),
(231, 67, 'Fill', '#9BDBF5', 1),
(233, 67, 'Shadow Fill', '#88C4E9', 2),
(234, 68, 'Outline/Blue Fill', '#1B98D1', 0),
(235, 68, 'Red Fill', '#EC4141', 1),
(236, 69, 'Gradient Top', '#580D36', 0),
(238, 69, 'Gradient Bottom', '#BC1D75', 1),
(239, 69, 'Highlight Top', '#D9539D', 2),
(240, 69, 'Highlight Bottom', '#FCB6DF', 3),
(241, 70, 'Cloud Outline/Blue Streak', '#1B98D1', 0),
(242, 70, 'Red Streak', '#EC4141', 2),
(243, 68, 'Orange Fill', '#EF7135', 2),
(244, 68, 'Yellow Fill', '#FAF5AB', 3),
(245, 68, 'Green Fill', '#5FBB4E', 4),
(246, 68, 'Purple Fill', '#632E86', 5),
(247, 70, 'Yellow Streak', '#FDE85F', 3),
(248, 71, 'Outline', '#BDC1C2', 0),
(249, 71, 'Fill', '#EAEEF0', 1),
(251, 71, 'Shadow Fill', '#DFE4E3', 2),
(252, 72, 'Outline/Normal Gradient Dark', '#4A1767', 0),
(253, 72, 'Fill', '#5E50A0', 2),
(254, 73, 'Gradient Top', '#20476B', 0),
(256, 73, 'Gradient Bottom', '#3977B8', 1),
(257, 73, 'Highlight Top', '#5693CF', 2),
(258, 73, 'Highlight Bottom', '#76ADE5', 3),
(259, 74, 'Strokes', '#2696CB', 0),
(260, 74, 'Fill', '#7DD1F5', 1),
(261, 72, 'Pale Gradient Dark', '#482566', 3),
(262, 72, 'Pale Gradient Light', '#7A4B96', 4),
(263, 72, 'Normal Gradient Light', '#794897', 1),
(264, 73, 'Eyeshadow', '#B8E1F0', 4),
(265, 75, 'Purple Outline', '#985E9F', 0),
(266, 75, 'Purple Fill', '#C290C6', 1),
(267, 75, 'Green Outline', '#96CE7D', 2),
(268, 75, 'Green Fill', '#D5EBAD', 3),
(269, 76, 'Outline', '#2E992E', 0),
(270, 76, 'Fill', '#50C356', 1),
(271, 77, 'Gradient Top', '#277915', 0),
(273, 77, 'Gradient Bottom', '#5EBA4A', 1),
(274, 77, 'Highlight Top', '#77D963', 2),
(275, 77, 'Highlight Bottom', '#CAECC3', 3),
(276, 78, 'Outline', '#DCF188', 0),
(277, 78, 'Fill', '#AFD95E', 1),
(278, 75, 'Soles', '#AF72B6', 4),
(279, 79, 'Teeth', '#94B5B3', 0),
(280, 79, 'Tongue', '#F997C8', 1),
(281, 79, 'Mouth', '#973365', 2),
(282, 80, 'Aura', '#82C1DC', 0),
(283, 81, 'Outline', '#457BBB', 0),
(284, 81, 'Fill', '#81C3EA', 1),
(285, 81, 'Shadow Fill', '#7ABAE5', 2),
(286, 82, 'Dark Outline', '#303296', 0),
(287, 82, 'Dark Fill', '#393CB0', 1),
(288, 82, 'Light Outline', '#9E9FDC', 2),
(289, 82, 'Light Fill', '#CED0EC', 3),
(290, 83, 'Gradient Top', '#1F205D', 0),
(291, 83, 'Gradient Bottom', '#526BCB', 1),
(292, 83, 'Highlight Top', '#AAAAF8', 2),
(293, 83, 'Highlight Bottom', '#DBDCFC', 3),
(294, 84, 'Base', '#DBBF0F', 0),
(295, 84, 'Base Highlight', '#FBEB98', 1),
(296, 84, 'Glass', '#BFEAF8', 2),
(297, 84, 'Sand', '#D4CF97', 3),
(298, 85, 'Outline', '#BEB789', 0),
(299, 85, 'Fill', '#F9FAED', 1),
(301, 85, 'Shadow Fill', '#E0DEC1', 2),
(302, 86, 'Outline', '#DE83CD', 0),
(303, 86, 'Fill', '#F8AAE5', 1),
(304, 87, 'Gradient Top', '#015B56', 0),
(306, 87, 'Gradient Bottom', '#6BF0ED', 1),
(307, 87, 'Highlight Top', '#B1F0F4', 2),
(308, 87, 'Highlight Bottom', '#D5F9FB', 3),
(309, 88, 'Stars', '#B6E0F7', 0),
(311, 89, 'Outline', '#EFBD3B', 0),
(312, 89, 'Fill', '#FBFC63', 1),
(314, 89, 'Shadow Fill', '#F7E253', 2),
(315, 90, 'Outline', '#3695B5', 0),
(316, 90, 'Fill 1', '#68B5CF', 1),
(317, 91, 'Gradient Top', '#580D36', 0),
(319, 91, 'Gradient Bottom', '#BC1D75', 1),
(320, 91, 'Highlight Top', '#D9539D', 2),
(321, 91, 'Highlight Bottom', '#FCB6DF', 3),
(322, 92, 'Blue Outline', '#63B5CB', 0),
(323, 92, 'Blue Fill', '#A2D7E1', 1),
(324, 90, 'Fill 2', '#7BCBE1', 2),
(325, 92, 'Green Outline', '#96DC51', 2),
(326, 92, 'Green Fill', '#BAEF85', 3),
(327, 93, 'Outline', '#ACC849', 0),
(328, 93, 'Fill', '#D2EA91', 1),
(329, 93, 'Shadow Outline', '#A4C040', 2),
(330, 93, 'Shadow Fill', '#BDD56C', 3),
(331, 94, 'Outline', '#ADD9D5', 0),
(332, 94, 'Fill', '#FFFFFF', 1),
(333, 95, 'Gradient Top', '#EC565C', 0),
(335, 95, 'Gradient Bottom', '#F49A43', 1),
(338, 96, 'Plate Fill 1', '#9AA596', 0),
(339, 96, 'Plate Fill 2', '#A2AF9D', 1),
(340, 96, 'Plate Fill 3', '#B2BEAC', 2),
(341, 96, 'Pie FIll 1', '#B68145', 3),
(342, 96, 'Pie FIll 2', '#D29752', 4),
(343, 96, 'Pie FIll 3', '#E4A95A', 5),
(344, 96, 'Pie FIll 4', '#FBB963', 6),
(345, 97, 'Outline', '#F58950', 0),
(346, 97, 'Fill', '#FABA63', 1),
(347, 97, 'Apples', '#EB575A', 2),
(348, 97, 'Stems', '#7CA42A', 3),
(349, 97, 'Frill Outline', '#ADD9D5', 4),
(350, 97, 'Frill Fill', '#FFFFFF', 5),
(351, 98, 'Outline', '#3DBAC9', 0),
(352, 98, 'Fill', '#8BD8DF', 1),
(354, 98, 'Shadow Fill', '#6ECAD5', 2),
(355, 99, 'Outline', '#A6E9F9', 0),
(356, 99, 'Fill', '#FFFFFF', 1),
(357, 100, 'Gradient Top', '#320141', 0),
(359, 100, 'Gradient Bottom', '#F990D1', 1),
(360, 100, 'Highlight Top', '#D53AB6', 2),
(361, 100, 'Highlight Bottom', '#FDCAE9', 3),
(362, 101, 'Air Wave', '#FCFF98', 0),
(363, 101, 'Horseshoe', '#3797C7', 1),
(364, 99, 'Blue Fill', '#D4F3FC', 2),
(365, 101, 'Horseshoe Dots', '#FFFFFF', 2),
(366, 102, 'Outline', '#D8971C', 0),
(367, 102, 'Fill', '#F3E365', 1),
(368, 102, 'Shadow Outline', '#C18719', 2),
(369, 102, 'Shadow Fill', '#DACB5A', 3),
(370, 103, 'Outline', '#AC240B', 0),
(371, 103, 'Fill 1', '#FA8A24', 1),
(372, 104, 'Gradient Top', '#B74729', 0),
(374, 104, 'Gradient Bottom', '#F48F66', 1),
(377, 105, 'Outline', '#AA4300', 0),
(378, 105, 'Fill 1', '#E37B00', 1),
(379, 103, 'Fill 2', '#DF5C0A', 2),
(380, 105, 'Fill 2', '#FDBF36', 2),
(381, 104, 'Eyeshadow', '#7FA2C3', 2),
(382, 106, 'Outline', '#75C0C8', 0),
(383, 106, 'Fill', '#DEF2F0', 1),
(384, 107, 'Outline', '#552E66', 0),
(385, 107, 'Fill 1', '#743E8A', 1),
(386, 107, 'Fill 2', '#A775BE', 2),
(387, 107, 'Shadow Outline', '#4A295A', 3),
(388, 107, 'Shadow Fill 1', '#69377D', 4),
(389, 107, 'Shadow Fill 2', '#9568AA', 5),
(390, 58, 'Hair Tie', '#EC3F41', 2),
(392, 70, 'Cloud Fill', '#FFFFFF', 1),
(394, 108, 'Outline', '#6BABDA', 0),
(395, 108, 'Fill', '#9CDBF5', 1),
(397, 108, 'Shadow Fill', '#89C7EB', 2),
(398, 109, 'Outline', '#52574C', 0),
(399, 109, 'Fill 1', '#8E9783', 1),
(400, 110, 'Gradient Top', '#CB9932', 0),
(402, 110, 'Gradient Bottom', '#FCEBA5', 1),
(405, 111, 'Helmet Fill 1', '#48412C', 0),
(406, 111, 'Helmet Fill 2', '#7C704C', 1),
(407, 109, 'Fill 2', '#777B6C', 2),
(408, 109, 'Shadow Fill', '#585B52', 3),
(409, 110, 'Eyebrows', '#53564D', 2),
(410, 112, 'Outline', '#324649', 0),
(411, 112, 'Fill 1', '#507276', 1),
(412, 112, 'Fill 2', '#A9AE82', 2),
(413, 112, 'Sleeve Patch', '#BEC99D', 3),
(414, 112, 'Zipper Outline', '#77ACA8', 4),
(415, 112, 'Zipper Fill', '#C2DFE3', 5),
(416, 112, 'Fur Outline', '#41585B', 6),
(417, 112, 'Fur Fill', '#AAAE82', 7),
(418, 113, 'Outline', '#D7D78C', 0),
(419, 113, 'Fill', '#FAFCEE', 1),
(420, 114, 'Outline', '#8E6E21', 0),
(421, 114, 'Fill 1', '#E2D23B', 1),
(422, 114, 'Fill 2', '#EFE89A', 2),
(423, 111, 'Helmet Fill 3', '#C1AE73', 2),
(424, 111, 'Helmet Shadow Fill', '#1E1D11', 3),
(425, 111, 'Strap Fill', '#629672', 4),
(426, 111, 'Strap Holes', '#35462A', 5),
(427, 111, 'Wing Outline', '#D3D8A0', 6),
(428, 111, 'Wing Fill', '#F7F8DC', 7),
(429, 111, 'Goggles Rim', '#313131', 8),
(430, 111, 'Goggles Fill 1', '#3AD0F5', 9),
(431, 111, 'Goggles Fill 2', '#D7F5FB', 10),
(432, 111, 'Goggles Fill 3 (At rim)', '#2BA9C4', 11),
(433, 115, 'Outline', '#A3C6BC', 0),
(434, 115, 'Fill', '#FFFFFF', 1),
(435, 116, 'Outline', '#FD80C6', 0),
(436, 116, 'Fill', '#FFC3E5', 1),
(437, 116, 'Shadow Outline', '#F673B8', 2),
(438, 116, 'Shadow Fill', '#FFB0D8', 3),
(439, 117, 'Outline', '#533251', 0),
(440, 117, 'Fill', '#955495', 1),
(441, 118, 'Gradient Top', '#681D46', 0),
(443, 118, 'Gradient Bottom', '#CD2F89', 1),
(444, 118, 'Highlight Top', '#EB64B1', 2),
(445, 118, 'Highlight Bottom', '#FFBFE7', 3),
(446, 119, 'Candy 1', '#FD81BA', 0),
(447, 119, 'Candy 2', '#FEAD89', 1),
(448, 119, 'Candy 3', '#FFD77C', 2),
(449, 119, 'Cup Top', '#7FC9C7', 4),
(450, 119, 'Cup Fill 1', '#A2E3BE', 5),
(451, 119, 'Cup Fill 2', '#BFF7C6', 6),
(452, 119, 'Cupcake Fill 1', '#C477C6', 7),
(453, 119, 'Cupcake Fill 2', '#E0A5E0', 8),
(454, 119, 'Cherry Fill', '#FD696D', 9),
(455, 119, 'Cherry Stroke', '#C8454F', 10),
(456, 119, 'Cherry Stem', '#57334E', 11),
(457, 119, 'Candy Highlight', '#FFFFFF', 3),
(458, 120, 'Magic', '#47C0CC', 0),
(459, 121, 'Outline 1', '#13A9A9', 0),
(460, 121, 'Fill 1', '#0FDAD9', 1),
(461, 121, 'Outline 2', '#89CBC8', 2),
(462, 121, 'Fill 2', '#D1FEEC', 3),
(463, 122, 'Outline', '#D9C574', 0),
(464, 122, 'Fill', '#F3F49B', 1),
(465, 122, 'Shadow Outline', '#D5C167', 2),
(466, 122, 'Shadow Fill', '#E6DC7F', 3),
(467, 123, 'Outline', '#C52452', 0),
(468, 123, 'Fill', '#F5415F', 1),
(469, 124, 'Gradient Top', '#ED585A', 0),
(471, 124, 'Gradient Bottom', '#FBA93F', 1),
(472, 124, 'Highlight Top', '#FCC657', 2),
(473, 124, 'Highlight Bottom', '#FEE27A', 3),
(476, 126, 'Outline', '#F37033', 0),
(477, 126, 'Fill', '#F9B764', 1),
(478, 126, 'Shadow Outline', '#EA6B2B', 2),
(479, 126, 'Shadow Fill', '#F0AA56', 3),
(480, 127, 'Outline', '#BD1F77', 0),
(481, 127, 'Fill', '#BF5D93', 1),
(482, 128, 'Gradient Top', '#482562', 0),
(484, 128, 'Gradient Bottom', '#B28EC0', 1),
(485, 128, 'Highlight Top', '#C5A6D0', 2),
(486, 128, 'Highlight Bottom', '#E7CEE4', 3),
(489, 130, 'Outline', '#C72965', 0),
(490, 130, 'Fill 1', '#F35F91', 1),
(491, 130, 'Fill 2', '#EC438C', 2),
(492, 131, 'Outline', '#CEC8D1', 0),
(493, 131, 'Fill', '#EFEDED', 1),
(495, 131, 'Shadow Fill', '#E0DDE3', 2),
(496, 132, 'Outline', '#785B88', 0),
(497, 132, 'Fill 1', '#B28DC1', 1),
(498, 133, 'Gradient Top', '#629558', 0),
(500, 133, 'Gradient Bottom', '#AED79E', 1),
(501, 133, 'Highlight Top', '#CBE4BE', 2),
(502, 133, 'Highlight Bottom', '#F4F8ED', 3),
(505, 132, 'Fill 2', '#F6B8D2', 2);

CREATE TABLE IF NOT EXISTS `ponies` (
  `id` int(11) NOT NULL,
  `label` tinytext NOT NULL,
  `notes` tinytext NOT NULL,
  `added` timestamp NOT NULL DEFAULT CURRENT_TIMESTAMP
) ENGINE=InnoDB AUTO_INCREMENT=123 DEFAULT CHARSET=utf8;

INSERT INTO `ponies` (`id`, `label`, `notes`, `added`) VALUES
(1, 'Applejack', '', '2015-09-21 18:46:54'),
(2, 'Fluttershy', '', '2015-09-21 18:54:47'),
(3, 'Pinkie Pie', 'Far legs use darker colors.', '2015-09-21 18:52:26'),
(4, 'Rainbow Dash', '', '2015-09-21 19:01:33'),
(5, 'Rarity', '', '2015-09-21 19:18:24'),
(6, 'Twilight Sparkle', 'Far legs use darker colors.', '2015-08-24 19:04:32'),
(7, 'Spike', '', '2015-09-21 19:43:59'),
(100, 'Colgate / Minuette', 'Her magic aura color is unknown.\r\nFor convenience, the color of the glass on her cutie mark is solid rather than transparent and overlaid on top of the others.', '2015-07-25 14:49:44'),
(102, 'Derpy / Muffins', 'From S509 - Slice of Life', '2015-08-26 03:53:49'),
(103, 'Lyra Heartstrings', 'From S5E09 - Slice of Life', '2015-08-26 04:08:33'),
(104, 'Whoa Nelly', '', '2015-09-17 03:43:22'),
(105, 'Fashion Plate', '', '2015-09-17 04:02:26'),
(106, 'Sassy Saddles', 'From S5E14 Canterlot Boutique', '2015-09-17 04:22:20'),
(113, 'Twinkleshine', '', '2015-09-21 20:25:31'),
(114, 'Lemon Hearts', '', '2015-09-21 20:30:06'),
(115, 'Granny Smith', '', '2015-09-21 20:37:57'),
(116, 'Fleetfoot', '', '2015-09-21 20:58:56'),
(117, 'Stormy Flare', '', '2015-09-22 05:20:14'),
(118, 'Wind Rider', '', '2015-09-24 04:35:32'),
(119, 'Sugar Belle', '', '2015-09-24 10:44:18'),
(120, 'Apple Bloom', '', '2015-09-24 12:01:03'),
(121, 'Scootaloo', '', '2015-09-24 12:06:23'),
(122, 'Sweetie Belle', '', '2015-09-24 12:09:41');

CREATE TABLE IF NOT EXISTS `tagged` (
  `tid` int(11) NOT NULL,
  `ponyid` int(11) NOT NULL
) ENGINE=InnoDB DEFAULT CHARSET=utf8;

INSERT INTO `tagged` (`tid`, `ponyid`) VALUES
(2, 1),
(6, 1),
(12, 1),
(22, 1),
(3, 2),
(6, 2),
(12, 2),
(24, 2),
(2, 3),
(6, 3),
(12, 3),
(23, 3),
(3, 4),
(6, 4),
(12, 4),
(25, 4),
(1, 5),
(6, 5),
(12, 5),
(26, 5),
(4, 6),
(6, 6),
(12, 6),
(14, 6),
(6, 7),
(11, 7),
(29, 7),
(30, 7),
(1, 100),
(7, 100),
(12, 100),
(31, 100),
(3, 102),
(7, 102),
(12, 102),
(1, 103),
(7, 103),
(12, 103),
(32, 103),
(1, 104),
(8, 104),
(12, 104),
(43, 104),
(1, 105),
(7, 105),
(11, 105),
(33, 105),
(43, 105),
(1, 106),
(7, 106),
(12, 106),
(34, 106),
(1, 113),
(7, 113),
(12, 113),
(35, 113),
(1, 114),
(7, 114),
(12, 114),
(36, 114),
(2, 115),
(7, 115),
(12, 115),
(28, 115),
(37, 115),
(3, 116),
(7, 116),
(12, 116),
(27, 116),
(38, 116),
(3, 117),
(7, 117),
(12, 117),
(28, 117),
(39, 117),
(42, 117),
(3, 118),
(7, 118),
(11, 118),
(27, 118),
(40, 118),
(42, 118),
(1, 119),
(7, 119),
(12, 119),
(41, 119),
(2, 120),
(7, 120),
(12, 120),
(44, 120),
(45, 120),
(46, 120),
(3, 121),
(7, 121),
(12, 121),
(44, 121),
(45, 121),
(47, 121),
(1, 122),
(7, 122),
(12, 122),
(44, 122),
(45, 122),
(48, 122);

CREATE TABLE IF NOT EXISTS `tags` (
  `tid` int(11) NOT NULL,
  `name` varchar(25) NOT NULL,
  `title` tinytext NOT NULL,
  `type` enum('spec','gen','cat','app','ep','char') DEFAULT NULL,
  `uses` int(11) NOT NULL DEFAULT '0'
) ENGINE=InnoDB AUTO_INCREMENT=49 DEFAULT CHARSET=utf8;

INSERT INTO `tags` (`tid`, `name`, `title`, `type`, `uses`) VALUES
(1, 'unicorn', '', 'spec', 10),
(2, 'earth pony', '', 'spec', 4),
(3, 'pegasus', '', 'spec', 7),
(4, 'alicorn', '', 'spec', 1),
(5, 'bat pony', '', 'spec', 0),
(6, 'mane six', 'Ponies who are one of the show''s six main characters', 'cat', 7),
(7, 'minor character', 'Ponies who had a speaking role and/or interacted with the mane six', 'cat', 15),
(8, 'background character', 'Ponies whose only purpose is filling crowds, with no to minimal speaking roles', 'cat', 1),
(9, 'antagonist', '', 'cat', 0),
(10, 'pet', '', 'cat', 0),
(11, 'male', '', 'gen', 3),
(12, 'female', '', 'gen', 20),
(14, 'twilight sparkle', '', 'char', 1),
(15, 'gala dress', 'All gala dress colors', 'app', 0),
(16, 'human', 'Refers to Equestria Girls characters', 'spec', 0),
(19, 's1e1', '', 'ep', 0),
(20, 's1e26', '', 'ep', 0),
(21, 's5e12', '', 'ep', 0),
(22, 'applejack', '', 'char', 1),
(23, 'pinkie pie', '', 'char', 1),
(24, 'fluttershy', '', 'char', 1),
(25, 'rainbow dash', '', 'char', 1),
(26, 'rarity', '', 'char', 1),
(27, 'wonderbolt', 'Wonderbolt characters', 'cat', 2),
(28, 'parent', 'Parents of other characters', 'cat', 2),
(29, 'dragon', '', 'spec', 1),
(30, 'spike', '', 'char', 1),
(31, 'minuette', '', 'char', 1),
(32, 'lyra heartstrings', '', 'char', 1),
(33, 'fashion plate', '', 'char', 1),
(34, 'sassy saddles', '', 'char', 1),
(35, 'twinkleshine', '', 'char', 1),
(36, 'lemon hearts', '', 'char', 1),
(37, 'granny smith', '', 'char', 1),
(38, 'fleetfoot', '', 'char', 1),
(39, 'stormy flare', '', 'char', 1),
(40, 'wind rider', '', 'char', 1),
(41, 'sugar belle', '', 'char', 0),
(42, 's5e15', '', 'ep', 2),
(43, 's5e14', '', 'ep', 2),
(44, 'foal', '', 'cat', 3),
(45, 'cutie mark crusader', '', 'cat', 3),
(46, 'apple bloom', '', 'char', 0),
(47, 'scootaloo', '', 'char', 0),
(48, 'sweetie belle', '', 'char', 0);


ALTER TABLE `colorgroups`
  ADD PRIMARY KEY (`groupid`),
  ADD UNIQUE KEY `groupid` (`groupid`,`ponyid`,`label`),
  ADD KEY `ponyid` (`ponyid`);

ALTER TABLE `colors`
  ADD PRIMARY KEY (`colorid`),
  ADD KEY `groupid` (`groupid`);

ALTER TABLE `ponies`
  ADD PRIMARY KEY (`id`);

ALTER TABLE `tagged`
  ADD PRIMARY KEY (`tid`,`ponyid`),
  ADD KEY `ponyid` (`ponyid`);

ALTER TABLE `tags`
  ADD PRIMARY KEY (`tid`);


ALTER TABLE `colorgroups`
  MODIFY `groupid` int(11) NOT NULL AUTO_INCREMENT,AUTO_INCREMENT=135;
ALTER TABLE `colors`
  MODIFY `colorid` int(11) NOT NULL AUTO_INCREMENT,AUTO_INCREMENT=506;
ALTER TABLE `ponies`
  MODIFY `id` int(11) NOT NULL AUTO_INCREMENT,AUTO_INCREMENT=123;
ALTER TABLE `tags`
  MODIFY `tid` int(11) NOT NULL AUTO_INCREMENT,AUTO_INCREMENT=49;

ALTER TABLE `colorgroups`
  ADD CONSTRAINT `colorgroups_ibfk_1` FOREIGN KEY (`ponyid`) REFERENCES `ponies` (`id`) ON DELETE CASCADE ON UPDATE CASCADE;

ALTER TABLE `colors`
  ADD CONSTRAINT `colors_ibfk_1` FOREIGN KEY (`groupid`) REFERENCES `colorgroups` (`groupid`) ON DELETE CASCADE ON UPDATE CASCADE;

ALTER TABLE `tagged`
  ADD CONSTRAINT `tagged_ibfk_1` FOREIGN KEY (`tid`) REFERENCES `tags` (`tid`) ON DELETE CASCADE ON UPDATE CASCADE,
  ADD CONSTRAINT `tagged_ibfk_2` FOREIGN KEY (`ponyid`) REFERENCES `ponies` (`id`) ON DELETE CASCADE ON UPDATE CASCADE;

/*!40101 SET CHARACTER_SET_CLIENT=@OLD_CHARACTER_SET_CLIENT */;
/*!40101 SET CHARACTER_SET_RESULTS=@OLD_CHARACTER_SET_RESULTS */;
/*!40101 SET COLLATION_CONNECTION=@OLD_COLLATION_CONNECTION */;
