--
-- PostgreSQL database dump
--

-- Dumped from database version 9.5.4
-- Dumped by pg_dump version 9.5.4

SET statement_timeout = 0;
SET lock_timeout = 0;
SET client_encoding = 'UTF8';
SET standard_conforming_strings = on;
SET check_function_bodies = false;
SET client_min_messages = warning;
SET row_security = off;

--
-- Name: plpgsql; Type: EXTENSION; Schema: -; Owner: 
--

CREATE EXTENSION IF NOT EXISTS plpgsql WITH SCHEMA pg_catalog;


--
-- Name: EXTENSION plpgsql; Type: COMMENT; Schema: -; Owner: 
--

COMMENT ON EXTENSION plpgsql IS 'PL/pgSQL procedural language';


SET search_path = public, pg_catalog;

SET default_tablespace = '';

SET default_with_oids = false;

--
-- Name: appearance_relations; Type: TABLE; Schema: public; Owner: mlpvc-rr
--

CREATE TABLE appearance_relations (
    source integer NOT NULL,
    target integer NOT NULL
);


ALTER TABLE appearance_relations OWNER TO "mlpvc-rr";

--
-- Name: appearances; Type: TABLE; Schema: public; Owner: mlpvc-rr
--

CREATE TABLE appearances (
    id integer NOT NULL,
    "order" integer,
    label character varying(70) NOT NULL,
    notes text NOT NULL,
    cm_favme character varying(20),
    ishuman boolean NOT NULL,
    added timestamp with time zone DEFAULT now(),
    cm_preview character varying(255),
    cm_dir boolean
);


ALTER TABLE appearances OWNER TO "mlpvc-rr";

--
-- Name: appearances_id_seq; Type: SEQUENCE; Schema: public; Owner: mlpvc-rr
--

CREATE SEQUENCE appearances_id_seq
    START WITH 1
    INCREMENT BY 1
    NO MINVALUE
    NO MAXVALUE
    CACHE 1;


ALTER TABLE appearances_id_seq OWNER TO "mlpvc-rr";

--
-- Name: appearances_id_seq; Type: SEQUENCE OWNED BY; Schema: public; Owner: mlpvc-rr
--

ALTER SEQUENCE appearances_id_seq OWNED BY appearances.id;


--
-- Name: colorgroups; Type: TABLE; Schema: public; Owner: mlpvc-rr
--

CREATE TABLE colorgroups (
    groupid integer NOT NULL,
    ponyid integer NOT NULL,
    label character varying(255) NOT NULL,
    "order" integer DEFAULT 0 NOT NULL
);


ALTER TABLE colorgroups OWNER TO "mlpvc-rr";

--
-- Name: colorgroups_groupid_seq; Type: SEQUENCE; Schema: public; Owner: mlpvc-rr
--

CREATE SEQUENCE colorgroups_groupid_seq
    START WITH 1
    INCREMENT BY 1
    NO MINVALUE
    NO MAXVALUE
    CACHE 1;


ALTER TABLE colorgroups_groupid_seq OWNER TO "mlpvc-rr";

--
-- Name: colorgroups_groupid_seq; Type: SEQUENCE OWNED BY; Schema: public; Owner: mlpvc-rr
--

ALTER SEQUENCE colorgroups_groupid_seq OWNED BY colorgroups.groupid;


--
-- Name: colors; Type: TABLE; Schema: public; Owner: mlpvc-rr
--

CREATE TABLE colors (
    groupid integer NOT NULL,
    "order" integer,
    label character varying(255) NOT NULL,
    hex character(7)
);


ALTER TABLE colors OWNER TO "mlpvc-rr";

--
-- Name: tagged; Type: TABLE; Schema: public; Owner: mlpvc-rr
--

CREATE TABLE tagged (
    tid integer NOT NULL,
    ponyid integer NOT NULL
);


ALTER TABLE tagged OWNER TO "mlpvc-rr";

--
-- Name: tags; Type: TABLE; Schema: public; Owner: mlpvc-rr
--

CREATE TABLE tags (
    tid integer NOT NULL,
    name character varying(30) NOT NULL,
    title character varying(255),
    type character varying(4),
    uses integer DEFAULT 0 NOT NULL,
    synonym_of integer
);


ALTER TABLE tags OWNER TO "mlpvc-rr";

--
-- Name: tags_tid_seq; Type: SEQUENCE; Schema: public; Owner: mlpvc-rr
--

CREATE SEQUENCE tags_tid_seq
    START WITH 1
    INCREMENT BY 1
    NO MINVALUE
    NO MAXVALUE
    CACHE 1;


ALTER TABLE tags_tid_seq OWNER TO "mlpvc-rr";

--
-- Name: tags_tid_seq; Type: SEQUENCE OWNED BY; Schema: public; Owner: mlpvc-rr
--

ALTER SEQUENCE tags_tid_seq OWNED BY tags.tid;


--
-- Name: id; Type: DEFAULT; Schema: public; Owner: mlpvc-rr
--

ALTER TABLE ONLY appearances ALTER COLUMN id SET DEFAULT nextval('appearances_id_seq'::regclass);


--
-- Name: groupid; Type: DEFAULT; Schema: public; Owner: mlpvc-rr
--

ALTER TABLE ONLY colorgroups ALTER COLUMN groupid SET DEFAULT nextval('colorgroups_groupid_seq'::regclass);


--
-- Name: tid; Type: DEFAULT; Schema: public; Owner: mlpvc-rr
--

ALTER TABLE ONLY tags ALTER COLUMN tid SET DEFAULT nextval('tags_tid_seq'::regclass);


--
-- Data for Name: appearance_relations; Type: TABLE DATA; Schema: public; Owner: mlpvc-rr
--

INSERT INTO appearance_relations VALUES
(57, 191);


--
-- Data for Name: appearances; Type: TABLE DATA; Schema: public; Owner: mlpvc-rr
--

INSERT INTO appearances VALUES
(0, 0, 'Universal colors', 'These colors apply to most characters in the show. Use these unless a different color is specified.
<strong>Eye Shines:</strong> Use for eye reflections, sclera and teeth.
<strong>Eye Pupil:</strong> Use for eye pupil, eyelashes, eye outlines and on eyelids (for emotional turmoil at ~5-15% opacity)
<strong>Tears:</strong> Always apply the opacity to the entire shape/group to prevent the fill''s edges showing under the outline.', NULL, false, '2015-12-03 16:57:59.671+01', NULL, NULL),
(1, 1, 'Twilight Sparkle', 'Far legs use darker colors.', 'd64bqyo', false, '2015-08-24 21:04:32+02', 'https://t13.deviantart.net/8twEAhylviCkDzLHlRSYTwHK--w=/fit-in/300x900/filters:no_upscale():origin()/pre01/05dd/th/pre/i/2016/057/8/c/twi_cm_01_by_yanoda-d9t73dw.png', false),
(2, 2, 'Applejack', '', 'd64bqyo', false, '2015-09-21 20:46:54+02', 'https://t00.deviantart.net/8If9-kBD7ov_ynkptkglfKzMN8Q=/fit-in/300x900/filters:no_upscale():origin()/pre09/0137/th/pre/i/2016/057/3/1/aj_cm_01_by_yanoda-d9t73dl.png', true),
(3, 3, 'Fluttershy', '', 'd64bqyo', false, '2015-09-21 20:54:47+02', 'https://t08.deviantart.net/1iZycwET2sN-PJlza0A2LAYrNoE=/fit-in/300x900/filters:no_upscale():origin()/pre00/871e/th/pre/i/2016/057/2/f/fs_cm_01_by_yanoda-d9t73fr.png', true),
(4, 4, 'Pinkie Pie', 'Far legs use darker colors.', 'd64bqyo', false, '2015-09-21 20:52:26+02', 'https://t09.deviantart.net/GnocLI7ZiKlshvMhY6HfvA6jzAg=/fit-in/300x900/filters:no_upscale():origin()/pre08/b7e1/th/pre/i/2016/057/8/c/pp_cm_01_by_yanoda-d9t73fg.png', false),
(5, 5, 'Rainbow Dash', '', 'd64bqyo', false, '2015-09-21 21:01:33+02', 'https://t13.deviantart.net/m2KYnWjhbnJXtkCpkDZpCZ9BcZ8=/fit-in/300x900/filters:no_upscale():origin()/pre07/a75b/th/pre/i/2016/057/9/9/rd_cm_01_by_yanoda-d9t73ee.png', false),
(6, 6, 'Rarity', '', 'd64bqyo', false, '2015-09-21 21:18:24+02', 'https://t01.deviantart.net/fZRfRW57fKrGw-eZ2--1lO8f4f0=/fit-in/300x900/filters:no_upscale():origin()/pre00/b9a8/th/pre/i/2016/057/4/5/rar_cm_01_by_yanoda-d9t73ex.png', false),
(7, 7, 'Spike', '', NULL, false, '2015-09-21 21:43:59+02', NULL, NULL),
(9, 14, 'Princess Luna', 'Luna''s ears should have pointed tips.', NULL, false, '2015-09-29 20:55:38+02', NULL, NULL),
(10, 50, 'Minuette', 'For convenience, the color of the glass on her cutie mark is solid rather than transparent, thus the sand should be above.', 'da9hno4', false, '2015-07-25 16:49:44+02', NULL, false),
(11, 82, 'Derpy Hooves / Muffins', 'Far legs use darker colors.
Her top iris highlight is the same color as the bottom stop on the iris gradient.', 'da27cuh', false, '2015-08-26 05:53:49+02', NULL, true),
(12, 53, 'Lyra Heartstrings', '', 'da97br3', false, '2015-08-26 06:08:33+02', NULL, false),
(13, 68, 'Whoa Nelly', 'Special eyeball color.
Cutie Mark head colors are different from normal ones.', NULL, false, '2015-09-17 05:43:22+02', NULL, NULL),
(14, 67, 'Fashion Plate', 'Far legs use darker colors.', NULL, false, '2015-09-17 06:02:26+02', NULL, NULL),
(15, 65, 'Sassy Saddles', '', NULL, false, '2015-09-17 06:22:20+02', NULL, NULL),
(16, 51, 'Twinkleshine', '', 'd6t4847', false, '2015-09-21 22:25:31+02', 'https://t04.deviantart.net/L7nV-nZeMYTG1jrGAAFlZv37ZZo=/fit-in/300x900/filters:no_upscale():origin()/pre08/92fa/th/pre/f/2016/181/a/6/twinkleshine_cm_preview_by_djdavid98-da87h7c.png', true),
(17, 52, 'Lemon Hearts', '', NULL, false, '2015-09-21 22:30:06+02', NULL, NULL),
(18, 103, 'Granny Smith', 'Far legs use darker colors.', NULL, false, '2015-09-21 22:37:57+02', NULL, NULL),
(19, 83, 'Fleetfoot', '', 'd97x7vd', false, '2015-09-21 22:58:56+02', NULL, true),
(20, 94, 'Stormy Flare', 'Only has one eye shine.
Far legs use darker colors.', 'd9acleq', false, '2015-09-22 07:20:14+02', NULL, false),
(21, 95, 'Wind Rider', 'Teeth use a different color than normal.', 'd9ao1qp', false, '2015-09-24 06:35:32+02', NULL, true),
(22, 63, 'Sugar Belle', 'Far legs use darker colors.', NULL, false, '2015-09-24 12:44:18+02', NULL, NULL),
(23, 8, 'Apple Bloom', 'Far legs use darker colors.
Cutie Mark colors subject to change on further episodes.', NULL, false, '2015-09-24 14:01:03+02', NULL, NULL),
(24, 9, 'Scootaloo', 'Far legs use darker colors.
Cutie Mark colors subject to change on further episodes.', NULL, false, '2015-09-24 14:06:23+02', NULL, NULL),
(25, 10, 'Sweetie Belle', 'Cutie Mark colors subject to change on further episodes.', NULL, false, '2015-09-24 14:09:41+02', NULL, NULL),
(26, 93, 'Night Glider', '', 'd8oovxh', false, '2015-09-26 17:03:43+02', NULL, true),
(27, 117, 'Double Diamond', 'Far legs use darker colors.', 'da8pwr4', false, '2015-09-26 19:22:19+02', NULL, false),
(28, 64, 'Party Favor', 'Magic aura color is unknown.', NULL, false, '2015-09-26 19:34:42+02', NULL, NULL),
(29, 62, 'Starlight Glimmer', 'Her cutie mark does not use pure white for the star fill.
Her S6 mane style includes an additional shadow fill color', 'd8old4s', false, '2015-09-26 20:01:51+02', NULL, true),
(30, 110, 'Miss Pommel', 'Far legs use darker colors.', NULL, false, '2015-09-26 23:18:32+02', NULL, NULL),
(31, 23, 'Suri Polomare', 'Far legs use darker colors.', NULL, false, '2015-09-30 07:35:59+02', NULL, NULL),
(32, 21, 'Trixie Lulamoon', 'Eyes don''t have iris highlights.', 'd9bxest', false, '2015-10-03 17:35:08+02', NULL, true),
(33, 157, 'Alicorn Amulet', '', NULL, false, '2015-10-03 18:22:13+02', NULL, NULL),
(34, 13, 'Princess Celestia', 'Make sure to use appropriate references when picking gradient angles and stops. They''ll differ based on the hair shape and angle.', 'dadnimc', false, '2015-10-03 21:26:50+02', NULL, true),
(35, 102, 'Big McIntosh', 'Far legs use darker colors.', 'd9zhgk0', false, '2015-10-04 21:11:42+02', NULL, true),
(36, 61, 'Moon Dancer', 'Far legs use darker colors.', 'd9vcpeu', false, '2015-10-05 07:17:36+02', NULL, true),
(37, 40, 'Dinky Doo', 'From S5E17.
Magic color is unknown.', NULL, false, '2015-10-06 05:39:35+02', NULL, NULL),
(38, 41, 'Ruby Pinch', 'From S5E17.
Magic color is unknown.', NULL, false, '2015-10-06 05:48:24+02', NULL, NULL),
(39, 38, 'Button Mash', 'From S5E18.
Far legs use LIGHTER outlines and fills.', NULL, false, '2015-10-15 05:32:38+02', NULL, NULL),
(40, 42, 'Lily Longsocks', 'From S5E18.', 'd9ct35v', false, '2015-10-16 07:37:56+02', NULL, false),
(44, 15, 'Shining Armor', 'Far legs and hooves use darker colors.
Special eyeball color.', 'd9svi8d', false, '2015-10-23 16:27:32+02', 'https://t02.deviantart.net/UqqzgkZv2R5C9zCyPh3v3UnyXLU=/fit-in/300x900/filters:no_upscale():origin()/pre04/0c2b/th/pre/f/2016/181/0/6/shining_armor_cm_preview_by_djdavid98-da87ggr.png', true),
(45, 49, 'Penny Curve', 'Vector Club Mascot', 'd9e7zgj', false, '2015-10-25 21:10:21+01', NULL, true),
(46, 111, 'Cheese Sandwich', '', 'd74od89', false, '2015-10-26 15:27:27+01', NULL, false),
(50, 114, 'Marble Pie', 'Two different hair outline colors.
Eye gradient should be adjusted (lower on eye) to make sure top highlight is easily distinguished from gradient.', 'd9eeci7', false, '2015-10-31 23:30:14+01', NULL, true),
(51, 113, 'Limestone Pie', '', 'd9eecqj', false, '2015-10-31 23:30:14+01', NULL, true),
(52, 112, 'Maud Pie', 'Far legs use darker colors.', 'd7apvq4', false, '2015-10-31 23:30:14+01', NULL, true),
(53, 115, 'Igneous Rock', 'Far legs use darker colors.', NULL, false, '2015-10-31 23:30:14+01', NULL, NULL),
(54, 116, 'Cloudy Quartz', '', NULL, false, '2015-10-31 23:43:48.197299+01', NULL, NULL),
(55, 80, 'Spitfire', 'Far legs use darker colors.
Eyelid highlight is only visible while Spitfire is wearing her #70 and appears to have been completely removed in Season 6.', 'd5nzngs', false, '2015-11-04 23:58:36.915265+01', NULL, false),
(56, 22, 'Lightning Dust', 'Far legs use LIGHTER outlines and darker fills.
Eyes don''t have iris highlights.', 'd9fl30m', false, '2015-11-05 00:10:40.321984+01', NULL, true),
(57, 20, 'Discord', '', NULL, false, '2015-11-14 04:28:38.262247+01', NULL, NULL),
(58, 118, 'Tree Hugger', 'Darker highlight color matches the bottom iris gradient color.', 'd8u7pz5', false, '2015-11-14 05:07:04.439467+01', NULL, false),
(59, 119, 'Coloratura', '', 'd9hm2yd', false, '2015-11-24 05:28:54.164681+01', NULL, true),
(60, 120, 'Rara (Countess Outfit)', '', NULL, false, '2015-11-24 05:42:00.076945+01', NULL, NULL),
(61, 121, 'Svengallop', '', NULL, false, '2015-11-24 07:28:47.770494+01', NULL, NULL),
(62, 66, 'Sunburst', 'Far legs use darker colors. 
Has no iris highlights.
Glasses don''t seem to have lenses.', 'd9iyv1r', false, '2015-12-01 16:18:10.631048+01', NULL, true),
(63, NULL, 'Sunset Shimmer (EQG, RR)', 'Sunset''s colors from Equestria Girls and Rainbow Rocks.', NULL, true, '2015-12-05 19:17:59.882699+01', NULL, NULL),
(64, 151, 'Angel Bunny', '', NULL, false, '2015-12-18 07:39:19.313917+01', NULL, NULL),
(65, 91, 'Meadow Flower', '', 'd9ko8le', false, '2015-12-19 18:55:09.130305+01', NULL, false),
(66, 37, 'Pipsqueak', '', NULL, false, '2016-01-25 01:43:42.292322+01', NULL, NULL),
(67, 33, 'Silver Spoon', 'Far legs use darker colors.
Necklace highlights are not pure white.', NULL, false, '2016-01-25 03:40:31.20103+01', NULL, NULL),
(68, 88, 'Blossomforth', 'Based on Hurricane Fluttershy', 'd8geiw1', false, '2016-02-11 19:02:12.030258+01', NULL, true),
(69, 54, 'Vinyl Scratch / DJ Pon-3', 'Based on S5E9.', 'd9zhh0l', false, '2016-02-28 00:56:35.641502+01', NULL, true),
(70, 162, 'Wonderbolt Uniform', '', 'da7pd3q', false, '2016-02-29 14:00:08.939447+01', 'https://t01.deviantart.net/KcgLhJh7aDbu3oh1bwJfNG6UI48=/fit-in/300x900/filters:no_upscale():origin()/pre09/4530/th/pre/f/2016/177/0/2/export_by_djdavid98-da7pygz.png', true),
(71, 164, 'Wonderbolt Trainee Uniform', 'The uppermost highlight on the Lead pony and Wingpony badges uses a different color and opacity than the rest.
The lenses of the goggles are comprised of two objects that do not overlap. The fill uses 67% normal blending and the highlight uses 50% overlay blending as far as we can tell.', NULL, false, '2016-02-29 14:12:07.849625+01', NULL, NULL),
(72, 69, 'Sweet Biscuit', '', 'd9tl3qw', false, '2016-03-02 19:41:10.393913+01', NULL, true),
(73, 70, 'Say Cheese', '', 'd9ts8lk', false, '2016-03-02 19:45:22.316553+01', NULL, true),
(74, 34, 'Diamond Tiara', '', NULL, false, '2016-03-06 06:03:33.719822+01', NULL, NULL),
(75, 16, 'Princess Cadance', 'Far legs use darker colors.
Forelock has an outline with a unique color (Short Forelock Outline).', NULL, false, '2016-03-06 16:21:47.689961+01', NULL, NULL),
(76, 109, 'Mayor Mare', '', NULL, false, '2016-03-07 01:23:19.786499+01', NULL, NULL),
(77, 32, 'Twist', 'Far legs use darker colors.', NULL, false, '2016-03-07 03:53:42.051112+01', NULL, NULL),
(78, 11, 'Babs Seed', '', 'd8rnkgc', false, '2016-03-12 07:47:50.907346+01', NULL, true),
(79, 105, 'Cheerilee', 'Far legs use darker colors.', NULL, false, '2016-03-12 08:12:21.28273+01', NULL, NULL),
(80, 106, 'Dr. Hooves / Time Turner', 'For convenience, the color of the glass on his cutie mark is solid rather than transparent, thus the sand should be above.', 'da9gbnl', false, '2016-03-12 16:38:44.973718+01', NULL, false),
(81, 39, 'Featherweight', 'Eyes don''t have iris highlights.', NULL, false, '2016-03-13 15:23:00.43058+01', NULL, NULL),
(82, 24, 'Lord Tirek (1st Form)', 'The nose ring uses the accessory highlight color as the fill.', NULL, false, '2016-03-20 12:16:44.670192+01', NULL, NULL),
(83, 25, 'Lord Tirek (2nd Form)', 'The nose ring uses the accessory highlight color as the fill.', NULL, false, '2016-03-20 13:26:53.906391+01', NULL, NULL),
(84, 26, 'Lord Tirek (3rd Form)', 'The nose ring uses the accessory highlight color as the fill.
The difference between the second and third forms are the body colors.', NULL, false, '2016-03-20 14:35:46.946257+01', NULL, NULL),
(85, 27, 'Lord Tirek (4th Form)', 'The nose ring uses the accessory highlight color as the fill.
The difference between the third and final forms are the body and shadow colors.', NULL, false, '2016-03-20 15:15:11.582008+01', NULL, NULL),
(86, 158, 'Scorpan''s Medallion', '', NULL, false, '2016-03-20 16:08:58.951886+01', NULL, NULL),
(87, 144, 'Rose', 'Far legs use darker colors.', 'd9zhguu', false, '2016-03-25 23:41:37.557224+01', NULL, true),
(88, 17, 'Princess Flurry Heart', '', NULL, false, '2016-03-28 04:08:29.923679+02', NULL, NULL),
(89, 56, 'Twilight Velvet', '', NULL, false, '2016-03-28 05:04:19.54759+02', NULL, NULL),
(91, 57, 'Night Light', '', NULL, false, '2016-03-28 05:10:24.723284+02', NULL, NULL),
(92, 60, 'Trenderhoof', 'Based on S4E13.
Far legs use darker colors. 
Only has one iris highlight.', NULL, false, '2016-03-28 11:13:12.736184+02', NULL, NULL),
(93, 43, 'Zipporwhill', 'Based on S4E14.
Far legs use darker colors. 
Only has one iris highlight.
Glasses don''t seem to have lenses.', NULL, false, '2016-03-28 12:19:48.604527+02', NULL, NULL),
(94, 159, 'Party Cannon', '', NULL, false, '2016-04-04 00:24:37.699874+02', NULL, NULL),
(95, 122, 'Street Rat', '', NULL, false, '2016-04-04 00:47:18.446764+02', NULL, NULL),
(96, 123, 'Copper Top', '', NULL, false, '2016-04-04 01:58:03.047005+02', NULL, NULL),
(97, 90, 'Bulk Biceps', '', 'da7oq90', false, '2016-04-08 05:33:44.359968+02', NULL, false),
(98, 44, 'Tender Taps', 'Far legs use darker colors.
On the Cutie Mark, the spotlight''s base is layered on top of the spotlight.', 'da1icah', false, '2016-04-10 15:03:53.212811+02', NULL, true),
(99, 124, 'Hoofer Steps', '', NULL, false, '2016-04-11 03:44:22.791443+02', NULL, NULL),
(100, 85, 'Cloud Chaser', 'Her eye outline is thicker and goes down further than usual.
She has a special eye gradient with four stops and no iris highlights.', 'da7y90w', false, '2016-04-12 11:08:07.863358+02', NULL, true),
(101, 87, 'Thunderlane', '', 'da82bww', false, '2016-04-12 11:13:23.928986+02', NULL, true),
(102, 92, 'Thunderclap', '', NULL, false, '2016-04-12 11:16:34.823028+02', NULL, NULL),
(103, 86, 'Flitter', 'She has no iris highlights.', NULL, false, '2016-04-12 11:21:48.892267+02', NULL, NULL),
(104, 89, 'Twilight Sky', 'Based on S2E22 <em>(mane, iris)</em> &amp; S1E20 <em>(coat)</em>.
Far legs use darker colors.
Does not have iris highlights.
Appears as both Pegasus and Earth Pony in different episodes.', 'd6t4847', false, '2016-04-12 12:09:35.98652+02', 'https://t03.deviantart.net/82ldiwgyGkLwwcanyuu6hVDEvQ8=/fit-in/300x900/filters:no_upscale():origin()/pre14/7a8f/th/pre/f/2016/181/6/a/twilight_sky_cm_preview_by_djdavid98-da87gwz.png', true),
(105, 165, 'Pony Tones Outfit', '', NULL, false, '2016-04-12 13:16:04.154183+02', NULL, NULL),
(106, 125, 'Toe Tapper', 'Far legs use darker colors.
Only has one eye shine and one iris highlight located in the top part of the iris.', NULL, false, '2016-04-14 00:34:43.797733+02', NULL, NULL),
(107, 126, 'Torch Song', 'Far legs use darker colors.', NULL, false, '2016-04-14 01:19:10.125737+02', NULL, NULL),
(108, 71, 'Minty Bubblegum', 'Shadow fill is a guess based on Lyra''s colors, as well as bottom eye gradient color.
Magic aura color is unknown.
On the Cutie Mark, the gumballs are layered above the glass.', 'd9yydnz', false, '2016-04-14 04:09:51.571119+02', NULL, false),
(109, 166, 'Zecora', 'Based on S4E14.', NULL, false, '2016-04-14 13:36:00.618867+02', NULL, NULL),
(110, 108, 'Octavia Melody', '', NULL, false, '2016-04-14 23:29:54.839394+02', NULL, NULL),
(111, 107, 'Sweetie Drops / Bon Bon', '', 'd6xmkv9', false, '2016-04-15 00:28:54.267643+02', NULL, true),
(112, 152, 'Gummy', 'In 3/4 view, the top line on his far eye uses the "Far Eye Top Line" color instead of the normal gradient.', NULL, false, '2016-04-16 01:36:38.459294+02', NULL, NULL),
(113, 167, 'Orange Frog', '', NULL, false, '2016-04-16 10:47:17.651278+02', NULL, NULL),
(114, 12, 'Cutie Mark Crusader Cape', 'Based on S3E4.', NULL, false, '2016-04-16 11:06:58.316031+02', NULL, NULL),
(115, 160, 'Fake Timberwolf', '', NULL, false, '2016-04-16 12:17:28.841557+02', NULL, NULL),
(116, 153, 'Winona', '', NULL, false, '2016-04-17 00:21:19.215671+02', NULL, NULL),
(117, 154, 'Owlowiscious', '', NULL, false, '2016-04-17 01:18:42.416125+02', NULL, NULL),
(118, 19, 'Princess Ember', 'For bottom stroke on wings use Outline Bottom Gradient (only apply gradient to wing "spokes").
Diamond-like scale coloring is inconsistent between some shots but there''s up to four different colors in use, darkening near tail.', NULL, false, '2016-04-17 16:11:54.678374+02', NULL, NULL),
(119, 155, 'Tank', 'Far Legs use darker colors.
In some scenes, Tank uses an alternate set of colors for the tongue.
For the goggle lenses, group together the Fill and the Highlights (100% Normal blending) and set the group to 50% opacity.', NULL, false, '2016-04-17 16:21:24.581344+02', NULL, NULL),
(120, 156, 'Opalescence', '', NULL, false, '2016-04-19 01:38:33.592805+02', NULL, NULL),
(121, 104, 'Braeburn', 'Far legs use darker colors.', 'd9zls6n', false, '2016-04-19 16:48:33.321315+02', NULL, true),
(122, 168, 'Pig (Peach Skin)', '', NULL, false, '2016-04-20 15:38:25.304409+02', NULL, NULL),
(123, 169, 'Pig (Pink Skin)', 'Muddy Nostril color unknown', NULL, false, '2016-04-20 16:21:01.680143+02', NULL, NULL),
(124, 170, 'Pig (Dark Skin)', 'Muddy Nostril color unknown', NULL, false, '2016-04-20 17:29:20.143035+02', NULL, NULL),
(125, 28, 'Garble', '', NULL, false, '2016-04-21 07:40:41.421703+02', NULL, NULL),
(126, 18, 'Dragon Lord Torch', 'Bottom stroke on wings should use the lower stroke gradient color. Crystals on helmet are numbered 1 starting on his right.', NULL, false, '2016-04-23 16:26:48.818417+02', NULL, NULL),
(127, 81, 'Soarin''', '', 'd72vipj', false, '2016-04-24 16:40:44.192917+02', NULL, true),
(128, 58, 'Fleur Dis Lee', '', NULL, false, '2016-04-25 04:22:23.885302+02', NULL, NULL),
(129, 59, 'Fancy Pants', 'The monocle lens has a couple different fill approaches depending on angle and tightness of the shot. If closeup, both fills are transparent, but if far out, second fill is fully opaque.', NULL, false, '2016-04-26 07:01:23.677929+02', NULL, NULL),
(130, 35, 'Snips', 'Teeth use the body outline color as opposed to the universal teeth outline color.', NULL, false, '2016-04-26 07:54:08.238033+02', NULL, NULL),
(131, 36, 'Snails', '', 'dahejg0', false, '2016-04-26 07:57:55.52504+02', NULL, true),
(132, 29, 'King Sombra', 'Far legs use darker colors.
Sombra has a lot of gradients with repeating colors. You can simplify this by using the same gradients in different parts with some tweaking of the size and stop placement.
The magic "bubbles" are fading gradients that vary according to the animation frame which makes colour picking them nigh impossible, especially amid the compression.
The eye smoke is a fading gradient whose color differs in different scenes. This is just a best guess for it.
The armor sections are numbered going down the neck i.e. Section 1 is the uppermost one.', NULL, false, '2016-04-29 21:44:59.560676+02', NULL, NULL),
(133, 163, 'Spitfire''s Academy Outfit', '', NULL, false, '2016-05-01 21:45:08.857979+02', NULL, NULL),
(134, 55, 'Raven', 'Glasses don''t seem to have lenses.
The iris gradient has a sharper transition than usual.
Appears as both Unicorn and Earth Pony in different episodes.', 'dahve54', false, '2016-05-03 12:12:33.570228+02', NULL, false),
(135, 127, 'Ms. Peachbottom', 'Far legs use darker colors. On the luggage:
<b>Side Flower 1</b> represents the two flowers perpendicular to the tear
<b>Side Flower 2</b> is the top flower in line with the tear
<b>Side Flower 3</b> is the bottom one in line with the tear.', NULL, false, '2016-05-10 14:59:53.741872+02', NULL, NULL),
(136, 128, 'Ms. Harshwhinny', 'Far legs use darker colors.
She has no iris highlights.', NULL, false, '2016-05-11 00:25:06.834527+02', NULL, NULL),
(137, 84, 'Misty Fly', 'Cutie mark is unknown', NULL, false, '2016-05-12 21:08:37.046182+02', NULL, NULL),
(138, 96, 'Sunshower Raindrops', '', 'da5vt5m', false, '2016-05-18 12:56:57.19941+02', NULL, true),
(139, 171, 'Cranky Doodle Donkey', '<strong>Toupee \#1</strong> is up through half-way of "A Friend in Deed"
<strong>Toupee \#2</strong> is from "A Friend in Deed" through most of "Slice of Life"
<strong>Toupee \#3</strong> is from end of "Slice of Life" onward.', NULL, false, '2016-05-21 16:58:06.40502+02', NULL, NULL),
(140, 172, 'Matilda', '', NULL, false, '2016-05-22 05:05:58.944541+02', NULL, NULL),
(141, 129, 'Plaid Stripes', 'Has pointed ear tips', 'da3hzwf', false, '2016-05-22 16:24:54.522725+02', NULL, true),
(142, 130, 'Mr. Stripes', '', NULL, false, '2016-05-22 18:38:17.026312+02', NULL, NULL),
(143, 131, 'Buried Lede', '', NULL, false, '2016-05-24 04:36:04.129849+02', NULL, NULL),
(144, 173, 'Rainbow Dash''s Robe', '', NULL, false, '2016-05-30 02:34:36.545123+02', NULL, NULL),
(145, 132, 'Aloe', '', 'da4gv05', false, '2016-05-30 16:24:59.255874+02', NULL, false),
(146, 133, 'Lotus Blossom', '', 'da4gvw5', false, '2016-05-30 17:35:38.963071+02', NULL, false),
(147, 134, 'Caramel', '', 'da4h4c6', false, '2016-05-30 18:09:32.614791+02', NULL, true),
(148, 72, 'Birch Bucket', '', NULL, false, '2016-05-31 04:50:46.621016+02', NULL, NULL),
(149, 135, 'Spoiled Rich', '', 'd9ctnr7', false, '2016-05-31 05:19:44.182679+02', NULL, false),
(150, 136, 'Filthy Rich', '', NULL, false, '2016-05-31 05:48:54.084244+02', NULL, NULL),
(151, 97, 'Zephyr Breeze', 'Has pointed ear tips', 'da570dh', false, '2016-06-05 14:47:27.675071+02', NULL, false),
(152, 98, 'Mr. Shy', 'Far legs use darker colors.
The Cutie Mark Fill is NOT pure white.', NULL, false, '2016-06-05 16:48:12.164299+02', NULL, NULL),
(153, 99, 'Mrs. Shy', 'Glasses don''t seem to have lenses.', NULL, false, '2016-06-05 17:04:47.155208+02', NULL, NULL),
(154, 161, 'Twilight''s Crown', 'From S4 onward', NULL, false, '2016-06-05 18:51:20.155674+02', NULL, NULL),
(155, 137, 'Quarter Hearts', 'aka "Link" pony', NULL, false, '2016-06-05 23:38:41.547672+02', NULL, NULL),
(156, 174, 'Rainbow Dash''s Bandaids (Newbie Dash)', 'Sampled from S6E7', NULL, false, '2016-06-10 20:41:21.723608+02', NULL, NULL),
(157, 73, 'Coriander Cumin', '', 'da62hka', false, '2016-06-12 13:57:43.238691+02', NULL, true),
(158, 74, 'Saffron Masala', '', 'da62xsm', false, '2016-06-12 14:55:25.850879+02', NULL, true),
(159, 100, 'Daring Do / A.K. Yearling', '', NULL, false, '2016-06-19 18:32:33.735875+02', NULL, NULL),
(160, 30, 'Doctor Caballeron', '', NULL, false, '2016-06-19 19:18:51.379162+02', NULL, NULL),
(161, 138, 'S05E06 Unnamed Earth Mare #1', 'The frilly underpants have a lighter shadow outline color compared to the normal outline.
Name is based on the MLP Wiki name for this character.', NULL, false, '2016-06-19 21:49:37.82636+02', NULL, NULL),
(162, 31, 'Flim / Flam', '', NULL, false, '2016-06-22 07:13:46.475022+02', NULL, NULL),
(163, 75, 'Zesty Gourmand', 'No cutie mark shown in episode', NULL, false, '2016-06-25 18:43:15.646658+02', NULL, NULL),
(164, 76, 'Gordon Ramsay', '', NULL, false, '2016-06-25 19:03:31.299688+02', NULL, NULL),
(165, 141, 'Lucky Clover', '', 'd68lo5f', false, '2016-06-26 11:24:48.986357+02', NULL, true),
(166, 139, 'Cup Cake', 'Ears are pointed.', NULL, false, '2016-06-27 01:15:41.511647+02', NULL, NULL),
(168, 140, 'Carrot Cake', '', NULL, false, '2016-06-27 01:36:55.416825+02', NULL, NULL),
(169, 45, 'Pumpkin Cake', '', NULL, false, '2016-06-27 01:58:32.068598+02', NULL, NULL),
(170, 46, 'Pound Cake', '', NULL, false, '2016-06-27 02:05:11.054245+02', NULL, NULL),
(171, 101, 'Orange Swirl', '', 'da7y1xt', false, '2016-06-27 15:15:27.804257+02', NULL, true),
(172, 142, 'Daisy', '', 'da8l1xp', false, '2016-07-02 17:17:58.045788+02', NULL, false),
(173, 143, 'Lily Valley', '', 'dab62ik', false, '2016-07-03 20:39:33.753746+02', NULL, false),
(174, 77, 'Amethyst Star', 'Does not have a Coat Shadow Fill color.', 'daaeeju', false, '2016-07-11 20:35:52.781735+02', NULL, false),
(176, 145, 'Cherry Berry', '', NULL, false, '2016-07-26 14:36:33.944509+02', NULL, NULL),
(177, 78, 'Comet Trail', 'Based on S5E9
Magic aura color is unknown.', 'dabxlg3', false, '2016-07-29 15:58:59.843318+02', NULL, true),
(178, 146, 'Quibble Pants', 'Shirt colors are same as for #159', 'dac5ypu', false, '2016-07-31 14:25:29.382017+02', NULL, false),
(179, 175, 'Cipactli', 'Eyes use radial gradient; inner color should be set about 50% position and then outer color at 100% position', NULL, false, '2016-08-01 00:33:04.898926+02', NULL, NULL),
(180, 47, 'Crackle Pop', 'Eye gradient is reversed compared to most ponies - darker color at bottom', NULL, false, '2016-08-07 13:24:18.786575+02', NULL, NULL),
(181, 176, 'Cheerilee''s Cheerleader Outfit', 'Worn by #79 in S6E14', NULL, false, '2016-08-07 13:34:13.886075+02', NULL, NULL),
(182, 177, 'Rainbow Cookie Zombie Effects', 'Colors of this effect are not muted even if the pony''s coat ends up muted. This effect is dimmed with any night filters.
To get the muted coat/mane/other colors for any character, take the RGB value of the color, average the R, G, B values, and adjust each RGB value 50% of the way to that average. For example, if RGB is 120, 60, 120, the average is 100. The R value of 120 would then move 50%*(120-100) or 10 (ending up at 110), the G value of 60 would move 50%*(100-60) or 20 (ending up at 80). ', NULL, false, '2016-08-14 14:35:38.812358+02', NULL, NULL),
(183, 178, 'Filly Scout Uniform', '', NULL, false, '2016-08-14 15:01:51.282362+02', NULL, NULL),
(184, 179, 'Thorax / Changeling', '', NULL, false, '2016-08-21 14:52:09.065305+02', NULL, NULL),
(185, 147, 'Crystal Hoof / Thorax', '', NULL, false, '2016-08-21 15:14:51.553613+02', NULL, NULL),
(186, 180, 'Crystal Empire Guard Armor', '', NULL, false, '2016-08-24 04:33:35.761717+02', NULL, NULL),
(187, 181, 'Rainbow Rogue''s Outfit', 'Use standard cutie mark vector for broach and belt decoration', NULL, false, '2016-08-28 16:03:12.541741+02', NULL, NULL),
(188, 182, 'Bard Pie''s Outfit', '', NULL, false, '2016-08-28 18:46:45.218965+02', NULL, NULL),
(189, 183, 'Garbunkle''s Outfit', '', NULL, false, '2016-08-28 20:10:18.724558+02', NULL, NULL),
(190, 184, 'Sir McBiggen''s Outfit', '', NULL, false, '2016-08-28 21:13:58.627955+02', NULL, NULL),
(191, 185, 'Captain Wuzz''s Outfit', '', NULL, false, '2016-08-29 00:32:59.43181+02', NULL, NULL),
(192, 186, 'Ponyville Buckball Uniform', '', NULL, false, '2016-09-04 18:51:17.047778+02', NULL, NULL),
(193, 187, 'Gabby', 'Eyes have three glimmer ovals like pony fillies.', NULL, false, '2016-09-11 16:14:59.41918+02', NULL, NULL),
(194, 48, 'Petunia Paleo', '', NULL, false, '2016-09-11 20:30:58.514576+02', NULL, NULL),
(195, 148, 'Mrs. Paleo', '', NULL, false, '2016-09-12 02:57:42.944404+02', NULL, NULL),
(196, 149, 'Mr. Paleo', '', NULL, false, '2016-09-12 03:20:30.857887+02', NULL, NULL),
(197, 79, 'Blue Note', '', 'dahn9dl', false, '2016-09-12 03:56:55.806349+02', NULL, true),
(198, 150, 'Gladmane', 'Ears are pointed.
Only fill on cloak is transparent; sparkles are 100% opaque atop except for one color.', NULL, false, '2016-09-18 15:52:04.162692+02', NULL, NULL);


--
-- Name: appearances_id_seq; Type: SEQUENCE SET; Schema: public; Owner: mlpvc-rr
--

SELECT pg_catalog.setval('appearances_id_seq', 198, true);


--
-- Data for Name: colorgroups; Type: TABLE DATA; Schema: public; Owner: mlpvc-rr
--

INSERT INTO colorgroups VALUES
(17, 1, 'Coat', 0),
(18, 1, 'Mane & Tail', 1),
(19, 1, 'Iris', 2),
(20, 1, 'Cutie Mark', 3),
(21, 1, 'Magic', 4),
(22, 11, 'Coat', 0),
(23, 11, 'Mane & Tail', 0),
(24, 11, 'Iris', 0),
(25, 11, 'Cutie Mark', 0),
(26, 12, 'Coat', 0),
(27, 12, 'Mane & Tail', 1),
(28, 12, 'Iris', 2),
(29, 12, 'Magic', 4),
(30, 12, 'Cutie Mark', 3),
(35, 13, 'Coat', 0),
(36, 13, 'Mane & Tail', 1),
(37, 13, 'Iris ', 2),
(38, 13, 'Cutie Mark', 3),
(39, 13, 'Magic', 4),
(40, 14, 'Coat', 0),
(41, 14, 'Mane & Tail', 1),
(42, 14, 'Iris', 2),
(43, 14, 'Cutie Mark', 3),
(44, 14, 'Bandana', 6),
(45, 14, 'Magic', 4),
(46, 14, 'Glasses', 5),
(47, 15, 'Coat', 0),
(48, 15, 'Mane & Tail', 1),
(49, 15, 'Iris', 2),
(51, 15, 'Dress', 4),
(52, 15, 'Saddle', 5),
(53, 15, 'Magic', 3),
(54, 2, 'Coat', 0),
(55, 2, 'Mane & Tail', 1),
(56, 2, 'Iris', 2),
(57, 2, 'Cutie Mark', 3),
(58, 2, 'Hat & Hair Tie', 4),
(59, 4, 'Coat', 0),
(60, 4, 'Mane & Tail', 1),
(61, 4, 'Iris', 2),
(62, 4, 'Cutie Mark', 3),
(63, 3, 'Coat', 0),
(64, 3, 'Mane & Tail', 1),
(65, 3, 'Iris', 2),
(66, 3, 'Cutie Mark', 3),
(67, 5, 'Coat', 0),
(68, 5, 'Mane & Tail', 1),
(69, 5, 'Iris', 2),
(70, 5, 'Cutie Mark', 3),
(71, 6, 'Coat', 0),
(72, 6, 'Mane & Tail', 1),
(73, 6, 'Iris', 2),
(74, 6, 'Cutie Mark', 3),
(75, 7, 'Body', 0),
(76, 7, 'Spikes', 2),
(77, 7, 'Iris', 4),
(78, 7, 'Ears', 3),
(79, 7, 'Mouth', 1),
(80, 6, 'Magic', 4),
(81, 10, 'Coat', 0),
(82, 10, 'Mane & Tail', 0),
(83, 10, 'Iris ', 0),
(84, 10, 'Cutie Mark', 0),
(85, 16, 'Coat', 0),
(86, 16, 'Mane & Tail', 1),
(87, 16, 'Iris', 2),
(88, 16, 'Cutie Mark', 3),
(89, 17, 'Coat', 0),
(90, 17, 'Mane & Tail', 1),
(91, 17, 'Iris', 2),
(92, 17, 'Cutie Mark', 3),
(93, 18, 'Coat', 0),
(94, 18, 'Mane & Tail', 1),
(95, 18, 'Iris', 2),
(96, 18, 'Cutie Mark', 3),
(97, 18, 'Wrap', 4),
(98, 19, 'Coat', 0),
(99, 19, 'Mane & Tail', 1),
(100, 19, 'Iris', 2),
(101, 19, 'Cutie Mark', 3),
(102, 20, 'Coat', 0),
(103, 20, 'Mane & Tail', 1),
(104, 20, 'Iris', 2),
(105, 20, 'Cutie Mark', 3),
(106, 20, 'Earrings/Necklace', 5),
(107, 20, 'Sweater', 4),
(108, 21, 'Coat', 0),
(109, 21, 'Mane & Tail', 1),
(110, 21, 'Iris', 2),
(111, 21, 'Cutie Mark', 3),
(112, 21, 'Jacket', 5),
(113, 21, 'Scarf', 6),
(114, 21, 'Badge', 7),
(115, 21, 'Teeth', 4),
(116, 22, 'Coat', 0),
(117, 22, 'Mane & Tail', 1),
(118, 22, 'Iris', 2),
(119, 22, 'Cutie Mark', 3),
(120, 22, 'Magic', 4),
(121, 22, 'Hair Tie', 5),
(122, 23, 'Coat', 0),
(123, 23, 'Mane & Tail', 1),
(124, 23, 'Iris', 2),
(126, 24, 'Coat', 0),
(127, 24, 'Mane & Tail', 1),
(128, 24, 'Iris', 2),
(130, 23, 'Bow', 4),
(131, 25, 'Coat', 0),
(132, 25, 'Mane & Tail', 1),
(133, 25, 'Iris', 2),
(135, 26, 'Coat', 0),
(136, 26, 'Mane & Tail', 1),
(137, 26, 'Iris', 2),
(138, 26, 'Cutie Mark', 3),
(139, 27, 'Coat', 0),
(140, 27, 'Mane & Tail', 1),
(141, 27, 'Iris', 2),
(142, 27, 'Cutie Mark', 3),
(143, 27, 'Scarf', 4),
(144, 28, 'Coat', 0),
(145, 28, 'Mane & Tail', 1),
(146, 28, 'Iris', 2),
(147, 28, 'Cutie Mark', 3),
(164, 29, 'Coat', 0),
(165, 29, 'Mane & Tail', 1),
(166, 29, 'Iris', 2),
(167, 29, 'Cutie Mark', 3),
(168, 29, 'Magic', 5),
(169, 30, 'Coat', 0),
(170, 30, 'Mane & Tail', 1),
(171, 30, 'Iris', 2),
(172, 30, 'Cutie Mark', 3),
(173, 30, 'Neckpiece', 4),
(174, 30, 'Flower', 5),
(175, 9, 'Coat', 0),
(176, 9, 'Mane & Tail', 1),
(177, 9, 'Shoes', 6),
(178, 9, 'Regalia', 5),
(179, 9, 'Cutie Mark', 3),
(180, 9, 'Iris', 2),
(182, 31, 'Coat', 0),
(183, 31, 'Mane & Tail', 1),
(184, 31, 'Iris', 2),
(185, 31, 'Cutie Mark', 3),
(186, 31, 'Scarf', 4),
(187, 31, 'Headband', 5),
(188, 17, 'Magic', 4),
(189, 10, 'Magic ', 0),
(190, 16, 'Magic', 4),
(191, 32, 'Coat', 0),
(192, 32, 'Mane & Tail', 1),
(193, 32, 'Iris', 2),
(194, 32, 'Cutie Mark', 3),
(195, 32, 'Hat & Cloak', 4),
(196, 32, 'Gem', 5),
(197, 32, 'Magic', 6),
(198, 33, 'Head', 0),
(199, 33, 'Body', 1),
(200, 33, 'Wings', 2),
(201, 33, 'Gem', 4),
(202, 33, 'Wearer Changes', 5),
(203, 33, 'Straps', 3),
(204, 34, 'Coat', 0),
(205, 34, 'Mane & Tail', 1),
(206, 34, 'Iris', 2),
(207, 34, 'Cutie Mark', 3),
(208, 34, 'Magic', 4),
(209, 34, 'Regalia', 5),
(210, 34, 'Shoes', 6),
(211, 35, 'Coat', 0),
(212, 35, 'Mane & Tail', 2),
(213, 35, 'Iris', 3),
(215, 35, 'Yoke', 5),
(216, 35, 'Cutie Mark', 6),
(217, 36, 'Coat', 0),
(218, 36, 'Mane & Tail', 1),
(219, 36, 'Iris', 2),
(220, 36, 'Cutie Mark', 3),
(221, 36, 'Sweater', 6),
(222, 36, 'Sweater Buttons/Hair Beads', 7),
(223, 36, 'Glasses', 5),
(224, 36, 'Magic', 4),
(225, 37, 'Coat', 0),
(226, 37, 'Mane & Tail', 1),
(227, 37, 'Iris', 2),
(229, 38, 'Coat', 0),
(230, 38, 'Mane & Tail', 1),
(231, 38, 'Iris', 2),
(233, 23, 'Cutie Mark', 3),
(234, 39, 'Coat', 0),
(235, 39, 'Mane & Tail', 1),
(236, 39, 'Iris', 2),
(238, 39, 'Beanie', 3),
(240, 40, 'Coat', 0),
(241, 40, 'Mane & Tail', 1),
(242, 40, 'Iris', 2),
(243, 40, 'Cutie Mark', 3),
(244, 24, 'Cutie Mark', 3),
(245, 25, 'Cutie Mark', 3),
(246, 25, 'Magic', 4),
(257, 44, 'Coat', 0),
(258, 44, 'Mane & Tail', 2),
(259, 44, 'Eye', 3),
(260, 44, 'Cutie Mark', 4),
(261, 44, 'Magic', 5),
(262, 45, 'Coat', 0),
(263, 45, 'Mane & Tail', 1),
(264, 45, 'Iris', 2),
(265, 45, 'Cutie Mark', 3),
(266, 45, 'Magic', 4),
(267, 46, 'Coat', 0),
(268, 46, 'Mane & Tail', 1),
(269, 46, 'Iris', 2),
(270, 46, 'Cutie Mark', 3),
(271, 46, 'Shirt', 4),
(272, 46, 'Glasses', 5),
(281, 50, 'Coat', 0),
(282, 50, 'Mane & Tail', 1),
(283, 50, 'Iris', 2),
(284, 50, 'Cutie Mark', 3),
(285, 51, 'Coat', 0),
(286, 51, 'Mane & Tail', 1),
(287, 51, 'Iris', 2),
(288, 51, 'Cutie Mark', 3),
(289, 52, 'Coat', 0),
(290, 52, 'Mane & Tail', 1),
(291, 52, 'Iris', 2),
(292, 52, 'Dress', 4),
(293, 53, 'Coat', 0),
(294, 53, 'Mane & Tail', 1),
(295, 53, 'Iris', 2),
(296, 53, 'Cutie Mark', 3),
(297, 53, 'Hat & Tie/Collar', 4),
(298, 54, 'Coat', 0),
(299, 54, 'Mane & Tail', 1),
(300, 54, 'Iris', 2),
(301, 54, 'Cutie Mark', 3),
(302, 54, 'Glasses', 4),
(303, 54, 'Neckpiece', 5),
(304, 52, 'Boulder', 5),
(305, 52, 'Cutie Mark', 3),
(306, 55, 'Coat', 0),
(307, 55, 'Mane & Tail', 1),
(308, 55, 'Iris', 2),
(309, 55, 'Cutie Mark', 3),
(310, 56, 'Coat', 0),
(311, 56, 'Mane & Tail', 1),
(312, 56, 'Iris', 2),
(313, 56, 'Cutie Mark', 3),
(314, 57, 'Head', 1),
(315, 57, 'Fang', 2),
(316, 57, 'Eyes', 3),
(317, 57, 'Horns', 4),
(318, 57, 'Body', 5),
(319, 57, 'Arms', 6),
(320, 57, 'Wings', 7),
(321, 57, 'Tail', 8),
(322, 57, 'Legs', 9),
(323, 58, 'Coat', 0),
(324, 58, 'Mane & Tail', 1),
(325, 58, 'Iris', 2),
(326, 58, 'Cutie Mark', 3),
(327, 58, 'Kerchief', 4),
(328, 59, 'Coat', 0),
(329, 59, 'Mane & Tail', 1),
(330, 59, 'Iris', 2),
(331, 59, 'Cutie Mark', 3),
(332, 60, 'Coat', 0),
(333, 60, 'Mane & Tail', 1),
(334, 60, 'Iris', 2),
(335, 60, 'Cutie Mark', 3),
(336, 60, 'Jacket', 4),
(337, 60, 'Shirt', 5),
(338, 60, 'Collar & Hoof Bands', 6),
(339, 60, 'Veil', 7),
(340, 61, 'Coat', 0),
(341, 61, 'Mane & Tail', 1),
(342, 61, 'Iris', 2),
(344, 61, 'Glasses', 3),
(345, 61, 'Suit', 4),
(346, 61, 'Shirt', 5),
(347, 61, 'Tie', 6),
(348, 61, 'Vest', 7),
(349, 61, 'Tail band', 8),
(350, 62, 'Coat', 0),
(351, 62, 'Mane & Tail', 1),
(352, 62, 'Iris', 2),
(353, 62, 'Cutie Mark', 3),
(354, 0, 'Teeth & Mouth', 1),
(355, 63, 'Skin', 1),
(356, 63, 'Hair', 2),
(357, 63, 'Shirt', 3),
(358, 63, 'Jacket', 4),
(359, 63, 'Skirt', 5),
(360, 63, 'Boots', 6),
(361, 63, 'Eyes', 7),
(362, 63, 'Cutie Mark', 8),
(363, 29, 'Cutie Mark (Equalized)', 4),
(364, 29, 'Hairbands (as filly)', 6),
(365, 64, 'Body', 1),
(366, 64, 'Eyes', 2),
(367, 64, 'Nose & Whiskers', 3),
(368, 65, 'Coat', 0),
(369, 65, 'Mane & Tail', 1),
(370, 65, 'Iris', 2),
(371, 65, 'Cutie Mark', 3),
(372, 66, 'Coat', 0),
(373, 66, 'Mane & Tail', 1),
(374, 66, 'Iris', 2),
(376, 67, 'Coat', 0),
(377, 67, 'Mane & Tail', 1),
(378, 67, 'Iris', 2),
(379, 67, 'Glasses', 4),
(380, 67, 'Necklace', 5),
(381, 68, 'Mane & Tail', 1),
(382, 68, 'Coat', 0),
(383, 68, 'Iris', 2),
(384, 68, 'Cutie Mark', 3),
(385, 9, 'Magic', 4),
(386, 0, 'Eye', 2),
(387, 0, 'Tears', 3),
(388, 35, 'Hooves', 1),
(389, 69, 'Coat', 0),
(390, 69, 'Mane & Tail', 1),
(391, 69, 'Iris', 2),
(392, 69, 'Cutie Mark', 3),
(393, 69, 'Magic', 4),
(396, 69, 'Glasses', 5),
(397, 69, 'Headphones', 6),
(398, 70, 'Costume', 0),
(400, 70, 'Goggles', 2),
(402, 71, 'Costume', 0),
(404, 71, 'Goggles', 1),
(406, 44, 'Hooves', 1),
(407, 72, 'Coat', 0),
(408, 72, 'Mane & Tail', 1),
(409, 72, 'Iris', 2),
(410, 72, 'Cutie Mark', 3),
(411, 73, 'Coat', 0),
(412, 73, 'Mane & Tail', 1),
(413, 73, 'Iris', 2),
(414, 73, 'Cutie Mark', 3),
(415, 67, 'Cutie Mark', 3),
(416, 74, 'Coat', 0),
(417, 74, 'Mane & Tail', 1),
(418, 74, 'Iris', 2),
(419, 74, 'Cutie Mark', 3),
(420, 74, 'Tiara', 4),
(421, 75, 'Coat', 0),
(422, 75, 'Mane & Tail', 1),
(423, 75, 'Iris', 2),
(424, 75, 'Cutie Mark', 3),
(425, 75, 'Regalia', 5),
(426, 76, 'Coat', 0),
(427, 76, 'Mane & Tail', 1),
(428, 76, 'Iris', 2),
(429, 76, 'Cutie Mark', 3),
(430, 76, 'Collar', 4),
(431, 76, 'Glasses', 5),
(432, 75, 'Magic', 4),
(433, 77, 'Coat', 0),
(434, 77, 'Mane & Tail', 1),
(435, 77, 'Iris', 2),
(436, 77, 'Cutie Mark', 3),
(437, 77, 'Glasses', 4),
(438, 78, 'Coat', 0),
(439, 78, 'Mane & Tail', 1),
(440, 78, 'Iris', 2),
(441, 78, 'Cutie Mark', 3),
(442, 79, 'Coat', 0),
(443, 79, 'Mane & Tail', 1),
(444, 79, 'Iris', 2),
(445, 79, 'Cutie Mark', 3),
(446, 80, 'Coat', 0),
(447, 80, 'Mane & Tail', 1),
(448, 80, 'Iris', 2),
(449, 80, 'Cutie Mark', 3),
(450, 80, 'Bow Tie', 4),
(451, 81, 'Coat', 0),
(452, 81, 'Mane & Tail', 1),
(453, 81, 'Iris', 2),
(454, 81, 'Cutie Mark', 3),
(455, 82, 'Equine Body', 1),
(456, 82, 'Hair & Tail', 2),
(457, 82, 'Eyes', 3),
(459, 82, 'Cloak', 5),
(460, 82, 'Accessories', 4),
(465, 82, 'Humanoid Body', 0),
(467, 83, 'Hair & Tail', 2),
(468, 83, 'Eyes', 3),
(469, 83, 'Accessories', 4),
(470, 83, 'Equine Body', 1),
(471, 83, 'Humanoid Body', 0),
(472, 84, 'Hair & Tail', 2),
(473, 84, 'Accessories', 4),
(474, 84, 'Eyes', 3),
(475, 84, 'Humanoid Body', 0),
(476, 84, 'Equine Body', 1),
(477, 85, 'Humanoid Body', 0),
(478, 85, 'Eyes', 3),
(479, 85, 'Accessories', 4),
(480, 85, 'Hair & Tail', 2),
(481, 85, 'Equine Body', 1),
(482, 86, 'Medallion', 1),
(483, 86, 'Necklace', 2),
(484, 87, 'Coat', 0),
(485, 87, 'Mane & Tail', 1),
(486, 87, 'Iris', 2),
(487, 87, 'Cutie Mark', 3),
(488, 88, 'Coat', 0),
(489, 88, 'Mane & Tail', 1),
(490, 88, 'Iris', 2),
(492, 88, 'Diaper', 3),
(493, 62, 'Glasses', 4),
(494, 62, 'Cloak', 5),
(495, 62, 'Magic', 6),
(496, 89, 'Coat', 0),
(497, 89, 'Mane & Tail', 1),
(498, 89, 'Iris', 2),
(499, 89, 'Cutie Mark', 3),
(500, 91, 'Coat', 0),
(501, 91, 'Mane & Tail', 1),
(502, 91, 'Iris', 2),
(503, 91, 'Cutie Mark', 3),
(504, 92, 'Coat', 0),
(505, 92, 'Mane & Tail', 1),
(506, 92, 'Iris', 2),
(507, 92, 'Cutie Mark', 3),
(508, 92, 'Magic', 4),
(509, 92, 'Hipster Glasses', 5),
(510, 92, 'Hipster Sweater', 6),
(511, 93, 'Coat', 0),
(512, 93, 'Mane & Tail', 1),
(513, 93, 'Iris', 2),
(514, 93, 'Cutie Mark', 3),
(515, 93, 'Glasses', 4),
(516, 93, 'Tiara', 5),
(517, 94, 'Barrel', 1),
(518, 94, 'Fuse', 2),
(519, 94, 'Wheels', 3),
(520, 95, 'Coat', 0),
(521, 95, 'Mane & Tail', 1),
(522, 95, 'Iris', 2),
(523, 95, 'Cutie Mark', 3),
(524, 95, 'Mouth', 4),
(525, 95, 'Shirt', 5),
(526, 95, 'Belt', 6),
(527, 95, 'Medallion', 7),
(528, 95, 'Earring', 8),
(529, 96, 'Coat', 0),
(530, 96, 'Mane & Tail', 1),
(531, 96, 'Iris', 2),
(532, 96, 'Cutie Mark', 3),
(533, 96, 'Shirt', 4),
(534, 96, 'Hat', 5),
(535, 96, 'Sunglasses', 6),
(536, 97, 'Coat', 0),
(537, 97, 'Mane & Tail', 1),
(538, 97, 'Iris', 2),
(539, 97, 'Cutie Mark', 3),
(540, 97, 'Mouth', 4),
(541, 97, 'Earring', 5),
(542, 98, 'Coat', 0),
(543, 98, 'Mane & Tail', 1),
(544, 98, 'Iris', 2),
(545, 98, 'Cutie Mark', 3),
(546, 99, 'Coat', 0),
(547, 99, 'Mane & Tail', 1),
(548, 99, 'Iris', 2),
(549, 99, 'Cutie Mark', 3),
(550, 99, 'Outfit', 4),
(551, 100, 'Coat', 0),
(552, 100, 'Mane & Tail', 1),
(553, 100, 'Iris', 2),
(554, 100, 'Cutie Mark', 3),
(555, 101, 'Coat', 0),
(556, 101, 'Mane & Tail', 1),
(557, 101, 'Iris', 2),
(558, 101, 'Cutie Mark', 3),
(559, 102, 'Coat', 0),
(560, 102, 'Mane & Tail', 1),
(561, 102, 'Iris', 2),
(562, 102, 'Cutie Mark', 3),
(563, 102, 'Bands', 4),
(564, 103, 'Coat', 0),
(565, 103, 'Mane & Tail', 1),
(566, 103, 'Iris', 3),
(567, 103, 'Cutie Mark', 4),
(568, 103, 'Bow', 2),
(569, 104, 'Coat', 0),
(570, 104, 'Mane & Tail', 1),
(571, 104, 'Iris', 2),
(572, 104, 'Cutie Mark', 3),
(573, 105, 'Shirt', 1),
(574, 106, 'Coat', 0),
(575, 106, 'Mane & Tail', 1),
(576, 106, 'Iris', 2),
(577, 106, 'Cutie Mark', 3),
(578, 107, 'Coat', 0),
(579, 107, 'Mane & Tail', 1),
(580, 107, 'Iris', 2),
(581, 107, 'Cutie Mark', 3),
(582, 108, 'Coat', 0),
(583, 108, 'Mane & Tail', 1),
(584, 108, 'Iris', 2),
(585, 108, 'Cutie Mark', 3),
(586, 109, 'Coat', 0),
(587, 109, 'Mane & Tail', 1),
(588, 109, 'Iris', 2),
(589, 109, 'Jewellery', 3),
(590, 110, 'Coat', 0),
(591, 110, 'Mane & Tail', 1),
(592, 110, 'Iris', 2),
(593, 110, 'Cutie Mark', 3),
(594, 110, 'Collar', 4),
(595, 111, 'Coat', 0),
(596, 111, 'Mane & Tail', 1),
(597, 111, 'Iris', 2),
(598, 111, 'Cutie Mark', 3),
(599, 108, 'Bubblegum ', 4),
(600, 112, 'Body', 1),
(601, 112, 'Eyes', 2),
(602, 112, 'Mouth', 3),
(603, 64, 'Mouth', 4),
(604, 113, 'Body', 0),
(605, 113, 'Legs', 2),
(606, 114, 'Cape', 0),
(607, 114, 'Patch', 1),
(608, 115, 'Head Log', 1),
(609, 115, 'Head Details', 2),
(610, 115, 'Body Log', 3),
(611, 115, 'Leg Logs', 4),
(612, 115, 'Tail', 5),
(613, 116, 'Body', 1),
(614, 116, 'Face', 2),
(615, 116, 'Mouth', 3),
(616, 116, 'Collar', 4),
(617, 117, 'Body', 1),
(618, 117, 'Face', 2),
(619, 105, 'Bowtie', 2),
(620, 105, 'Trim', 3),
(621, 113, 'Leaves', 1),
(622, 119, 'Body', 1),
(623, 119, 'Carapace', 2),
(624, 119, 'Plastron', 3),
(625, 119, 'Mouth', 4),
(626, 119, 'Goggles', 5),
(627, 119, 'Copter', 6),
(628, 118, 'Body', 1),
(629, 118, 'Wings', 2),
(630, 118, 'Spines, Tail and Horns', 3),
(631, 118, 'Eyes', 4),
(632, 118, 'Mouth', 5),
(633, 120, 'Body', 1),
(634, 120, 'Face', 2),
(635, 120, 'Mouth', 3),
(636, 120, 'Bow', 4),
(637, 120, 'Collar', 5),
(638, 121, 'Coat', 0),
(639, 121, 'Mane & Tail', 1),
(640, 121, 'Iris', 2),
(641, 121, 'Cutie Mark', 3),
(643, 121, 'Vest', 4),
(644, 121, 'Hat', 5),
(645, 122, 'Body', 1),
(646, 122, 'Eyes', 2),
(647, 122, 'Snout', 3),
(648, 123, 'Body', 1),
(649, 123, 'Eyes', 2),
(650, 123, 'Snout', 3),
(651, 122, 'Mud', 4),
(652, 123, 'Mud', 4),
(653, 124, 'Body', 1),
(654, 124, 'Eyes', 2),
(655, 124, 'Snout', 3),
(656, 124, 'Mud', 4),
(657, 125, 'Body', 1),
(658, 125, 'Eyes and Face', 2),
(659, 126, 'Body', 1),
(660, 126, 'Tail, Wings, and Spines', 2),
(661, 126, 'Eyes', 3),
(662, 126, 'Mouth and Nose', 4),
(663, 126, 'Horns', 5),
(664, 126, 'Horn Ring', 6),
(665, 126, 'Helmet', 7),
(666, 126, 'Body Armor', 8),
(667, 126, 'Shoulder Plate', 9),
(668, 118, 'Helmet', 6),
(669, 118, 'Armor', 7),
(670, 127, 'Coat', 0),
(671, 127, 'Mane & Tail', 1),
(672, 127, 'Iris', 2),
(673, 127, 'Cutie Mark', 3),
(675, 128, 'Coat', 0),
(676, 128, 'Mane & Tail', 1),
(677, 128, 'Iris', 2),
(678, 128, 'Cutie Mark', 3),
(679, 128, 'Magic', 4),
(680, 129, 'Coat', 0),
(681, 129, 'Mane & Tail', 1),
(682, 129, 'Iris', 2),
(683, 129, 'Cutie Mark', 3),
(684, 129, 'Magic', 4),
(685, 129, 'Monocle', 5),
(686, 129, 'Jacket', 6),
(687, 130, 'Coat', 0),
(688, 130, 'Mane & Tail', 1),
(689, 130, 'Iris', 2),
(690, 130, 'Cutie Mark', 3),
(691, 130, 'Magic', 4),
(692, 131, 'Coat', 0),
(693, 131, 'Mane & Tail', 1),
(694, 131, 'Iris', 2),
(695, 131, 'Cutie Mark', 3),
(696, 131, 'Magic', 4),
(697, 132, 'Coat', 0),
(698, 132, 'Mane & Tail', 2),
(699, 132, 'Iris', 3),
(702, 132, 'Horn', 1),
(703, 132, 'Mouth', 4),
(704, 132, 'Head Armour', 5),
(705, 132, 'Circlet', 6),
(706, 132, 'Body Armor Section 1', 7),
(707, 132, 'Body Armor Section 2', 8),
(708, 132, 'Body Armor Section 3', 9),
(709, 132, 'Cloak', 10),
(710, 132, 'Armoured Boots', 11),
(711, 133, 'Jacket', 1),
(712, 133, 'Insignia', 2),
(713, 133, 'Whistle', 3),
(714, 133, 'Sunglasses', 4),
(715, 134, 'Coat', 0),
(716, 134, 'Mane & Tail', 1),
(717, 134, 'Iris', 2),
(718, 134, 'Cutie Mark', 3),
(719, 134, 'Glasses', 4),
(720, 134, 'Pencil', 6),
(721, 134, 'Collar', 7),
(722, 134, 'Magic', 5),
(723, 135, 'Coat', 0),
(724, 135, 'Mane & Tail', 1),
(725, 135, 'Iris', 2),
(726, 135, 'Cutie Mark', 3),
(727, 135, 'Glasses', 4),
(728, 135, 'Collar', 5),
(729, 135, 'Shirt', 6),
(730, 135, 'Luggage', 7),
(731, 136, 'Coat', 0),
(732, 136, 'Mane & Tail', 1),
(733, 136, 'Iris', 2),
(734, 136, 'Cutie Mark', 3),
(735, 136, 'Earrings', 4),
(736, 136, 'Scarf', 5),
(737, 136, 'Necklace', 6),
(738, 136, 'Outfit', 7),
(739, 136, 'Luggage', 8),
(740, 137, 'Coat', 0),
(741, 137, 'Mane & Tail', 1),
(742, 137, 'Iris', 2),
(745, 138, 'Coat', 0),
(746, 138, 'Mane & Tail', 1),
(747, 138, 'Iris', 2),
(748, 138, 'Cutie Mark', 3),
(750, 139, 'Coat', 0),
(751, 139, 'Mane & Tail', 1),
(752, 139, 'Iris', 2),
(755, 140, 'Coat', 0),
(756, 140, 'Mane & Tail', 1),
(757, 140, 'Iris', 2),
(760, 140, 'Earrings', 3),
(761, 140, 'Neckpiece', 4),
(762, 141, 'Coat', 0),
(763, 141, 'Mane & Tail', 1),
(764, 141, 'Iris', 2),
(765, 141, 'Cutie Mark', 3),
(767, 141, 'Shirt', 4),
(768, 141, 'Hairband/Boa', 5),
(769, 141, 'Braces', 6),
(770, 142, 'Coat', 0),
(771, 142, 'Mane & Tail', 1),
(772, 142, 'Iris', 2),
(773, 142, 'Cutie Mark', 3),
(775, 142, 'Sweatjacket', 4),
(776, 142, 'Necklace', 5),
(777, 143, 'Coat', 0),
(778, 143, 'Mane & Tail', 1),
(779, 143, 'Iris', 2),
(780, 143, 'Cutie Mark', 3),
(782, 143, 'Shirt and Tie', 4),
(783, 143, 'Badge', 5),
(784, 144, 'Robe', 1),
(785, 144, 'Slippers', 2),
(786, 145, 'Coat', 0),
(787, 145, 'Mane & Tail', 1),
(788, 145, 'Iris', 2),
(789, 145, 'Cutie Mark', 3),
(791, 145, 'Headband & Neckband', 4),
(792, 146, 'Coat', 0),
(793, 146, 'Mane & Tail', 1),
(794, 146, 'Iris', 2),
(795, 146, 'Cutie Mark', 3),
(797, 146, 'Headband & Neckband', 4),
(798, 147, 'Coat', 0),
(799, 147, 'Mane & Tail', 1),
(800, 147, 'Iris', 2),
(801, 147, 'Cutie Mark', 3),
(803, 148, 'Coat', 0),
(804, 148, 'Mane & Tail', 1),
(805, 148, 'Iris', 2),
(806, 148, 'Cutie Mark', 3),
(807, 148, 'Magic', 4),
(808, 148, 'Headband and collar', 5),
(809, 149, 'Coat', 0),
(810, 149, 'Mane & Tail', 1),
(811, 149, 'Iris', 2),
(812, 149, 'Cutie Mark', 3),
(814, 149, 'Necklace', 4),
(815, 149, 'Blouse', 5),
(816, 150, 'Coat', 0),
(817, 150, 'Mane & Tail', 1),
(818, 150, 'Iris', 2),
(819, 150, 'Cutie Mark', 3),
(821, 150, 'Collar and Tie', 4),
(822, 151, 'Coat', 0),
(823, 151, 'Mane & Tail', 1),
(824, 151, 'Iris', 2),
(825, 151, 'Cutie Mark', 3),
(827, 152, 'Coat', 0),
(828, 152, 'Mane, Tail & Moustache', 1),
(829, 152, 'Iris', 2),
(830, 152, 'Cutie Mark', 3),
(832, 152, 'Sweater', 4),
(833, 153, 'Coat', 0),
(834, 153, 'Mane & Tail', 1),
(835, 153, 'Iris', 2),
(836, 153, 'Cutie Mark', 3),
(838, 153, 'Glasses', 4),
(839, 153, 'Necklace', 5),
(840, 154, 'Crown', 1),
(841, 155, 'Coat', 0),
(842, 155, 'Mane & Tail', 1),
(843, 155, 'Iris', 2),
(844, 155, 'Cutie Mark', 3),
(846, 156, 'Roll Bandage', 1),
(847, 156, 'Band-Aid', 2),
(848, 157, 'Coat', 0),
(849, 157, 'Mane & Tail', 1),
(850, 157, 'Iris', 2),
(851, 157, 'Cutie Mark', 3),
(852, 157, 'Magic', 4),
(853, 157, 'Shirt', 5),
(854, 158, 'Coat', 0),
(855, 158, 'Mane & Tail', 1),
(856, 158, 'Iris', 2),
(857, 158, 'Cutie Mark', 3),
(858, 158, 'Magic', 4),
(859, 158, 'Jewelry', 5),
(860, 158, 'Shirt', 6),
(861, 158, 'Neckerchief', 7),
(862, 158, 'Tail Wrap', 8),
(863, 159, 'Coat', 0),
(864, 159, 'Mane & Tail', 1),
(865, 159, 'Iris', 2),
(866, 159, 'Cutie Mark', 3),
(868, 159, 'Shirt', 4),
(869, 159, 'Pith Helmet', 5),
(870, 159, 'Yearling''s Cloak', 6),
(871, 159, 'Yearling''s Hat', 7),
(872, 159, 'Yearling''s Glasses', 8),
(873, 160, 'Coat', 0),
(874, 160, 'Mane & Tail', 1),
(875, 160, 'Iris', 2),
(876, 160, 'Cutie Mark', 3),
(878, 160, 'Shirt and Kerchief', 4),
(879, 161, 'Coat', 0),
(880, 161, 'Mane & Tail', 1),
(881, 161, 'Iris', 2),
(883, 161, 'Hat', 4),
(884, 161, 'Dress', 5),
(885, 161, 'Frilly Underpants', 6),
(886, 161, 'Boots', 7),
(887, 162, 'Coat', 0),
(888, 162, 'Mane & Tail', 1),
(889, 162, 'Iris', 2),
(890, 162, 'Cutie Mark', 3),
(891, 162, 'Magic', 4),
(892, 162, 'Vest, Shirt and Tie', 5),
(893, 162, 'Hat', 6),
(894, 70, 'Emblems', 3),
(895, 163, 'Coat', 0),
(896, 163, 'Mane & Tail', 1),
(897, 163, 'Iris', 2),
(899, 163, 'Magic', 4),
(900, 163, 'Smock and Leggings', 5),
(901, 163, 'Cloak', 6),
(902, 164, 'Coat', 0),
(903, 164, 'Mane & Tail', 1),
(904, 164, 'Iris', 2),
(905, 164, 'Cutie Mark', 3),
(907, 164, 'Chef''s Jacket', 4),
(908, 165, 'Coat', 0),
(909, 165, 'Mane & Tail', 1),
(910, 165, 'Iris', 2),
(911, 165, 'Cutie Mark', 3),
(913, 166, 'Coat', 0),
(914, 166, 'Mane & Tail', 1),
(915, 166, 'Iris', 2),
(916, 166, 'Cutie Mark', 3),
(918, 166, 'Apron & Earrings', 4),
(919, 168, 'Coat', 0),
(920, 168, 'Mane & Tail', 1),
(921, 168, 'Iris', 2),
(922, 168, 'Cutie Mark', 3),
(924, 168, 'Apron', 4),
(925, 168, 'Hat and Bow-Tie', 5),
(926, 169, 'Coat', 0),
(927, 169, 'Mane & Tail', 1),
(928, 169, 'Iris', 2),
(930, 169, 'Magic', 4),
(931, 169, 'Bow', 5),
(932, 170, 'Coat', 0),
(933, 170, 'Mane & Tail', 1),
(934, 170, 'Iris', 2),
(937, 171, 'Coat', 0),
(938, 171, 'Mane & Tail', 1),
(939, 171, 'Iris', 2),
(940, 171, 'Cutie Mark', 3),
(942, 172, 'Coat', 0),
(943, 172, 'Mane & Tail', 1),
(944, 172, 'Iris', 2),
(945, 172, 'Cutie Mark', 3),
(947, 173, 'Coat', 0),
(948, 173, 'Mane & Tail', 1),
(949, 173, 'Iris', 2),
(950, 173, 'Cutie Mark/Ear Lily', 3),
(952, 174, 'Coat', 0),
(953, 174, 'Mane & Tail', 1),
(954, 174, 'Iris', 2),
(955, 174, 'Cutie Mark', 3),
(956, 174, 'Magic', 4),
(957, 71, 'Wingpony Badge', 3),
(958, 71, 'Lead pony Badge', 2),
(959, 153, 'Earrings', 6),
(960, 176, 'Coat', 0),
(961, 176, 'Mane & Tail', 1),
(962, 176, 'Iris', 2),
(963, 176, 'Cutie Mark', 3),
(965, 177, 'Coat', 0),
(966, 177, 'Mane & Tail', 1),
(967, 177, 'Iris', 2),
(968, 177, 'Cutie Mark', 3),
(970, 178, 'Coat', 0),
(971, 178, 'Mane & Tail', 1),
(972, 178, 'Iris', 2),
(973, 178, 'Cutie Mark', 3),
(975, 179, 'Body', 1),
(976, 179, 'Other Body Parts ', 2),
(977, 179, 'Eyes', 3),
(978, 179, 'Mouth and Teeth', 4),
(979, 179, 'Foot and Tail Bands', 5),
(980, 180, 'Coat', 0),
(981, 180, 'Mane & Tail', 1),
(982, 180, 'Iris', 2),
(983, 180, 'Cutie Mark', 3),
(985, 181, 'Shirt', 1),
(986, 181, 'Skirt', 2),
(987, 181, 'Bow', 3),
(988, 181, 'Poms', 4),
(990, 182, 'Mouth', 1),
(991, 183, 'Hat', 1),
(992, 183, 'Kerchief / Tail Band', 2),
(993, 183, 'Sash', 3),
(994, 183, 'Logo', 4),
(995, 184, 'Body', 1),
(996, 184, '"Mane" / Tail', 2),
(997, 184, 'Mouth', 3),
(998, 184, 'Eyes', 4),
(999, 184, 'Wings', 5),
(1000, 184, 'Carapace', 6),
(1001, 184, 'Transformation Effect', 7),
(1002, 185, 'Coat', 0),
(1003, 185, 'Mane & Tail', 1),
(1004, 185, 'Iris', 2),
(1005, 185, 'Cutie Mark', 3),
(1007, 186, 'Helmet', 1),
(1008, 187, 'Cloak', 1),
(1009, 187, 'Tunic', 2),
(1010, 187, 'Boots', 3),
(1011, 188, 'Shirt', 1),
(1012, 188, 'Skirt / Hat', 2),
(1013, 188, 'Right Sleeve/Pantsleg', 3),
(1014, 188, 'Left Sleeve/Pantsleg', 4),
(1015, 188, 'Bells and Earrings', 5),
(1016, 189, 'Clothes', 1),
(1017, 189, 'Beard', 2),
(1018, 189, 'Boots', 3),
(1019, 189, 'Staff', 4),
(1020, 190, 'Facial Stubble', 1),
(1021, 190, 'Helmet', 2),
(1022, 190, 'Armor', 3),
(1023, 190, 'Scabboard', 4),
(1024, 190, 'Sword', 5),
(1025, 190, 'Magic', 6),
(1026, 191, 'Hair', 1),
(1027, 191, 'Tunic', 2),
(1028, 191, 'Arms/Bucklers', 3),
(1029, 191, 'Boots', 4),
(1030, 191, 'Bow', 5),
(1031, 191, 'Quiver', 6),
(1032, 192, 'Uniform', 1),
(1033, 193, 'Head and Torso', 1),
(1034, 193, 'Talons and Beak', 2),
(1035, 193, 'Wings and Tail tip', 3),
(1036, 193, 'Iris', 4),
(1037, 193, 'Mailbag', 5),
(1038, 194, 'Coat', 0),
(1039, 194, 'Mane & Tail', 1),
(1040, 194, 'Iris', 2),
(1041, 194, 'Cutie Mark', 3),
(1043, 195, 'Coat', 0),
(1044, 195, 'Mane & Tail', 1),
(1045, 195, 'Iris', 2),
(1046, 195, 'Cutie Mark', 3),
(1048, 195, 'Clothing', 4),
(1049, 196, 'Coat', 0),
(1050, 196, 'Mane & Tail', 1),
(1051, 196, 'Iris', 2),
(1052, 196, 'Cutie Mark', 3),
(1054, 196, 'Shirt and Sweater', 4),
(1055, 196, 'Watch', 5),
(1056, 197, 'Coat', 0),
(1057, 197, 'Mane & Tail', 1),
(1058, 197, 'Iris', 2),
(1059, 197, 'Cutie Mark', 3),
(1060, 197, 'Magic', 4),
(1061, 197, 'Shirt and Tie', 5),
(1062, 197, 'Saxophone', 6),
(1063, 193, 'Mail', 6),
(1064, 198, 'Coat', 0),
(1065, 198, 'Mane & Tail', 1),
(1066, 198, 'Iris', 2),
(1067, 198, 'Cutie Mark', 3),
(1069, 198, 'Shirt and Tie', 4),
(1070, 198, 'Jacket', 5),
(1071, 198, 'Epulette', 6),
(1072, 198, 'Cloak', 7),
(1073, 164, 'Magic', 5);


--
-- Name: colorgroups_groupid_seq; Type: SEQUENCE SET; Schema: public; Owner: mlpvc-rr
--

SELECT pg_catalog.setval('colorgroups_groupid_seq', 1073, true);


--
-- Data for Name: colors; Type: TABLE DATA; Schema: public; Owner: mlpvc-rr
--

INSERT INTO colors VALUES
(17, 0, 'Outline', '#A46BBD'),
(17, 1, 'Fill', '#CC9CDF'),
(17, 2, 'Shadow Outline', '#9156A9'),
(17, 3, 'Shadow Fill', '#BF89D1'),
(18, 0, 'Outline', '#132248'),
(18, 1, 'Fill', '#243870'),
(18, 2, 'Stripe 1', '#652D87'),
(18, 3, 'Stripe 2', '#EA428B'),
(19, 0, 'Gradient Top', '#1E093C'),
(19, 1, 'Gradient Bottom', '#662F89'),
(19, 2, 'Highlight Top', '#8D5DA4'),
(19, 3, 'Highlight Bottom', '#CCB2D3'),
(20, 0, 'Large Star', '#EA428B'),
(20, 1, 'Small Stars', '#FFFFFF'),
(21, 0, 'Aura', '#EA428B'),
(22, 0, 'Outline', '#808AA7'),
(22, 1, 'Fill', '#C2C5D5'),
(22, 2, 'Shadow Outline', '#727B93'),
(22, 3, 'Shadow Fill', '#ADB2C0'),
(23, 0, 'Outline', '#E8DC64'),
(23, 1, 'Fill', '#FFFAAD'),
(24, 0, 'Gradient Top', '#D1973D'),
(24, 1, 'Gradient Middle', '#EDE54F'),
(24, 2, 'Gradient Bottom/Highlight Top', '#EBFC82'),
(24, 3, 'Highlight Bottom', '#F4FFB9'),
(25, 0, 'Bubble', '#DEDEFF'),
(25, 1, 'Bubble Highlight', '#E4FFFF'),
(26, 0, 'Outline', '#2FB17B'),
(26, 1, 'Fill', '#8CFFDB'),
(26, 2, 'Shadow Fill', '#62DFB2'),
(27, 0, 'Outline 1', '#74ECEA'),
(27, 1, 'Outline 2', '#4AD0CD'),
(27, 2, 'Fill 1', '#FFFFFF'),
(27, 3, 'Fill 2', '#ACE9E9'),
(28, 0, 'Gradient Top', '#E66100'),
(28, 1, 'Gradient Bottom', '#FAD542'),
(28, 2, 'Highlight Top', '#FFFF61'),
(28, 3, 'Highlight Bottom', '#FFFFD9'),
(29, 0, 'Aura', '#EEA92A'),
(30, 0, 'Outline', '#B78000'),
(30, 1, 'Fill', '#F3BA36'),
(30, 2, 'Highlight', '#FFE8A9'),
(30, 3, 'Strings', '#40BA8F'),
(35, 0, 'Outline', '#81CFBD'),
(35, 1, 'Fill', '#A1FFE9'),
(35, 2, 'Shadow Fill', '#90E4D0'),
(36, 0, 'Outline', '#80D940'),
(36, 1, 'Fill', '#D6FF58'),
(37, 0, 'Gradient Top', '#A84E0D'),
(37, 1, 'Gradient Bottom', '#EE8B2D'),
(37, 2, 'Highlight Top', '#F2AA75'),
(37, 3, 'Highlight Bottom', '#F5B98D'),
(37, 4, 'Sclera', '#F9FFCB'),
(38, 0, 'Main Star Fills', '#FFFFFF'),
(38, 1, 'Small Star Fills', '#D78F4F'),
(38, 2, 'Head Outline', '#76C1AD'),
(38, 3, 'Head Fill', '#BEFFF0'),
(38, 4, 'Head Shadow', '#92DECF'),
(38, 5, 'Mane Outline', '#80D940'),
(38, 6, 'Mane Fill', '#D6FF58'),
(38, 7, 'Eyeball Fill', '#F8FCC6'),
(38, 8, 'Iris (no gradient)', '#DF8C37'),
(39, 0, 'Aura', '#E69A44'),
(40, 0, 'Outline', '#1D4555'),
(40, 1, 'Fill', '#2F7A98'),
(40, 2, 'Shadow Outline', '#203A45'),
(40, 3, 'Shadow Fill', '#2D5B6C'),
(41, 0, 'Outline', '#5E5A5A'),
(41, 1, 'Fill 1', '#B0B0B0'),
(41, 2, 'Fill 2', '#797979'),
(42, 0, 'Gradient Top', '#2F8CB0'),
(42, 1, 'Gradient Bottom', '#ADD7E6'),
(43, 0, 'Stars', '#EED255'),
(44, 0, 'Outline', '#9F1D3A'),
(44, 1, 'Main Fill', '#D44350'),
(44, 2, 'Thick Stripe', '#B1374F'),
(44, 3, 'Thin Stripe', '#E49355'),
(45, 0, 'Aura', '#F7DF53'),
(46, 0, 'Frame Outline', '#919DA4'),
(46, 1, 'Frame Fill', '#FFFFFF'),
(46, 2, 'Lens Top (85% Opacity)', '#260F1C'),
(46, 3, 'Lens Bottom (85% Opacity)', '#C06588'),
(47, 0, 'Main Outline', '#4596B0'),
(47, 1, 'Inside Outlines (Ear, Horn)', '#57ACD4'),
(47, 2, 'Fill', '#B1EAFF'),
(48, 0, 'Outline', '#A3413E'),
(48, 1, 'Main Outer Fill', '#EB7F51'),
(48, 2, 'Outer Fill 1', '#E9D271'),
(48, 3, 'Outer Fill 2', '#FFAC89'),
(48, 4, 'Outer Fill 3 (at front)', '#EA5E5E'),
(48, 5, 'Inside Outline Stroke', '#95346D'),
(48, 6, 'Inside Fill Gradient Top', '#CE53B9'),
(48, 7, 'Inside Fill Gradient Bottom', '#88387D'),
(48, 8, 'Inside Fill Line', '#75326F'),
(49, 0, 'Gradient Top', '#F5973C'),
(49, 1, 'Gradient Bottom', '#F5B27D'),
(49, 2, 'Highlight Top', '#FADBAB'),
(49, 3, 'Highlight Bottom', '#FBEDD4'),
(49, 4, 'Eyeshadow', '#564C9A'),
(51, 0, 'Outline', '#1E1A24'),
(51, 1, 'Fill 1', '#5D4D68'),
(51, 2, 'Fill 2', '#3B2D45'),
(51, 3, 'Stud Fill 1', '#FFFFCB'),
(51, 4, 'Stud Fill 2', '#F4D05B'),
(52, 0, 'Outline', '#E8AD34'),
(52, 1, 'Fill 1', '#F5CF5D'),
(52, 2, 'Fill 2', '#F9E457'),
(52, 3, 'Fill 3', '#FAE356'),
(52, 4, 'Seat fill', '#FFFBAA'),
(52, 5, 'Seat Decoration Fill 1', '#8F35B4'),
(52, 6, 'Seat Decoration Fill 2', '#AC5DCB'),
(52, 7, 'Stud Fill 1', '#FFFFCB'),
(52, 8, 'Stud Fill 2', '#F4D05B'),
(53, 0, 'Aura', '#F6EF95'),
(54, 0, 'Outline', '#EF6F2F'),
(54, 1, 'Fill', '#FABA62'),
(54, 2, 'Shadow Fill', '#F0AA52'),
(54, 3, 'Freckles', '#FFFFFF'),
(55, 0, 'Outline', '#E7D462'),
(55, 1, 'Fill', '#FAF5AB'),
(56, 0, 'Gradient Top', '#287916'),
(56, 1, 'Gradient Bottom', '#61BA4E'),
(56, 2, 'Highlight Top', '#78D863'),
(56, 3, 'Highlight Bottom', '#CAECC4'),
(57, 0, 'Apples', '#EC3F41'),
(57, 1, 'Leaves', '#6BB944'),
(58, 0, 'Outline', '#B2884D'),
(58, 1, 'Fill', '#CA9A56'),
(58, 2, 'Hair Tie', '#EC3F41'),
(59, 0, 'Outline', '#E880B0'),
(59, 1, 'Fill', '#F5B7D0'),
(59, 2, 'Shadow Outline', '#DD6FA4'),
(59, 3, 'Shadow Fill', '#E89CBF'),
(60, 0, 'Outline', '#BB1C76'),
(60, 1, 'Fill', '#EB458B'),
(61, 0, 'Gradient Top', '#196E91'),
(61, 1, 'Gradient Bottom', '#7DD0F1'),
(61, 2, 'Highlight Top', '#9CDCF4'),
(61, 3, 'Highlight Bottom', '#DCF3FD'),
(62, 0, 'Fill 1', '#7ED0F2'),
(62, 1, 'Fill 2', '#FAF5AB'),
(63, 0, 'Outline', '#E9D461'),
(63, 1, 'Fill', '#FAF5AB'),
(63, 2, 'Shadow Fill', '#F3E488'),
(64, 0, 'Outline', '#E581B1'),
(64, 1, 'Fill', '#F3B5CF'),
(65, 0, 'Gradient Top', '#02534D'),
(65, 1, 'Gradient Bottom', '#02ACA4'),
(65, 2, 'Highlight Top', '#3CBEB7'),
(65, 3, 'Highlight Bottom', '#84D2D4'),
(66, 0, 'Wings', '#F3B5CF'),
(66, 1, 'Body', '#69C8C3'),
(67, 0, 'Outline', '#6BABDA'),
(67, 1, 'Fill', '#9BDBF5'),
(67, 2, 'Shadow Fill', '#88C4E9'),
(68, 0, 'Outline/Fill 1', '#1B98D1'),
(68, 1, 'Fill 2', '#EC4141'),
(68, 2, 'Fill 3', '#EF7135'),
(68, 3, 'Fill 4', '#FAF5AB'),
(68, 4, 'Fill 5', '#5FBB4E'),
(68, 5, 'Fill 6', '#632E86'),
(69, 0, 'Gradient Top', '#580D36'),
(69, 1, 'Gradient Bottom', '#BC1D75'),
(69, 2, 'Highlight Top', '#D9539D'),
(69, 3, 'Highlight Bottom', '#FCB6DF'),
(70, 0, 'Cloud Outline/Blue Streak', '#1B98D1'),
(70, 1, 'Cloud Fill', '#FFFFFF'),
(70, 2, 'Red Streak', '#EC4141'),
(70, 3, 'Yellow Streak', '#FDE85F'),
(71, 0, 'Outline', '#BDC1C2'),
(71, 1, 'Fill', '#EAEEF0'),
(71, 2, 'Shadow Fill', '#DFE4E3'),
(72, 0, 'Outline/Gradient Dark Fill', '#4A1767'),
(72, 1, 'Gradient Light Fill', '#794897'),
(72, 2, 'Fill', '#5E50A0'),
(73, 0, 'Gradient Top', '#20476B'),
(73, 1, 'Gradient Bottom', '#3977B8'),
(73, 2, 'Highlight Top', '#5693CF'),
(73, 3, 'Highlight Bottom', '#76ADE5'),
(73, 4, 'Eyeshadow', '#B8E1F0'),
(74, 0, 'Outline', '#2696CB'),
(74, 1, 'Fill', '#7DD1F5'),
(75, 0, 'Outline 1', '#985E9F'),
(75, 1, 'Fill 1', '#C290C6'),
(75, 2, 'Outline 2', '#96CE7D'),
(75, 3, 'Fill 2', '#D5EBAD'),
(75, 4, 'Sole Fill', '#AF72B6'),
(76, 0, 'Outline', '#2E992E'),
(76, 1, 'Fill', '#50C356'),
(77, 0, 'Gradient Top', '#277915'),
(77, 1, 'Gradient Bottom', '#5EBA4A'),
(77, 2, 'Highlight Top', '#77D963'),
(77, 3, 'Highlight Bottom', '#CAECC3'),
(78, 0, 'Outline', '#DCF188'),
(78, 1, 'Fill', '#AFD95E'),
(79, 0, 'Teeth', '#94B5B3'),
(79, 1, 'Tongue', '#F997C8'),
(79, 2, 'Mouth', '#973365'),
(80, 0, 'Aura', '#82C1DC'),
(81, 0, 'Outline', '#467CBB'),
(81, 1, 'Fill', '#83C6ED'),
(81, 2, 'Shadow Fill', '#7ABAE5'),
(82, 0, 'Outline 1', '#303297'),
(82, 1, 'Fill 1', '#393CB1'),
(82, 2, 'Outline 2', '#9E9FDC'),
(82, 3, 'Fill 2', '#CFD1EC'),
(83, 0, 'Gradient Top', '#1F205D'),
(83, 1, 'Gradient Bottom', '#506ACF'),
(83, 2, 'Highlight Top', '#AAACFB'),
(83, 3, 'Highlight Bottom', '#DBDCFF'),
(84, 0, 'Glass', '#BAE9FA'),
(84, 1, 'Glass Highlight', '#F6F5EB'),
(84, 2, 'Sand', '#D3CF96'),
(84, 3, 'Base', '#DCBE10'),
(84, 4, 'Base Highlight', '#FFEA9B'),
(85, 0, 'Outline', '#BEB789'),
(85, 1, 'Fill', '#F9FAED'),
(85, 2, 'Shadow Fill', '#E0DEC1'),
(86, 0, 'Outline', '#DE83CD'),
(86, 1, 'Fill', '#F8AAE5'),
(87, 0, 'Gradient Top', '#015B56'),
(87, 1, 'Gradient Bottom', '#6BF0ED'),
(87, 2, 'Highlight Top', '#B1F0F4'),
(87, 3, 'Highlight Bottom', '#D5F9FB'),
(88, 0, 'Stars', '#B6E0F7'),
(89, 0, 'Outline', '#EFBD3B'),
(89, 1, 'Fill', '#FBFC63'),
(89, 2, 'Shadow Fill', '#F7E253'),
(90, 0, 'Outline', '#3695B5'),
(90, 1, 'Fill 1', '#68B5CF'),
(90, 2, 'Fill 2', '#7BCBE1'),
(91, 0, 'Gradient Top', '#580D36'),
(91, 1, 'Gradient Bottom', '#BC1D75'),
(91, 2, 'Highlight Top', '#D9539D'),
(91, 3, 'Highlight Bottom', '#FCB6DF'),
(92, 0, 'Blue Outline', '#63B5CB'),
(92, 1, 'Blue Fill', '#A2D7E1'),
(92, 2, 'Green Outline', '#96DC51'),
(92, 3, 'Green Fill', '#BAEF85'),
(93, 0, 'Outline', '#ACC849'),
(93, 1, 'Fill', '#D2EA91'),
(93, 2, 'Shadow Outline', '#A4C040'),
(93, 3, 'Shadow Fill', '#BDD56C'),
(94, 0, 'Outline', '#ADD9D5'),
(94, 1, 'Fill', '#FFFFFF'),
(95, 0, 'Gradient Top', '#EC565C'),
(95, 1, 'Gradient Bottom', '#F49A43'),
(96, 0, 'Plate Fill 1', '#9AA596'),
(96, 1, 'Plate Fill 2', '#A2AF9D'),
(96, 2, 'Plate Fill 3', '#B2BEAC'),
(96, 3, 'Pie Fill 1', '#B68145'),
(96, 4, 'Pie Fill 2', '#D29752'),
(96, 5, 'Pie Fill 3', '#E4A95A'),
(96, 6, 'Pie Fill 4', '#FBB963'),
(97, 0, 'Outline', '#F58950'),
(97, 1, 'Fill', '#FABA63'),
(97, 2, 'Apples', '#EB575A'),
(97, 3, 'Stems', '#7CA42A'),
(97, 4, 'Frill Outline', '#ADD9D5'),
(97, 5, 'Frill Fill', '#FFFFFF'),
(98, 0, 'Outline', '#3DBAC9'),
(98, 1, 'Fill', '#8BD8DF'),
(98, 2, 'Shadow Fill', '#6ECAD5'),
(99, 0, 'Outline', '#A6E9F9'),
(99, 1, 'Fill', '#FFFFFF'),
(99, 2, 'Fill 2', '#D4F3FF'),
(100, 0, 'Gradient Top', '#320041'),
(100, 1, 'Gradient Bottom', '#F990D1'),
(100, 2, 'Highlight Top', '#D53AB6'),
(100, 3, 'Highlight Bottom', '#FFCAE9'),
(101, 0, 'Air Wave', '#FFFF98'),
(101, 1, 'Horseshoe', '#3797C7'),
(101, 2, 'Horseshoe Dots', '#FFFFFF'),
(102, 0, 'Outline', '#D8971C'),
(102, 1, 'Fill', '#F3E365'),
(102, 2, 'Shadow Outline', '#C18719'),
(102, 3, 'Shadow Fill', '#DACB5A'),
(103, 0, 'Outline', '#AC240B'),
(103, 1, 'Fill 1', '#FA8A24'),
(103, 2, 'Fill 2', '#DF5C0A'),
(104, 0, 'Gradient Top', '#B74729'),
(104, 1, 'Gradient Bottom', '#F48F66'),
(104, 2, 'Eyeshadow', '#7FA2C3'),
(105, 0, 'Outline', '#AA4300'),
(105, 1, 'Fill 1', '#E37B00'),
(105, 2, 'Fill 2', '#FFBF36'),
(106, 0, 'Outline', '#75C0C8'),
(106, 1, 'Fill', '#DEF2F0'),
(107, 0, 'Outline', '#552E66'),
(107, 1, 'Fill 1', '#743E8A'),
(107, 2, 'Fill 2', '#A775BE'),
(107, 3, 'Shadow Outline', '#4A295A'),
(107, 4, 'Shadow Fill 1', '#69377D'),
(107, 5, 'Shadow Fill 2', '#9568AA'),
(108, 0, 'Outline', '#6BABDA'),
(108, 1, 'Fill', '#9CDBF5'),
(108, 2, 'Shadow Fill', '#89C7EB'),
(109, 0, 'Outline', '#52574C'),
(109, 1, 'Fill 1', '#8E9783'),
(109, 2, 'Fill 2', '#777B6C'),
(109, 3, 'Shadow Fill', '#585B52'),
(110, 0, 'Gradient Top', '#CB9932'),
(110, 1, 'Gradient Bottom', '#FFEBA5'),
(110, 2, 'Eyebrows', '#53564D'),
(111, 0, 'Helmet Fill 1', '#48412C'),
(111, 1, 'Helmet Fill 2', '#7C704C'),
(111, 2, 'Helmet Fill 3', '#C1AE73'),
(111, 3, 'Helmet Shadow Fill', '#1E1D11'),
(111, 4, 'Strap Fill', '#629672'),
(111, 5, 'Strap Holes', '#35462A'),
(111, 6, 'Wing Outline', '#D3D8A0'),
(111, 7, 'Wing Fill', '#F7F8DC'),
(111, 8, 'Goggles Rim', '#313131'),
(111, 9, 'Goggles Fill 1', '#3AD0F5'),
(111, 10, 'Goggles Fill 2', '#D7F5FB'),
(111, 11, 'Goggles Fill 3 (At rim)', '#2BA9C4'),
(112, 0, 'Outline', '#324649'),
(112, 1, 'Fill 1', '#507276'),
(112, 2, 'Fill 2', '#A9AE82'),
(112, 3, 'Sleeve Patch', '#BEC99D'),
(112, 4, 'Zipper Outline', '#77ACA8'),
(112, 5, 'Zipper Fill', '#C2DFE3'),
(112, 6, 'Fur Outline', '#41585B'),
(112, 7, 'Fur Fill', '#AAAE82'),
(113, 0, 'Outline', '#D7D78C'),
(113, 1, 'Fill', '#FAFFEE'),
(114, 0, 'Outline', '#8E6E21'),
(114, 1, 'Fill 1', '#E2D23B'),
(114, 2, 'Fill 2', '#EFE89A'),
(115, 0, 'Outline', '#A3C6BC'),
(115, 1, 'Fill', '#FFFFFF'),
(116, 0, 'Outline', '#FF80C6'),
(116, 1, 'Fill', '#FFC3E5'),
(116, 2, 'Shadow Outline', '#F673B8'),
(116, 3, 'Shadow Fill', '#FFB0D8'),
(117, 0, 'Outline', '#533251'),
(117, 1, 'Fill', '#955495'),
(118, 0, 'Gradient Top', '#681D46'),
(118, 1, 'Gradient Bottom', '#CD2F89'),
(118, 2, 'Highlight Top', '#EB64B1'),
(118, 3, 'Highlight Bottom', '#FFBFE7'),
(119, 0, 'Candy 1', '#FF81BA'),
(119, 1, 'Candy 2', '#FFAD89'),
(119, 2, 'Candy 3', '#FFD77C'),
(119, 3, 'Candy Highlight', '#FFFFFF'),
(119, 4, 'Cup Top', '#7FC9C7'),
(119, 5, 'Cup Fill 1', '#A2E3BE'),
(119, 6, 'Cup Fill 2', '#BFF7C6'),
(119, 7, 'Cupcake Fill 1', '#C477C6'),
(119, 8, 'Cupcake Fill 2', '#E0A5E0'),
(119, 9, 'Cherry Fill', '#FF696D'),
(119, 10, 'Cherry Stroke', '#C8454F'),
(119, 11, 'Cherry Stem', '#57334E'),
(120, 0, 'Magic', '#47C0CC'),
(121, 0, 'Outline 1', '#13A9A9'),
(121, 1, 'Fill 1', '#0FDAD9'),
(121, 2, 'Outline 2', '#89CBC8'),
(121, 3, 'Fill 2', '#D1FFEC'),
(122, 0, 'Outline', '#D9C574'),
(122, 1, 'Fill', '#F3F49B'),
(122, 2, 'Shadow Outline', '#D5C167'),
(122, 3, 'Shadow Fill', '#E6DC7F'),
(123, 0, 'Outline', '#C52452'),
(123, 1, 'Fill', '#F5415F'),
(124, 0, 'Gradient Top', '#ED585A'),
(124, 1, 'Gradient Bottom', '#FBA93F'),
(124, 2, 'Highlight Top', '#FCC657'),
(124, 3, 'Highlight Bottom', '#FEE27A'),
(126, 0, 'Outline', '#F37033'),
(126, 1, 'Fill', '#F9B764'),
(126, 2, 'Shadow Outline', '#EA6B2B'),
(126, 3, 'Shadow Fill', '#F0AA56'),
(127, 0, 'Outline', '#BD1F77'),
(127, 1, 'Fill', '#BF5D93'),
(128, 0, 'Gradient Top', '#482562'),
(128, 1, 'Gradient Bottom', '#B28EC0'),
(128, 2, 'Highlight Top', '#C5A6D0'),
(128, 3, 'Highlight Bottom', '#E7CEE4'),
(130, 0, 'Outline', '#C72965'),
(130, 1, 'Fill 1', '#F35F91'),
(130, 2, 'Fill 2', '#EC438C'),
(131, 0, 'Outline', '#CEC8D1'),
(131, 1, 'Fill', '#EFEDED'),
(131, 2, 'Shadow Fill', '#E0DDE3'),
(132, 0, 'Outline', '#785B88'),
(132, 1, 'Fill 1', '#B28DC1'),
(132, 2, 'Fill 2', '#F6B8D2'),
(133, 0, 'Gradient Top', '#629558'),
(133, 1, 'Gradient Bottom', '#AED79E'),
(133, 2, 'Highlight Top', '#CBE4BE'),
(133, 3, 'Highlight Bottom', '#F4F8ED'),
(135, 0, 'Outline', '#2F5173'),
(135, 1, 'Fill', '#4C7DAF'),
(135, 2, 'Shadow Fill', '#406C93'),
(136, 0, 'Outline', '#9BAAE8'),
(136, 1, 'Fill 1', '#E1E6FA'),
(136, 2, 'Fill 2', '#C4CFF4'),
(136, 3, 'Fill 3', '#FFFFFF'),
(137, 0, 'Gradient Top', '#1378AB'),
(137, 1, 'Gradient Middle', '#47CFFF'),
(137, 2, 'Gradient Bottom', '#6EDCFF'),
(137, 3, 'Highlight Top', '#90E2FF'),
(137, 4, 'Highlight Bottom', '#D5F3FF'),
(138, 0, 'Moon Base', '#385E83'),
(138, 1, 'Crescent', '#FFFFCB'),
(138, 2, 'Feather Center', '#D6E4FF'),
(138, 3, 'Feather Fill 1', '#97ABEB'),
(138, 4, 'Feather Fill 2', '#6A8AD2'),
(138, 5, 'Feather Fill 3', '#44608D'),
(139, 0, 'Outline', '#BFD1E1'),
(139, 1, 'Fill', '#FFFFFF'),
(139, 2, 'Shadow Outline', '#B2C7D2'),
(139, 3, 'Shadow Fill', '#D6E3E5'),
(140, 0, 'Outline', '#A6BFD8'),
(140, 1, 'Fill 1', '#F2FBFF'),
(140, 2, 'Fill 2', '#FFFFFF'),
(141, 0, 'Gradient Top', '#2B4E99'),
(141, 1, 'Gradient Middle', '#6E9FFF'),
(141, 2, 'Gradient Bottom', '#B0EBFF'),
(142, 0, 'Fill', '#87B1E6'),
(142, 1, 'Inner Strokes', '#BEDBFA'),
(143, 0, 'Outline', '#603860'),
(143, 1, 'Fill', '#9B579B'),
(144, 0, 'Outline', '#75C3D3'),
(144, 1, 'Fill', '#C7F0F2'),
(144, 2, 'Shadow Fill', '#A7DEE6'),
(145, 0, 'Outline', '#366395'),
(145, 1, 'Fill 1', '#4886CE'),
(145, 2, 'Fill 2', '#62A8E1'),
(146, 0, 'Gradient Top', '#2B4E99'),
(146, 1, 'Gradient Middle', '#6E9FFF'),
(146, 2, 'Gradient Bottom', '#B0EBFF'),
(147, 0, 'Balloon Fill 1', '#EB5095'),
(147, 1, 'Balloon Fill 2', '#F36AAB'),
(147, 2, 'Balloon Fill 3', '#F88FC2'),
(147, 3, 'Balloon Highlight', '#FFD3E9'),
(147, 4, 'Confetti 1', '#7F6DAF'),
(147, 5, 'Confetti 2', '#FFAE75'),
(147, 6, 'Confetti 3', '#FFD269'),
(147, 7, 'Confetti 4', '#FFFFFF'),
(164, 0, 'Outline', '#C394D7'),
(164, 1, 'Fill', '#F2C7F8'),
(164, 2, 'Shadow Fill', '#DDB1EB'),
(165, 0, 'Outline', '#562875'),
(165, 1, 'Fill 1', '#69328F'),
(165, 2, 'Fill 2', '#8640B4'),
(165, 3, 'Fill 3', '#9BE9D8'),
(165, 4, 'Shadow Fill (new mane style)', '#5F2D7F'),
(166, 0, 'Gradient Top', '#241A7C'),
(166, 1, 'Gradient Bottom', '#98A2EF'),
(166, 2, 'Highlight Top', '#8587EC'),
(166, 3, 'Highlight Bottom', '#B9BAFC'),
(167, 0, 'Star Fill 1', '#B765B8'),
(167, 1, 'Star Fill 2', '#FFFFF0'),
(167, 2, 'Trail Fill 1', '#08BAB7'),
(167, 3, 'Trail Fill 2', '#9BE9D8'),
(168, 0, 'Aura', '#9BE9D8'),
(169, 0, 'Outline', '#E9CDA4'),
(169, 1, 'Fill', '#FBF4DF'),
(169, 2, 'Shadow Outline', '#DEC098'),
(169, 3, 'Shadow Fill', '#EFE2CA'),
(170, 0, 'Outline', '#45C8D5'),
(170, 1, 'Fill 1', '#96E5EF'),
(170, 2, 'Fill 2', '#CCF9F9'),
(171, 0, 'Gradient Top', '#26A9BF'),
(171, 1, 'Gradient Bottom', '#D7FFFA'),
(171, 2, 'Highlight Top', '#C3F4FF'),
(171, 3, 'Highlight Bottom', '#EFFFFF'),
(172, 0, 'Hat Fill 1', '#D39CD1'),
(172, 1, 'Hat Fill 2', '#B674BC'),
(172, 2, 'Hat Fill 3', '#FBFBFB'),
(172, 3, 'Plume Fill', '#FF5555'),
(172, 4, 'Plume Shadow', '#F24C4C'),
(173, 0, 'Collar Outline', '#985C9D'),
(173, 1, 'Collar Fill 1', '#D39CD1'),
(173, 2, 'Collar Fill 2', '#FBFBFB'),
(173, 3, 'Collar Shadow Fill', '#B674BC'),
(173, 4, 'Tie Outline', '#E64E07'),
(173, 5, 'Tie Fill', '#FF7D74'),
(174, 0, 'Main Outline', '#E64E07'),
(174, 1, 'Main Fill 1', '#FF7D74'),
(174, 2, 'Main Fill 2', '#FFA085'),
(174, 3, 'Blossom Outline', '#6C3F6B'),
(174, 4, 'Blossom Outside Fill', '#985C9D'),
(174, 5, 'Blossom Inside Fill 1', '#955E9C'),
(174, 6, 'Blossom Inside Fill 2', '#D39CD1'),
(175, 0, 'Outline', '#151730'),
(175, 1, 'Fill', '#38407C'),
(175, 2, 'Shadow Fill', '#30376C'),
(176, 0, 'Outline', '#8952E1'),
(176, 1, 'Edge Fill (50% Opacity)', '#473CC7'),
(176, 2, 'Main Fill', '#1C4FC2'),
(176, 3, 'Stars', '#FFFFFF'),
(177, 0, 'Outline', '#9791F1'),
(177, 1, 'Fill', '#C4BFF9'),
(177, 2, 'Shadow Outline', '#7E79CB'),
(177, 3, 'Shadow Fill', '#9F9DCE'),
(178, 0, 'Outline', '#9F9DCE'),
(178, 1, 'Fill', '#000000'),
(178, 2, 'Moon', '#FFFFFF'),
(179, 0, 'Dark Side of the Moon', '#000000'),
(179, 1, 'Moon', '#FFFFFF'),
(180, 0, 'Gradient Top', '#0E6183'),
(180, 1, 'Gradient Bottom', '#06A79F'),
(180, 2, 'Highlight Top', '#61E9D1'),
(180, 3, 'Highlight Bottom', '#9AFCFD'),
(180, 4, 'Eyeshadow', '#7696ED'),
(182, 0, 'Outline', '#FA9EDE'),
(182, 1, 'Fill', '#FFD9FB'),
(182, 2, 'Shadow Outline', '#F591D7'),
(182, 3, 'Shadow Fill', '#FDBBEC'),
(183, 0, 'Outline', '#6B5584'),
(183, 1, 'Fill', '#9775B8'),
(184, 0, 'Gradient Top', '#584239'),
(184, 1, 'Gradient Middle', '#A87A66'),
(184, 2, 'Gradient Bottom', '#DFB77D'),
(184, 3, 'Highlight Top', '#CEA06F'),
(184, 4, 'Highlight Bottom', '#E2C6AB'),
(185, 0, 'Button 1 main', '#9776B8'),
(185, 1, 'Button 1 holes', '#43324C'),
(185, 2, 'Button 1 rim', '#72528C'),
(185, 3, 'Button 2 main', '#FFF8D8'),
(185, 4, 'Button 2 holes', '#8E734D'),
(185, 5, 'Button 2 rim', '#EFDEAD'),
(185, 6, 'Button 3 main', '#C4F5FF'),
(185, 7, 'Button 3 holes', '#2F6E87'),
(185, 8, 'Button 3 rim', '#6ABFE3'),
(186, 0, 'Outline', '#5EC3EF'),
(186, 1, 'Main fill', '#C3F6FF'),
(186, 2, 'Stripes', '#7CD7F9'),
(186, 3, 'Dots', '#FBFBFB'),
(187, 0, 'Outline', '#F6DDA5'),
(187, 1, 'Fill', '#FFF9D8'),
(188, 0, 'Aura', '#D9539D'),
(189, 0, 'Aura', '#F8EA96'),
(190, 0, 'Aura', '#6BF0ED'),
(191, 0, 'Outline', '#338FCC'),
(191, 1, 'Fill', '#6CB2EA'),
(191, 2, 'Shadow Fill', '#5DAAE3'),
(192, 0, 'Outline', '#92CDF4'),
(192, 1, 'Fill 1', '#B8E0F9'),
(192, 2, 'Fill 2', '#D8EEFB'),
(193, 0, 'Gradient Top', '#3A2851'),
(193, 1, 'Gradient Middle', '#6E4386'),
(193, 2, 'Gradient Bottom', '#E0A0D3'),
(194, 0, 'Wand Star Outline', '#B7E0FA'),
(194, 1, 'Wand Star Fill', '#71A2CD'),
(194, 2, 'Wand Handle Fill 1', '#6EA3D3'),
(194, 3, 'Wand Handle Fill 2', '#ADCCEA'),
(194, 4, 'Trail Fill', '#82DEF4'),
(194, 5, 'Trail Stars', '#FFFFFF'),
(195, 0, 'Outline', '#7B5ACE'),
(195, 1, 'Fill', '#9C82DA'),
(195, 2, 'Stars 1', '#FAF99D'),
(195, 3, 'Stars 2', '#82DDF4'),
(195, 4, 'Stars 3', '#B7E0F9'),
(195, 5, 'Stars 4', '#D7ECFA'),
(196, 0, 'Outline', '#2C84A0'),
(196, 1, 'Center Fill', '#BFEFFA'),
(196, 2, 'Fill 1', '#32A2BA'),
(196, 3, 'Fill 2', '#3ABDDC'),
(196, 4, 'Fill 3', '#82DDF4'),
(196, 5, 'Fill 4', '#A7F8E0'),
(196, 6, 'Fill 5', '#CDF1FB'),
(196, 7, 'Center Highlights', '#D9F9FF'),
(197, 0, 'Aura', '#E3B2DA'),
(198, 0, 'Outline', '#161515'),
(198, 1, 'Fill', '#5E5E5E'),
(198, 2, 'Horn Inner Strokes', '#B7B7B7'),
(198, 3, 'Eye Stroke', '#6E0000'),
(198, 4, 'Eye Fill', '#DA0000'),
(199, 0, 'Outline', '#161515'),
(199, 1, 'Fill 1', '#434343'),
(199, 2, 'Fill 2', '#5E5E5E'),
(199, 3, 'Fill 3', '#8C8C8C'),
(200, 0, 'Outline', '#161515'),
(200, 1, 'Fill', '#333333'),
(200, 2, 'Red Outline', '#6E0000'),
(200, 3, 'Red Fill 1', '#B10000'),
(200, 4, 'Red Fill 2', '#DA0000'),
(200, 5, 'Red Fill 3', '#FF080B'),
(201, 0, 'Outline', '#6E0000'),
(201, 1, 'Center Fill', '#FFB3B3'),
(201, 2, 'Fill 1', '#B10000'),
(201, 3, 'Fill 2', '#FF080B'),
(201, 4, 'Fill 3', '#FF9292'),
(202, 0, 'Magic Aura/Eye Aura', '#FF080B'),
(202, 1, 'Iris', '#B10000'),
(203, 0, 'Outline', '#161515'),
(203, 1, 'Fill 1', '#434343'),
(203, 2, 'Fill 2', '#333333'),
(203, 3, 'Highlight', '#B7B7B7'),
(204, 0, 'Outline', '#EECFE1'),
(204, 1, 'Fill', '#FEF7FB'),
(204, 2, 'Shadow Fill', '#F2E6E9'),
(205, 0, 'Gradient Outline 1', '#3D9DC4'),
(205, 1, 'Gradient Outline 2', '#48BAA9'),
(205, 2, 'Gradient Outline 3', '#7A9BDE'),
(205, 3, 'Gradient Outline 4', '#D085D0'),
(205, 4, 'Gradient Dark Fill 1', '#44B1CE'),
(205, 5, 'Gradient Light Fill 1', '#8CDEE4'),
(205, 6, 'Gradient Dark Fill 2', '#50CDA5'),
(205, 7, 'Gradient Light Fill 2', '#CBF5C0'),
(205, 8, 'Gradient Dark Fill 3', '#80A4EE'),
(205, 9, 'Gradient Light Fill 3', '#AEDEFC'),
(205, 10, 'Gradient Dark Fill 4', '#E599F2'),
(205, 11, 'Gradient Light Fill 4', '#F2C4FD'),
(206, 0, 'Gradient Top', '#5F2F7A'),
(206, 1, 'Gradient Bottom', '#E68CE3'),
(206, 2, 'Highlight Top', '#CB7DD0'),
(206, 3, 'Highlight Bottom', '#D8A0D9'),
(207, 0, 'Sun Center', '#FDF5B7'),
(207, 1, 'Sun Edge', '#FDD68F'),
(207, 2, 'Sun Rays', '#FAC18A'),
(208, 0, 'Aura', '#FEFD96'),
(209, 0, 'Outline & Trim', '#E9BF6E'),
(209, 1, 'Fill', '#FFE398'),
(209, 2, 'Gem Outline', '#6E3B7F'),
(209, 3, 'Gem Center Fill', '#C671D0'),
(209, 4, 'Gem Shine', '#DE9FE2'),
(209, 5, 'Gem Saturated Fill', '#BE62C8'),
(209, 6, 'Gem Main Fill', '#9E5DB5'),
(209, 7, 'Gem Dark Fill', '#824997'),
(210, 0, 'Outline', '#EECFE1'),
(210, 1, 'Fill', '#FFEFBC'),
(210, 2, 'Shadow Fill', '#F5E1C7'),
(211, 0, 'Outline', '#A32141'),
(211, 1, 'Fill', '#E64A57'),
(211, 2, 'Shadow Outline', '#9E164C'),
(211, 3, 'Shadow Fill', '#D0335C'),
(211, 4, 'Freckles', '#FFF6AD'),
(212, 0, 'Outline', '#F08E43'),
(212, 1, 'Fill', '#FBBA62'),
(213, 0, 'Gradient Top', '#267A14'),
(213, 1, 'Gradient Bottom', '#5FBB4B'),
(215, 0, 'Yoke Outline', '#876235'),
(215, 1, 'Yoke Fill 1', '#C8954D'),
(215, 2, 'Yoke Fill 2', '#AE8241'),
(215, 3, 'Post Rod', '#ADB9A7'),
(215, 4, 'Post Head', '#99A294'),
(215, 5, 'Post Highlight', '#C6DDC9'),
(215, 6, 'Post Base', '#9CA596'),
(215, 7, 'Post Nails', '#6E786A'),
(216, 0, 'Apple Stem 1', '#DAFF87'),
(216, 1, 'Apple Fill 1/Apple Stem 2', '#87D557'),
(216, 2, 'Apple Fill 2', '#B6F677'),
(216, 3, 'Apple Fill 3/Apple Leaf 1', '#5EBA4A'),
(216, 4, 'Apple Leaf 2', '#309438'),
(216, 5, 'Seeds', '#AD8341'),
(217, 0, 'Outline', '#DBBD5D'),
(217, 1, 'Fill', '#F9F8D3'),
(217, 2, 'Shadow Outline', '#C4A953'),
(217, 3, 'Shadow Fill', '#E0DEBE'),
(217, 4, 'Eyebrows', '#9D2544'),
(218, 0, 'Outline', '#9D2544'),
(218, 1, 'Fill', '#E0535D'),
(218, 2, 'Stripe 1', '#78549A'),
(218, 3, 'Stripe 2', '#AD90D0'),
(219, 0, 'Gradient Top', '#200B3E'),
(219, 1, 'Gradient Bottom', '#622E87'),
(219, 2, 'Highlight Top', '#8B5DA4'),
(219, 3, 'Highlight Bottom', '#CBB2D3'),
(220, 0, 'Moon', '#663E64'),
(220, 1, 'Stars', '#C670B7'),
(221, 0, 'Outline', '#1D1C2B'),
(221, 1, 'Fill 1', '#454163'),
(221, 2, 'Fill 2', '#34324C'),
(221, 3, 'Shadow Fill 1', '#3D3B56'),
(221, 4, 'Shadow Fill 2', '#2F2D44'),
(222, 0, 'Outline', '#CF6995'),
(222, 1, 'Fill', '#FCA1CB'),
(223, 0, 'Frame', '#181723'),
(223, 1, 'Frame Highlight', '#565175'),
(223, 2, 'Pin Outline', '#B5B2D1'),
(223, 3, 'Pin Fill', '#F0F2F8'),
(223, 4, 'Tape Outline', '#87BACB'),
(223, 5, 'Tape Fill', '#F8F9F1'),
(223, 6, 'Lens (80% to 25% Opacity)', '#BEDAF4'),
(224, 0, 'Aura', '#E3BFD0'),
(225, 0, 'Outline', '#A985D3'),
(225, 1, 'Fill', '#CDB8E6'),
(225, 2, 'Shadow Fill', '#BFA3DF'),
(226, 0, 'Outline', '#D3B76A'),
(226, 1, 'Fill 1', '#F7F0A6'),
(226, 2, 'Fill 2', '#F8F8D5'),
(227, 0, 'Gradient Top', '#C79835'),
(227, 1, 'Gradient Bottom', '#FCF89A'),
(227, 2, 'Highlight Top', '#FAFAB4'),
(227, 3, 'Highlight Bottom', '#FFFFDB'),
(229, 0, 'Outline', '#D76CA0'),
(229, 1, 'Fill', '#E8A3C5'),
(229, 2, 'Shadow Fill', '#E48CB7'),
(230, 0, 'Outline', '#A3376E'),
(230, 1, 'Fill 1', '#C24D87'),
(230, 2, 'Fill 2', '#CF78A4'),
(231, 0, 'Gradient Top', '#78952C'),
(231, 1, 'Gradient Bottom', '#D3EAAB'),
(231, 2, 'Highlight Top', '#C6F2A6'),
(231, 3, 'Highlight Bottom', '#EFFBD5'),
(233, 0, 'Shield Outline', '#AB3266'),
(233, 1, 'Shield Fill 1', '#F5415F'),
(233, 2, 'Shield Fill 2', '#F6B8D2'),
(233, 3, 'Shield Fill 3', '#BF5D93'),
(233, 4, 'Apple Fill', '#A02699'),
(233, 5, 'Heart Fill', '#FD41F8'),
(234, 0, 'Outline', '#845223'),
(234, 1, 'Fill', '#C58E4F'),
(234, 2, 'Shadow Outline', '#855C37'),
(234, 3, 'Shadow Fill', '#BE9061'),
(235, 0, 'Outline', '#613213'),
(235, 1, 'Fill 1', '#C44933'),
(235, 2, 'Fill 2', '#E47743'),
(236, 0, 'Gradient Top', '#B34236'),
(236, 1, 'Gradient Bottom', '#FF814D'),
(236, 2, 'Highlight Top', '#FE9863'),
(236, 3, 'Highlight Bottom', '#FFEAD1'),
(238, 0, 'Hat Outline', '#7A3F3F'),
(238, 1, 'Hat Fill 1', '#FAC443'),
(238, 2, 'Hat Fill 2', '#FBFBB4'),
(238, 3, 'Hat Fill 3', '#F35356'),
(238, 4, 'Hat Fill 4', '#FFFFFF'),
(238, 5, 'Propeller Outline', '#63A214'),
(238, 6, 'Propeller Fill', '#A3E34C'),
(238, 7, 'Rotor Outline', '#746DC3'),
(238, 8, 'Rotor Fill', '#BEBDF7'),
(240, 0, 'Outline', '#EF60A1'),
(240, 1, 'Fill', '#FFB2D3'),
(240, 2, 'Shadow Fill', '#FA92BE'),
(241, 0, 'Outline', '#7A2682'),
(241, 1, 'Fill 1', '#B739A6'),
(241, 2, 'Fill 2', '#A031A8'),
(241, 3, 'Hair Tie', '#51C8B8'),
(242, 0, 'Gradient Top', '#128B8F'),
(242, 1, 'Gradient Bottom', '#4AB1C4'),
(242, 2, 'Highlight Top', '#8EEDF5'),
(242, 3, 'Highlight Bottom', '#DDEFF5'),
(243, 0, 'Body Fill', '#FCEECF'),
(243, 1, 'Body Shadow Fill', '#EBCE96'),
(243, 2, 'Eye', '#49341D'),
(243, 3, 'Nose', '#7A4A52'),
(243, 4, 'Quills Fill', '#996448'),
(243, 5, 'Quills Highlight 1', '#F1C2A7'),
(243, 6, 'Quills Highlight 2', '#7E4B3E'),
(244, 0, 'Shield Outline', '#AB3266'),
(244, 1, 'Shield Fill 1', '#F5415F'),
(244, 2, 'Shield Fill 2', '#F6B8D2'),
(244, 3, 'Shield Fill 3', '#BF5D93'),
(244, 4, 'Wing Fill', '#A02699'),
(244, 5, 'Lightning Bolt Fill', '#FD41F8'),
(245, 0, 'Shield Outline', '#AB3266'),
(245, 1, 'Shield Fill 1', '#F5415F'),
(245, 2, 'Shield Fill 2', '#F6B8D2'),
(245, 3, 'Shield Fill 3', '#BF5D93'),
(245, 4, 'Star Fill', '#A02699'),
(245, 5, 'Eighth Note Fill', '#FD41F8'),
(246, 0, 'Aura', '#C4FBB0'),
(257, 0, 'Outline', '#9C9AAD'),
(257, 1, 'Fill', '#FFFFFF'),
(257, 2, 'Shadow Outline', '#9291A3'),
(257, 3, 'Shadow Fill', '#F1F1F1'),
(258, 0, 'Outline', '#101C2F'),
(258, 1, 'Fill', '#325394'),
(258, 2, 'Stripe 1', '#57C4DD'),
(258, 3, 'Stripe 2', '#243871'),
(259, 0, 'Eyeball', '#E8F8F9'),
(259, 1, 'Gradient Top', '#1A4859'),
(259, 2, 'Gradient Bottom', '#63D1E9'),
(259, 3, 'Highlight Top', '#3CBDF1'),
(259, 4, 'Highlight Bottom', '#B1E8F2'),
(260, 0, 'Stars', '#6698CA'),
(260, 1, 'Shield Outline', '#111B26'),
(260, 2, 'Shield Fill', '#243871'),
(260, 3, 'Shield Star Pattern', '#ED6C9C'),
(261, 0, 'Aura (Same as Twilight''s)', '#EA428B'),
(262, 0, 'Outline', '#9CBDDB'),
(262, 1, 'Fill', '#E6EFFC'),
(262, 2, 'Shadow Outline', '#92B4D2'),
(262, 3, 'Shadow Fill', '#D7E3F4'),
(263, 0, 'Outline', '#2864BC'),
(263, 1, 'Fill 1', '#3DA9FF'),
(263, 2, 'Fill 2', '#94D4FF'),
(264, 0, 'Gradient Top', '#FF8D38'),
(264, 1, 'Gradient Bottom', '#F6DF58'),
(264, 2, 'Highlight Top', '#F9E98C'),
(264, 3, 'Highlight Bottom', '#FCF1BD'),
(265, 0, 'Pen Nib Outline', '#C4AA1D'),
(265, 1, 'Pen Nib Fill', '#FCDF58'),
(265, 2, 'Node Fill', '#3DA9FF'),
(265, 3, 'Path Fill', '#000000'),
(266, 0, 'Aura', '#FCDF58'),
(267, 0, 'Outline', '#AC6600'),
(267, 1, 'Fill', '#FFB240'),
(267, 2, 'Shadow Outline', '#9D5700'),
(267, 3, 'Shadow Fill', '#F7A731'),
(268, 0, 'Outline', '#251100'),
(268, 1, 'Fill', '#683A00'),
(269, 0, 'Gradient Top', '#275D00'),
(269, 1, 'Gradient Bottom', '#8CEA4D'),
(270, 0, 'Crust', '#744126'),
(270, 1, 'Bread', '#E1D4AC'),
(270, 2, 'Crust spots', '#BE916D'),
(270, 3, 'Bread spots', '#8E7A50'),
(270, 4, 'Grill marks', '#25150D'),
(270, 5, 'Cheese', '#FFFF13'),
(270, 6, 'Toasting Gradient (0 to 85%)', '#000000'),
(271, 0, 'Outline', '#9C8300'),
(271, 1, 'Fill', '#FFBE39'),
(272, 0, 'Frame', '#000000'),
(281, 0, 'Outline', '#778282'),
(281, 1, 'Fill', '#C2CDCD'),
(281, 2, 'Shadow Fill', '#A1ADAD'),
(282, 0, 'Outline', '#2C3838'),
(282, 1, 'Inner Outline', '#405252'),
(282, 2, 'Fill 1', '#607878'),
(282, 3, 'Fill 2', '#819B93'),
(283, 0, 'Gradient Top', '#713A9D'),
(283, 1, 'Gradient Bottom', '#B792DD'),
(283, 2, 'Highlight Top', '#B795E9'),
(283, 3, 'Highlight Bottom', '#EDE6F4'),
(284, 0, 'Fill 1', '#9D8CB0'),
(284, 1, 'Fill 2', '#88799C'),
(285, 0, 'Outline', '#545173'),
(285, 1, 'Fill', '#9495B9'),
(285, 2, 'Shadow Fill', '#77769B'),
(286, 0, 'Outline', '#6B7B7E'),
(286, 1, 'Fill', '#C7CECF'),
(287, 0, 'Gradient Top', '#9AA41C'),
(287, 1, 'Gradient Bottom', '#DDE261'),
(287, 2, 'Highlight Top', '#F2EE86'),
(287, 3, 'Highlight Bottom', '#FBFADF'),
(288, 0, 'Lime Fill 1', '#619623'),
(288, 1, 'Lime Fill 2', '#90BA40'),
(288, 2, 'Lime Fill 3', '#DDEA79'),
(288, 3, 'Stone Fill 1', '#FFFFFF'),
(288, 4, 'Stone Fill 2', '#CCCED2'),
(289, 0, 'Outline', '#8A8995'),
(289, 1, 'Fill', '#B8B7BE'),
(289, 2, 'Shadow Outline', '#7B7C83'),
(289, 3, 'Shadow Fill', '#A4A4A8'),
(290, 0, 'Outline', '#554373'),
(290, 1, 'Fill', '#9885B7'),
(291, 0, 'Gradient Top', '#196E5D'),
(291, 1, 'Gradient Bottom', '#99EAD7'),
(291, 2, 'Highlight Top', '#ADDEDF'),
(291, 3, 'Highlight Bottom', '#DFF1F2'),
(291, 4, 'Eyeshadow (Matches Mane Fill)', '#9885B7'),
(292, 0, 'Outline', '#395B6E'),
(292, 1, 'Fill', '#53829F'),
(292, 2, 'Shadow Outline', '#355063'),
(292, 3, 'Shadow Fill', '#4B748F'),
(292, 4, 'Belt', '#3B4144'),
(293, 0, 'Outline', '#8A5838'),
(293, 1, 'Fill', '#C39D4D'),
(293, 2, 'Shadow Outline', '#9E6E41'),
(293, 3, 'Shadow Fill', '#C0974D'),
(294, 0, 'Outline', '#666666'),
(294, 1, 'Fill 1', '#989898'),
(294, 2, 'Fill 2', '#CCCCCC'),
(295, 0, 'Gradient Top', '#B48A25'),
(295, 1, 'Gradient Bottom', '#FAE695'),
(296, 0, 'Handle Outline', '#602A1D'),
(296, 1, 'Handle Fill', '#924623'),
(296, 2, 'Pickaxe Outline', '#646D6D'),
(296, 3, 'Pickaxe Fill', '#849492'),
(297, 0, 'Hat/Tie Outline', '#232323'),
(297, 1, 'Hat/Tie Fill', '#404040'),
(297, 2, 'Collar Outline', '#656565'),
(297, 3, 'Collar Fill/Hat Fill 2', '#CCCCCC'),
(298, 0, 'Outline', '#A9A9A7'),
(298, 1, 'Fill', '#D8DDEA'),
(298, 2, 'Shadow Fill', '#C1C5C9'),
(299, 0, 'Outline', '#223937'),
(299, 1, 'Fill', '#508383'),
(300, 0, 'Gradient Top', '#218691'),
(300, 1, 'Gradient Bottom', '#91CFE1'),
(300, 2, 'Highlight Top', '#A3EBEB'),
(300, 3, 'Highlight Bottom', '#EBFAF8'),
(301, 0, 'Rock Fill 1', '#85B7B9'),
(301, 1, 'Rock Fill 2', '#A4D0D4'),
(301, 2, 'Rock Fill 3', '#BCE3E1'),
(301, 3, 'Cracks', '#1C484C'),
(302, 0, 'Frame/Chain Outline', '#D2AB0F'),
(302, 1, 'Chain Fill', '#EED33B'),
(302, 2, 'Lens Fill 1 (75% Opacity)', '#87D1E7'),
(302, 3, 'Lens Fill 2 (75% Opacity)', '#A0DAF0'),
(303, 0, 'Collar Outline', '#000000'),
(303, 1, 'Collar Fill 1', '#343434'),
(303, 2, 'Collar Fill 2', '#FFFFFF'),
(303, 3, 'Pendant Outline', '#D2AB0F'),
(303, 4, 'Pendant Fill 1', '#EED33B'),
(303, 5, 'Pendant Fill 2', '#54BEBA'),
(303, 6, 'Collar Shadow Fill 1', '#252525'),
(303, 7, 'Collar Shadow Fill 2', '#C0C0C0'),
(304, 0, 'Fill 1', '#638081'),
(304, 1, 'Fill 2', '#3A4A4D'),
(305, 0, 'Top Light Fill', '#B6C8CB'),
(305, 1, 'Top Medium Fill', '#9AB0B7'),
(305, 2, 'Top Dark Fill', '#85A2A7'),
(305, 3, 'Front Light Fill', '#698D95'),
(305, 4, 'Front Medium Fill', '#547176'),
(305, 5, 'Front Dark Fill', '#42585E'),
(305, 6, 'Bottom Fill', '#30474B'),
(305, 7, 'Light Details', '#7C949A'),
(305, 8, 'Medium Details', '#476168'),
(305, 9, 'Dark Details', '#26383B'),
(305, 10, 'Very Dark Details', '#192425'),
(306, 0, 'Outline', '#BEB205'),
(306, 1, 'Fill', '#F8EA62'),
(306, 2, 'Shadow Outline', '#A89E0E'),
(306, 3, 'Shadow Fill', '#DDCE52'),
(307, 0, 'Outline', '#AA4400'),
(307, 1, 'Fill 1', '#ED7B00'),
(307, 2, 'Fill 2', '#FBBE33'),
(308, 0, 'Gradient Top', '#422300'),
(308, 1, 'Gradient Bottom/Highlight Top', '#CF6E00'),
(308, 2, 'Highlight Bottom', '#FACC83'),
(308, 3, 'Eyelid Highlight (See Notes)', '#FFFFAE'),
(309, 0, 'Outline', '#AA4400'),
(309, 1, 'Fill 1', '#ED7B00'),
(309, 2, 'Fill 2', '#FBBE33'),
(309, 3, 'Fill 3', '#F8EA62'),
(310, 0, 'Outline', '#37B5B4'),
(310, 1, 'Fill', '#8BEAD5'),
(310, 2, 'Shadow Outline', '#4CBDBE'),
(310, 3, 'Shadow Fill', '#79DCD0'),
(311, 0, 'Outline', '#CF7314'),
(311, 1, 'Fill 1', '#F6AC05'),
(311, 2, 'Fill 2', '#F5D758'),
(312, 0, 'Gradient Top', '#A65A26'),
(312, 1, 'Gradient Middle', '#EB8F24'),
(312, 2, 'Gradient Bottom', '#FDAD35'),
(313, 0, 'Lightning Bolt', '#FFFFFF'),
(313, 1, 'Side Stars', '#FDE687'),
(313, 2, 'Middle Star', '#FAF99D'),
(314, 0, 'Outline', '#6E6956'),
(314, 1, 'Fill', '#ACA793'),
(314, 2, 'Beard/Eyebrow Outline', '#E1DACA'),
(314, 3, 'Beard/Eyebrow Fill', '#FFFFFF'),
(314, 4, 'Ear inside', '#E7B4D5'),
(314, 5, 'Mane Outline', '#000000'),
(314, 6, 'Mane Fill', '#252525'),
(315, 0, 'Outline', '#D4CD9D'),
(315, 1, 'Fill', '#F7F4D0'),
(316, 0, 'Sclera', '#EAE13D'),
(316, 1, 'Iris/Pupil', '#D53338'),
(317, 0, 'Antler Fill', '#F7F3D3'),
(317, 1, 'Horn Outline', '#7DB6D5'),
(317, 2, 'Horn Fill', '#CAF3F2'),
(318, 0, 'Outline', '#321F1A'),
(318, 1, 'Fill', '#68413D'),
(319, 0, 'Talon Outline', '#BB9415'),
(319, 1, 'Talon Fill', '#EAE13D'),
(319, 2, 'Paw Outline', '#B99C1A'),
(319, 3, 'Paw Fill', '#EBD379'),
(319, 4, 'Paw Pad', '#65423B'),
(320, 0, 'Feathered Wing Outline', '#1187B2'),
(320, 1, 'Feathered Wing Fill', '#16A4D8'),
(320, 2, 'Bat Wing Outline', '#3A3752'),
(320, 3, 'Bat Wing Fill', '#5F5D87'),
(321, 0, 'Outline', '#7A3333'),
(321, 1, 'Fill', '#AA4747'),
(321, 2, 'Scales Outline', '#925A5A'),
(321, 3, 'Scales Fill', '#E8B4D3'),
(321, 4, 'Scale Marks', '#FFB8C6'),
(321, 5, 'Tail Puff Outline', '#E1DACA'),
(321, 6, 'Tail Puff Fill', '#FFFFFF'),
(322, 0, 'Hoof Leg Outline', '#88682A'),
(322, 1, 'Hoof Leg Fill', '#C0994E'),
(322, 2, 'Hoof Outline', '#2E270F'),
(322, 3, 'Hoof Fill', '#563F27'),
(322, 4, 'Talon Leg Outline', '#439939'),
(322, 5, 'Talon Leg Fill', '#75C76C'),
(322, 6, 'Talon Leg Scale Marks', '#BCED9F'),
(322, 7, 'Talon Outline', '#D6CE9C'),
(322, 8, 'Talon Fill', '#F8F2D0'),
(323, 0, 'Outline', '#64A152'),
(323, 1, 'Fill', '#B9DF80'),
(323, 2, 'Shadow Fill', '#95C66D'),
(323, 3, 'Eyebrows', '#D74A4F'),
(324, 0, 'Outline', '#D74A4F'),
(324, 1, 'Fill', '#EE7676'),
(324, 2, 'Stripes', '#F19C73'),
(325, 0, 'Gradient Top', '#5A2878'),
(325, 1, 'Gradient Bottom/Highlight Top', '#C9A5E0'),
(325, 2, 'Highlight Bottom', '#EFE4F4'),
(326, 0, 'Tree Fill 1', '#EB4549'),
(326, 1, 'Tree Fill 2', '#C93538'),
(326, 2, 'Trunk', '#664648'),
(326, 3, 'Knot', '#422728'),
(327, 0, 'Outline', '#F8AA3D'),
(327, 1, 'Fill', '#FECC65'),
(327, 2, 'Flower Petals', '#FFFFFF'),
(327, 3, 'Flower Centers', '#FD9932'),
(328, 0, 'Outline', '#91B4B0'),
(328, 1, 'Fill', '#DCF3E9'),
(328, 2, 'Shadow Fill', '#BCD8D1'),
(329, 0, 'Outline', '#211A32'),
(329, 1, 'Main Fill 1/Gradient End 1', '#3E3860'),
(329, 2, 'Main Fill 2', '#292447'),
(329, 3, 'Stripes/Gradient End 2', '#339CAB'),
(330, 0, 'Gradient Top', '#12595D'),
(330, 1, 'Gradient Bottom', '#46B6BA'),
(330, 2, 'Highlight Top', '#BAF1DB'),
(330, 3, 'Highlight Bottom', '#8ADFD0'),
(331, 0, 'Star', '#F1D55F'),
(331, 1, 'Note 1', '#F69D40'),
(331, 2, 'Note 2', '#43AB8A'),
(331, 3, 'Note 3', '#4498B1'),
(331, 4, 'Note 4', '#B485C8'),
(331, 5, 'Note 5', '#D35E5E'),
(332, 0, 'Outline', '#91B4B0'),
(332, 1, 'Fill', '#DCF3E9'),
(332, 2, 'Shadow Fill', '#BCD8D1'),
(333, 0, 'Outline/Stripe', '#DDB5F9'),
(333, 1, 'Outside Fill', '#F6F0FB'),
(333, 2, 'Inside Fill 1', '#EAD0FA'),
(333, 3, 'Inside Fill 2', '#775F9E'),
(334, 0, 'Gradient Top', '#12595D'),
(334, 1, 'Gradient Bottom', '#46B6BA'),
(334, 2, 'Highlight Top', '#BAF1DB'),
(334, 3, 'Highlight Bottom', '#8ADFD0'),
(335, 0, 'Star', '#F1D55F'),
(335, 1, 'Note 1', '#F69D40'),
(335, 2, 'Note 2', '#43AB8A'),
(335, 3, 'Note 3', '#4498B1'),
(335, 4, 'Note 4', '#B485C8'),
(335, 5, 'Note 5', '#D35E5E'),
(336, 0, 'Outline', '#661568'),
(336, 1, 'Main/Inside Fill', '#961F98'),
(336, 2, 'Liner Fill', '#871D89'),
(336, 3, 'Liner Stroke', '#3C3160'),
(336, 4, 'Button Outline', '#AD9DDC'),
(336, 5, 'Button Fill 1', '#EBE7F6'),
(336, 6, 'Button Fill 2', '#FFFFFF'),
(337, 0, 'Outline', '#50288C'),
(337, 1, 'Fill', '#7A32D6'),
(338, 0, 'Collar/Band Strap', '#302C46'),
(338, 1, 'Collar Bead Fill 1', '#41E8D4'),
(338, 2, 'Collar Bead Fill 2', '#87F0E5'),
(338, 3, 'Hoof Band Stud Outline', '#AD9DDC'),
(338, 4, 'Hoof Band Stud Fill 1', '#EBE7F6'),
(338, 5, 'Hoof Band Stud Fill 2', '#FFFFFF'),
(338, 6, 'Color Band Fill 1', '#7932D6'),
(338, 7, 'Color Band Fill 2', '#8B4ADA'),
(338, 8, 'Color Band Fill 3', '#9383E2'),
(338, 9, 'Color Band Fill 4', '#AD9CDC'),
(338, 10, 'Color Band Fill 5', '#E8E6F9'),
(338, 11, 'Color Band Fill 6', '#41E8D4'),
(339, 0, 'Headband', '#000000'),
(339, 1, 'Stroke', '#2C223E'),
(339, 2, 'Fill (75% Opacity)', '#2C223E'),
(339, 3, 'Headband Stud Outline', '#AD9DDC'),
(339, 4, 'Headband Stud Fill 1', '#EBE7F6'),
(339, 5, 'Headband Stud Fill 2', '#FFFFFF'),
(340, 0, 'Outline', '#BEC8B8'),
(340, 1, 'Fill', '#F0F3EE'),
(341, 0, 'Outline', '#E57573'),
(341, 1, 'Inside Stroke', '#F8E2D8'),
(341, 2, 'Fill 1', '#EFB69C'),
(341, 3, 'Fill 2', '#F6D8C8'),
(342, 0, 'Gradient Top', '#562B0C'),
(342, 1, 'Gradient Middle', '#994C18'),
(342, 2, 'Gradient Bottom', '#F0E3AB'),
(344, 0, 'Frame Outline', '#543520'),
(344, 1, 'Frame Fill', '#79554E'),
(344, 2, 'Lens Fill 1 (50% Opacity)', '#80ECEC'),
(344, 3, 'Lens Fill 2 (50% Opacity)', '#2CB9C6'),
(345, 0, 'Outline', '#172E5D'),
(345, 1, 'Fill 1', '#23629C'),
(345, 2, 'Fill 2', '#1C5183'),
(346, 0, 'Outline', '#A8DADA'),
(346, 1, 'Fill', '#D1ECED'),
(346, 2, 'Pinstripe', '#FFFFFF'),
(347, 0, 'Outline', '#581326'),
(347, 1, 'Fill 1', '#A12147'),
(347, 2, 'Fill 2', '#831E3C'),
(348, 0, 'Outline', '#C2921E'),
(348, 1, 'Fill', '#E2B443'),
(349, 0, 'Outline', '#AC6534'),
(349, 1, 'Fill', '#BF7741'),
(350, 0, 'Outline', '#F99000'),
(350, 1, 'Fill', '#FEBC40'),
(350, 2, 'Shadow Outline', '#DE8200'),
(350, 3, 'Shadow Fill', '#E3A939'),
(350, 4, 'Marking Outline', '#BABA94'),
(350, 5, 'Marking Fill', '#FBFEDE'),
(350, 6, 'Shadow Marking Outline', '#A6A682'),
(350, 7, 'Shadow Marking Fill', '#E2E5C6'),
(351, 0, 'Outline', '#A63110'),
(351, 1, 'Fill', '#EB5926'),
(351, 2, 'Stripe 1', '#CE3D12'),
(351, 3, 'Stripe 2', '#DA4009'),
(351, 4, 'Stripe 3 (As adult, on crest)', '#F0651E'),
(352, 0, 'Gradient Top', '#0F4D6E'),
(352, 1, 'Gradient Bottom', '#2ECCCF'),
(353, 0, 'Sun', '#EE7C04'),
(353, 1, 'Ray 1', '#FDE065'),
(353, 2, 'Ray 2', '#FBFBDE'),
(353, 3, 'Sparkle 1', '#3F9DB0'),
(353, 4, 'Sparkle 2', '#A6DCDC'),
(354, 0, 'Teeth Outline', '#B0D8E7'),
(354, 1, 'Mouth Fill', '#BB1C76'),
(354, 2, 'Darker Mouth Fill', '#A41967'),
(354, 3, 'Darkest Mouth Fill', '#841555'),
(354, 4, 'Tongue', '#EF6F2F'),
(354, 5, 'Tongue Stroke', '#BE4406'),
(355, 0, 'Outline', '#DE9E04'),
(355, 1, 'Fill', '#FDD678'),
(356, 0, 'Outline', '#7C110E'),
(356, 1, 'Fill 1', '#EC1B2E'),
(356, 2, 'Fill 2', '#E3CA1B'),
(357, 0, 'Outline', '#7D1E59'),
(357, 1, 'Fill', '#D2469F'),
(358, 0, 'Outline', '#1A1A1A'),
(358, 1, 'Fill', '#434343'),
(358, 2, 'Pocket Line', '#6C6C6C'),
(358, 3, 'Stud Outline', '#9FBEDF'),
(358, 4, 'Stud Fill', '#FFFFFF'),
(359, 0, 'Outline', '#BC5E02'),
(359, 1, 'Fill', '#FD8813'),
(359, 2, 'Stripe 1', '#FEF58C'),
(359, 3, 'Stripe 2', '#D2469F'),
(360, 0, 'Outline', '#1A1A1A'),
(360, 1, 'Main Fill', '#434343'),
(360, 2, 'Color Fill', '#DD308F'),
(361, 0, 'Iris Gradient Top', '#128C7E'),
(361, 1, 'Iris Gradient Bottom', '#7EF8D0'),
(361, 2, 'Highlight Top', '#D8FDF0'),
(361, 3, 'Highlight Bottom', '#96FBDB'),
(361, 4, 'Eyebrows', '#000000'),
(362, 0, 'Sunburst Red (on Book)', '#EC323F'),
(362, 1, 'Sunburst Red (on Shirt)', '#C91326'),
(362, 2, 'Sunburst Yellow Outline', '#E1CD1D'),
(362, 3, 'Sunburst Yellow Fill', '#FEF58C'),
(362, 4, 'Center Outline', '#FD8813'),
(362, 5, 'Center Fill 1', '#E3CA1B'),
(362, 6, 'Center Fill 2', '#EC323F'),
(363, 0, 'Cutie Mark', '#696969'),
(364, 0, 'Outline', '#036785'),
(364, 1, 'Fill', '#08BAB7'),
(365, 0, 'Outline', '#C2DBDB'),
(365, 1, 'Fill', '#FFFFFF'),
(365, 2, 'Foot Pads', '#DA80BE'),
(366, 0, 'Eyebrow', '#9DB5B2'),
(366, 1, 'Eye', '#000000'),
(366, 2, 'Highlight', '#FFFFFF'),
(367, 0, 'Nose', '#DA80BE'),
(367, 1, 'Philtrum', '#799A9A'),
(367, 2, 'Whiskers', '#CACACA'),
(368, 0, 'Outline', '#E880B0'),
(368, 1, 'Fill', '#F5B7D0'),
(368, 2, 'Shadow Outline', '#DD6FA4'),
(368, 3, 'Shadow Fill', '#E89CBF'),
(369, 0, 'Outline', '#D69A2A'),
(369, 1, 'Fill', '#EFD472'),
(369, 2, 'Fill 2', '#F4F3AA'),
(370, 0, 'Gradient Top', '#264D72'),
(370, 1, 'Gradient Middle', '#3399DA'),
(370, 2, 'Gradient Bottom', '#8DF1EF'),
(371, 0, 'Stem & Leaf', '#73A71F'),
(371, 1, 'Leaf Stroke', '#304127'),
(371, 2, 'Center Fill', '#624430'),
(371, 3, 'Center Outline', '#E28B34'),
(371, 4, 'Petals', '#F2DB73'),
(371, 5, 'Rays', '#B67136'),
(372, 0, 'Outline', '#A79B88'),
(372, 1, 'Fill', '#FFFFFF'),
(372, 2, 'Spot Outline', '#7D6043'),
(372, 3, 'Spot Fill', '#B08C69'),
(373, 0, 'Outline', '#451D17'),
(373, 1, 'Fill 1', '#6E4122'),
(373, 2, 'Fill 2', '#8C522D'),
(374, 0, 'Iris', '#451D17'),
(376, 0, 'Outline', '#7B939B'),
(376, 1, 'Fill', '#ABB8C1'),
(376, 2, 'Shadow Outline', '#6F8790'),
(376, 3, 'Shadow Fill', '#99A6B1'),
(377, 0, 'Outline', '#BACBD7'),
(377, 1, 'Fill 1', '#D9E4EA'),
(377, 2, 'Fill 2', '#EBEFF1'),
(377, 3, 'Braid Band Outline', '#D057B7'),
(377, 4, 'Braid Band Fill', '#EC76D3'),
(378, 0, 'Gradient Top', '#53377A'),
(378, 1, 'Gradient Bottom', '#A684D2'),
(378, 2, 'Highlight Top', '#AE7DD1'),
(378, 3, 'Highlight Bottom', '#B29BCF'),
(379, 0, 'Outline', '#15B0DF'),
(379, 1, 'Fill', '#BBFFFF'),
(379, 2, 'Lens Fill (40% Opacity)', '#FFFFFF'),
(379, 3, 'Lens Highlight (33% Opacity)', '#FFFFFF'),
(380, 0, 'Outline', '#92D7F2'),
(380, 1, 'Fill', '#BBFFFF'),
(380, 2, 'Highlight', '#FBECF4'),
(381, 0, 'Outline', '#EA7DB5'),
(381, 1, 'Fill 1', '#E44B99'),
(381, 2, 'Fill 2', '#62BD76'),
(382, 0, 'Outline/Freckles', '#C0C0C0'),
(382, 1, 'Fill', '#F5EEEE'),
(382, 2, 'Shadow Fill', '#E0DDDB'),
(383, 0, 'Gradient Top', '#254D71'),
(383, 1, 'Gradient Middle', '#40B0E0'),
(383, 2, 'Gradient Bottom', '#8BF0F0'),
(384, 0, 'Pink Flower Outline', '#DC6FB1'),
(384, 1, 'Pink Flower Fill', '#C62D9B'),
(384, 2, 'Blue Flower Outline', '#82DECF'),
(384, 3, 'Blue Flower Fill', '#B1ECEC'),
(384, 4, 'Flower Middle', '#F1FB9F'),
(385, 0, 'Aura', '#6196F5'),
(386, 0, 'Shines', '#FFFFFF'),
(386, 1, 'Pupil', '#000000'),
(387, 0, 'Fill (45% Opacity)', '#AFC2CF'),
(387, 1, 'Outline (45% Opacity)', '#D9ECFB'),
(388, 0, 'Outline', '#EACA79'),
(388, 1, 'Fill', '#FFF8AC'),
(388, 2, 'Shadow Outline', '#CF8D74'),
(388, 3, 'Shadow Fill', '#DFAD96'),
(389, 0, 'Outline', '#BEA2B0'),
(389, 1, 'Fill', '#FFFFE2'),
(389, 2, 'Shadow Fill', '#F5EEDC'),
(390, 0, 'Outline', '#1F3E7D'),
(390, 1, 'Fill 1', '#3167CC'),
(390, 2, 'Fill 2', '#05ECE6'),
(391, 0, 'Gradient Top', '#580D36'),
(391, 1, 'Gradient Bottom', '#BC1D75'),
(391, 2, 'Highlight Top', '#D9539D'),
(391, 3, 'Highlight Bottom', '#FCB6DF'),
(392, 0, 'Beamed Quavers', '#000000'),
(393, 0, 'Aura', '#CB4DB6'),
(396, 0, 'Rim Outline', '#656565'),
(396, 1, 'Rim Fill', '#000000'),
(396, 2, 'Lens Gradient Top', '#580C5E'),
(396, 3, 'Lens Gradient Middle', '#9B2CA6'),
(396, 4, 'Lens Gradient Bottom', '#E867CD'),
(396, 5, 'Lens Highlight Gradient Top', '#A336BB'),
(396, 6, 'Lens Highlight Gradient Bottom', '#E0A0F5'),
(397, 0, 'Case/Headband Outline', '#09717A'),
(397, 1, 'Case Fill 1/Headband Fill', '#01C7BA'),
(397, 2, 'Case Shadow Fill', '#03A08E'),
(397, 3, 'Case/Headband Highlight', '#00EAD8'),
(397, 4, 'Case Fill 2', '#D7E7F3'),
(397, 5, 'Case Highlight 2', '#EDF8FF'),
(397, 6, 'Logo Outline', '#5C1C5C'),
(397, 7, 'Logo Fill', '#993499'),
(397, 8, 'Ear Pad/Slider/Speaker Outline', '#A1A1A1'),
(397, 9, 'Ear Pad/Slider Fill', '#FFFFFF'),
(397, 10, 'Ear Pad/Slider Shadow Fill', '#C3C3C3'),
(398, 0, 'Outline', '#336DBF'),
(398, 1, 'Fill', '#3499C9'),
(398, 2, 'Lightning Fill', '#FFFF98'),
(398, 3, 'Shadow Fill', '#3285C4'),
(398, 4, 'Shadow Lightning Fill', '#D7D77F'),
(400, 0, 'Outer Frame Fill', '#4D4D4D'),
(400, 1, 'Inner Frame Fill', '#313332'),
(400, 2, 'Strap Fill', '#FFFF98'),
(400, 3, 'Spitfire''s Strap Fill', '#FFFFBD'),
(400, 4, 'Lens Outline', '#06B2D7'),
(400, 5, 'Lens Fill', '#3BD0F5'),
(400, 6, 'Lens Highlight 1', '#74DFF7'),
(400, 7, 'Lens Highlight 2', '#D4F4FA'),
(402, 0, 'Outline', '#336DBF'),
(402, 1, 'Fill', '#3499C9'),
(402, 2, 'Yellow Fill', '#FFFF98'),
(404, 0, 'Frame Fill 1', '#DBD678'),
(404, 1, 'Frame Fill 2', '#8B792E'),
(404, 2, 'Lens Fill (See Notes)', '#A0D3E6'),
(404, 3, 'Lens Highlight (See Notes)', '#F4F9F9'),
(404, 4, 'Strap Fill', '#3E3B43'),
(404, 5, 'Strap Inner Stroke', '#6B6775'),
(406, 0, 'Outline', '#2D3558'),
(406, 1, 'Fill', '#43558C'),
(406, 2, 'Shadow Outline', '#233250'),
(406, 3, 'Shadow Fill', '#3F5085'),
(407, 0, 'Outline', '#AAA48B'),
(407, 1, 'Fill', '#FFF5DB'),
(407, 2, 'Shadow Outline', '#928B76'),
(407, 3, 'Shadow Fill', '#D6CFBA'),
(408, 0, 'Outline', '#AE7444'),
(408, 1, 'Fill 1', '#D7B069'),
(408, 2, 'Fill 2', '#EEDA96'),
(409, 0, 'Gradient Top', '#2F9504'),
(409, 1, 'Gradient Bottom', '#E1F98D'),
(409, 2, 'Highlight Top', '#D6F473'),
(409, 3, 'Highlight Bottom', '#EDFBC9'),
(410, 0, 'Cookie Fill', '#D0AE66'),
(410, 1, 'Chocolate Fill', '#7E5B25'),
(411, 0, 'Outline', '#4E939A'),
(411, 1, 'Fill', '#9AE2E6'),
(411, 2, 'Shadow Outline', '#45848A'),
(411, 3, 'Shadow Fill', '#89CACD'),
(412, 0, 'Outline', '#401009'),
(412, 1, 'Fill 1', '#4A150D'),
(412, 2, 'Fill 2', '#631D15'),
(413, 0, 'Gradient Top', '#743913'),
(413, 1, 'Gradient Middle', '#CA8D6A'),
(413, 2, 'Gradient Bottom', '#EDB696'),
(413, 3, 'Highlight Top', '#EBD2A9'),
(413, 4, 'Highlight Bottom', '#FFFFFF'),
(414, 0, 'Fill 1', '#F1BA47'),
(414, 1, 'Fill 2', '#FFE36D'),
(415, 0, 'Spoon Outline', '#9AD7EA'),
(415, 1, 'Spoon Fill', '#D2FFF9'),
(415, 2, 'Heart Fill', '#EA77D4'),
(415, 3, 'Heart Highlight', '#FFE9FF'),
(416, 0, 'Outline', '#ED99D2'),
(416, 1, 'Fill', '#FDC3FC'),
(416, 2, 'Shadow Fill', '#F8B2EB'),
(417, 0, 'Outline', '#966FB8'),
(417, 1, 'Fill 1', '#BB99DC'),
(417, 2, 'Fill 2', '#FFFFFF'),
(418, 0, 'Gradient Top', '#235EAA'),
(418, 1, 'Gradient Middle', '#63A9DD'),
(418, 2, 'Gradient Bottom', '#A4EEF2'),
(418, 3, 'Highlight Top', '#A3C5E0'),
(418, 4, 'Highlight Bottom', '#FFFFFF'),
(419, 0, 'Tiara', '#718ABF'),
(420, 0, 'Fill 1', '#94A6D0'),
(420, 1, 'Fill 2', '#BFC9E2'),
(421, 0, 'Outline', '#FA99CA'),
(421, 1, 'Fill', '#FCCBE4'),
(421, 2, 'Shadow Outline', '#E189B5'),
(421, 3, 'Shadow Fill', '#E3B6CC'),
(421, 4, 'Wing Stroke Gradient Tip', '#A761F4'),
(421, 5, 'Wing Fill Gradient Tip', '#C697F4'),
(422, 0, 'Outline', '#8034BA'),
(422, 1, 'Purple Gradient Dark', '#732DA2'),
(422, 2, 'Purple Gradient Light', '#C6A1E1'),
(422, 3, 'Red Gradient Dark', '#D03092'),
(422, 4, 'Red Gradient Light', '#FAC6E1'),
(422, 5, 'Yellow Gradient Dark', '#F4E9A8'),
(422, 6, 'Yellow Gradient Light', '#FAF8E1'),
(422, 7, 'Short Forelock Outline', '#66288E'),
(423, 0, 'Gradient Top', '#532075'),
(423, 1, 'Gradient Bottom', '#C181DA'),
(423, 2, 'Highlight Top', '#BF94DE'),
(423, 3, 'Highlight Bottom', '#DEC9EE'),
(424, 0, 'Gem Fill 1', '#80CCDA'),
(424, 1, 'Gem Fill 2', '#8DFFFD'),
(424, 2, 'Gem Fill 3', '#50C9E4'),
(424, 3, 'Gem Fill 4', '#24BAD2'),
(424, 4, 'Adornments', '#E4C137'),
(425, 0, 'Outline', '#D3A82E'),
(425, 1, 'Fill', '#FAE37D'),
(425, 2, 'Crown Top Jewel/Gem Outline', '#653C76'),
(425, 3, 'Crown Top Jewel Fill', '#995DB1'),
(425, 4, 'Crown Top Jewel Highlight', '#DB9EE0'),
(425, 5, 'Crown Gem Fill 1', '#DEB0EE'),
(425, 6, 'Crown Gem Fill 2', '#B863C4'),
(425, 7, 'Crown Gem Fill 3', '#8541A9'),
(425, 8, 'Shadow Outline', '#BD9932'),
(425, 9, 'Shadow Fill', '#DFCB6E'),
(426, 0, 'Outline', '#B9A369'),
(426, 1, 'Fill', '#DECB9B'),
(426, 2, 'Shadow Fill', '#CFB882'),
(427, 0, 'Outline', '#BABDBA'),
(427, 1, 'Fill 1', '#E2E7E3'),
(427, 2, 'Fill 2', '#D0D5D2'),
(428, 0, 'Gradient Top', '#3441A8'),
(428, 1, 'Gradient Bottom', '#A5D6E8'),
(429, 0, 'Ribbon', '#3C68A9'),
(429, 1, 'Ribbon Edge', '#203E64'),
(429, 2, 'Scroll Main Fill 1', '#F5EEA5'),
(429, 3, 'Scroll Main Fill 2', '#DFD192'),
(429, 4, 'Scroll Shadow Fill 1', '#C5AE7C'),
(429, 5, 'Scroll Shadow Fill 2', '#B69C5E'),
(430, 0, 'Collar Outline', '#979797'),
(430, 1, 'Collar Fill', '#FFFFFF'),
(430, 2, 'Collar Shadow Fill', '#D0D5D0'),
(430, 3, 'Cravat Outline', '#007D7D'),
(430, 4, 'Cravat Fill', '#009999'),
(431, 0, 'Frame Outline', '#C7B420'),
(431, 1, 'Frame Fill', '#EEE569'),
(431, 2, 'Lens Fill 1 (67% Opacity)', '#AACAD2'),
(431, 3, 'Lens Fill 2 (67% Opacity)', '#C8DFE2'),
(431, 4, 'Lens Fill 3 (67% Opacity)', '#B9D4D7'),
(431, 5, 'Lens Side Fill 1 (67% Opacity)', '#7BADB5'),
(431, 6, 'Lens Side Fill 2 (67% Opacity)', '#84C5DC'),
(432, 0, 'Aura', '#75E8EE'),
(433, 0, 'Outline', '#CBAF8A'),
(433, 1, 'Fill', '#FDF2D8'),
(433, 2, 'Shadow Outline', '#B8A185'),
(433, 3, 'Shadow Fill', '#E5DBC6'),
(434, 0, 'Outline', '#AC0E0C'),
(434, 1, 'Fill', '#EA2B29'),
(435, 0, 'Gradient Top', '#8E5296'),
(435, 1, 'Gradient Middle', '#F671E6'),
(435, 2, 'Gradient Bottom', '#F7B0ED'),
(435, 3, 'Highlight Top', '#F887DE'),
(435, 4, 'Highlight Bottom', '#FED0F4'),
(436, 0, 'Outline', '#E86CD4'),
(436, 1, 'Fill 1', '#FC9FE9'),
(436, 2, 'Fill 2', '#FFFFFF'),
(437, 0, 'Outline', '#5E1EBA'),
(437, 1, 'Fill', '#894EE0'),
(437, 2, 'Lens Fill (15% Opacity)', '#FFFFFF'),
(438, 0, 'Outline', '#AE741D'),
(438, 1, 'Fill', '#DC9E41'),
(438, 2, 'Shadow Fill', '#CB8D33'),
(438, 3, 'Freckles', '#FBFDB3'),
(439, 0, 'Outline', '#C52452'),
(439, 1, 'Fill 1', '#F7415F'),
(439, 2, 'Fill 2', '#FA768D'),
(440, 0, 'Gradient Top', '#4A7A26'),
(440, 1, 'Gradient Middle', '#96C934'),
(440, 2, 'Gradient Bottom', '#DCF79B'),
(440, 3, 'Highlight Top', '#BAE159'),
(440, 4, 'Highlight Bottom', '#D9F596'),
(441, 0, 'Handle 2', '#98223B'),
(441, 1, 'Handle 1', '#AC1E30'),
(441, 2, 'Handle 1 Knob', '#5C8C27'),
(441, 3, 'Blade 1', '#ACD1D9'),
(441, 4, 'Blade 2', '#8EC0CD'),
(441, 5, 'Blade Pivot', '#6EB1B8'),
(441, 6, 'Handle Seed', '#573932'),
(442, 0, 'Outline', '#82285A'),
(442, 1, 'Fill', '#C05B92'),
(442, 2, 'Shadow Outline', '#782552'),
(442, 3, 'Shadow Fill', '#A64E80'),
(443, 0, 'Outline', '#E880B3'),
(443, 1, 'Fill 1', '#F5B5CF'),
(443, 2, 'Fill 2', '#F7D6E7'),
(444, 0, 'Gradient Top', '#609955'),
(444, 1, 'Gradient Bottom', '#ABD79D'),
(445, 0, 'Petals', '#F8D6E6'),
(445, 1, 'Centers', '#FFF6B0'),
(445, 2, 'Faces', '#9D6769'),
(446, 0, 'Outline', '#98824C'),
(446, 1, 'Fill', '#BFAA7A'),
(446, 2, 'Shadow Fill', '#AF9A66'),
(447, 0, 'Outline', '#332919'),
(447, 1, 'Fill', '#524226'),
(448, 0, 'Gradient Top', '#1A3C84'),
(448, 1, 'Gradient Middle', '#6DA4FF'),
(448, 2, 'Gradient Bottom', '#A9E6FF'),
(449, 0, 'Glass', '#BAE9FA'),
(449, 1, 'Glass Highlights', '#F6F5EB'),
(449, 2, 'Sand', '#E2D678'),
(449, 3, 'Base', '#F2E257'),
(449, 4, 'Base Highlight', '#F7EC9B'),
(450, 0, 'Collar Outline', '#A8C8BA'),
(450, 1, 'Collar Fill', '#FFFFFF'),
(450, 2, 'Bow Tie Outline', '#327A64'),
(450, 3, 'Bow Tie Fill', '#4DB593'),
(451, 0, 'Outline', '#B7AC8E'),
(451, 1, 'Fill', '#F2F5D9'),
(451, 2, 'Shadow Fill', '#EBE9CC'),
(452, 0, 'Outline', '#5F462D'),
(452, 1, 'Fill 1', '#906736'),
(452, 2, 'Fill 2', '#BB9557'),
(453, 0, 'Gradient Top', '#3D2D1D'),
(453, 1, 'Gradient Middle', '#8F6435'),
(453, 2, 'Gradient Bottom', '#E0C08F'),
(454, 0, 'Outline', '#B7D9D3'),
(454, 1, 'Fill', '#FFFFFF'),
(455, 0, 'Outline', '#2C2F35'),
(455, 1, 'Fill', '#454C54'),
(455, 2, 'Abdomen Lines', '#5F666E'),
(455, 3, 'Hoof Outline', '#707174'),
(455, 4, 'Hoof Fill', '#9A9DA2'),
(455, 5, 'Hoof Fill 2', '#828289'),
(456, 0, 'Outline', '#6E7178'),
(456, 1, 'Fill', '#A8A7AC'),
(457, 0, 'Sclera', '#000000'),
(457, 1, 'Iris/Pupil', '#CBCB00'),
(457, 2, 'Eyebrow', '#A8A8AC'),
(457, 3, 'Eyelashes', '#1B1B1B'),
(459, 0, 'Outline', '#101010'),
(459, 1, 'Fill', '#373737'),
(459, 2, 'Shadow Fill', '#222222'),
(460, 0, 'Outline', '#51677D'),
(460, 1, 'Fill', '#85919E'),
(460, 2, 'Highlight', '#A8B2B6'),
(465, 0, 'Outline', '#5B362D'),
(465, 1, 'Fill', '#824E44'),
(465, 2, 'Nostril', '#351E1B'),
(465, 3, 'Outline 2', '#1A1B1D'),
(465, 4, 'Fill 2', '#38393D'),
(465, 5, 'Torso Lines', '#5D5E62'),
(467, 0, 'Outline', '#8C8E94'),
(467, 1, 'Fill', '#D1D2D6'),
(468, 0, 'Sclera', '#000000'),
(468, 1, 'Iris/Pupil', '#FFFF00'),
(468, 2, 'Eyebrow', '#D0D2D6'),
(468, 3, 'Eyelashes', '#242623'),
(469, 0, 'Outline', '#688198'),
(469, 1, 'Fill', '#A5B6C6'),
(469, 2, 'Highlight', '#D4DEE5'),
(470, 0, 'Outline', '#000000'),
(470, 1, 'Fill', '#46474B'),
(470, 2, 'Shadow Fill', '#38393D'),
(470, 3, 'Hoof Outline', '#8A8F95'),
(470, 4, 'Hoof Fill', '#D1D2D6'),
(470, 5, 'Hoof Fill 2', '#ACAFB6'),
(470, 6, 'Hoof Shadow Outline', '#727376'),
(470, 7, 'Hoof Shadow Fill', '#A8A7AC'),
(470, 8, 'Hoof Shadow Fill 2', '#8B8C90'),
(471, 0, 'Outline', '#7A292A'),
(471, 1, 'Fill', '#AD423C'),
(471, 2, 'Nostril', '#541D1D'),
(471, 3, 'Outline 2', '#292C30'),
(471, 4, 'Fill 2', '#000000'),
(471, 5, 'Horn Outline', '#212226'),
(471, 6, 'Horn Fill', '#46474B'),
(471, 7, 'Torso Lines', '#565656'),
(472, 0, 'Outline', '#8C8E94'),
(472, 1, 'Fill', '#D1D2D6'),
(473, 0, 'Outline', '#688198'),
(473, 1, 'Fill', '#A5B6C6'),
(473, 2, 'Highlight', '#D0D9E0'),
(474, 0, 'Sclera', '#000000'),
(474, 1, 'Iris/Pupil', '#FFFF00'),
(474, 2, 'Eyebrow', '#D0D2D6'),
(474, 3, 'Eyelashes', '#242623'),
(475, 0, 'Outline', '#7A2636'),
(475, 1, 'Fill', '#A5334C'),
(475, 2, 'Nostril', '#541D1D'),
(475, 3, 'Outline 2', '#292C30'),
(475, 4, 'Fill 2', '#000000'),
(475, 5, 'Horn Outline', '#212226'),
(475, 6, 'Horn Fill', '#46474B'),
(475, 7, 'Torso Lines', '#565656'),
(476, 0, 'Outline', '#000000'),
(476, 1, 'Fill', '#262B2E'),
(476, 2, 'Shadow Fill', '#232429'),
(476, 3, 'Hoof Outline', '#8A8F95'),
(476, 4, 'Hoof Fill', '#D1D2D6'),
(476, 5, 'Hoof Fill 2', '#ACAFB6'),
(476, 6, 'Hoof Shadow Outline', '#727376'),
(476, 7, 'Hoof Shadow Fill', '#A8A7AC'),
(476, 8, 'Hoof Shadow Fill 2', '#8B8C90'),
(477, 0, 'Outline', '#731D26'),
(477, 1, 'Fill', '#B62645'),
(477, 2, 'Nostril', '#541D1D'),
(477, 3, 'Outline 2', '#292C30'),
(477, 4, 'Fill 2', '#000000'),
(477, 5, 'Horn Outline', '#212226'),
(477, 6, 'Horn Fill', '#46474B'),
(477, 7, 'Torso Lines', '#565656'),
(478, 0, 'Sclera', '#000000'),
(478, 1, 'Iris/Pupil', '#FFFF00'),
(478, 2, 'Eyebrow', '#D0D2D6'),
(478, 3, 'Eyelashes', '#242623'),
(479, 0, 'Outline', '#688198'),
(479, 1, 'Fill', '#A5B6C6'),
(479, 2, 'Highlight', '#D0D9E0'),
(480, 0, 'Outline', '#8C8E94'),
(480, 1, 'Fill', '#D1D2D6'),
(481, 0, 'Outline', '#000000'),
(481, 1, 'Fill', '#262B2E'),
(481, 2, 'Shadow Fill', '#232429'),
(481, 3, 'Hoof Outline', '#8A8F95'),
(481, 4, 'Hoof Fill', '#D1D2D6'),
(481, 5, 'Hoof Fill 2', '#ACAFB6'),
(481, 6, 'Hoof Shadow Outline', '#727376'),
(481, 7, 'Hoof Shadow Fill', '#B7B8BA'),
(481, 8, 'Hoof Shadow Fill 2', '#98999A'),
(482, 0, 'Outline', '#5E5509'),
(482, 1, 'Fill', '#E5CD15'),
(482, 2, 'Highlight', '#EBEB57'),
(482, 3, 'Trim', '#B09E0D'),
(482, 4, 'Trim Highlight', '#C6B10F'),
(482, 5, 'Shadow Fill', '#6D6308'),
(483, 0, 'Ring Outline', '#8C7E0C'),
(483, 1, 'Ring Fill', '#D0C423'),
(483, 2, 'String', '#404040'),
(484, 0, 'Outline', '#CCBC96'),
(484, 1, 'Fill', '#FFFBD3'),
(484, 2, 'Shadow Outline', '#B5A887'),
(484, 3, 'Shadow Fill', '#E1DEBA'),
(485, 0, 'Outline 1', '#992246'),
(485, 1, 'Outline 2', '#DB6589'),
(485, 2, 'Fill 1', '#B82C57'),
(485, 3, 'Fill 2', '#E2829D'),
(486, 0, 'Gradient Top', '#3C591E'),
(486, 1, 'Gradient Bottom', '#B8E78C'),
(486, 2, 'Highlight Top', '#D6ECB1'),
(486, 3, 'Highlight Bottom', '#FFFFFF'),
(487, 0, 'Rose Outline', '#9B2246'),
(487, 1, 'Rose Fill', '#D13868'),
(487, 2, 'Rose Shadow Fill', '#BA2B57'),
(487, 3, 'Leaf Outline', '#74A639'),
(487, 4, 'Leaf Fill', '#97CC62'),
(487, 5, 'Stem', '#4D7325'),
(488, 0, 'Outline + Wing Gr. Start', '#FFB8DA'),
(488, 1, 'Fill + Wing Gr. Start', '#FFF2FB'),
(488, 2, 'Shadow Fill', '#FBE2F1'),
(488, 3, 'Wing Outline Gradient End', '#E38EC8'),
(488, 4, 'Wing Fill Gradient End', '#FAC9E6'),
(489, 0, 'Outline', '#8C61AD'),
(489, 1, 'Stripe', '#57C4DD'),
(489, 2, 'Fill Gradient #1', '#F592C9'),
(489, 3, 'Fill Gradient #2', '#8A76C5'),
(490, 0, 'Gradient Top', '#2BA8B7'),
(490, 1, 'Gradient Bottom', '#8AE9E9'),
(490, 2, 'Highlight Top', '#9AE2D6'),
(490, 3, 'Highlight Bottom', '#FBFFFF'),
(492, 0, 'Outline', '#4ECBE5'),
(492, 1, 'Fill', '#93F3EF'),
(493, 0, 'Rim Outline', '#92ACB0'),
(493, 1, 'Rim Fill', '#BDDBD6'),
(493, 2, 'Muzzle Pad Fill', '#FCFFFF'),
(494, 0, 'Outline', '#00324D'),
(494, 1, 'Fill', '#0F5073'),
(494, 2, 'Shadow Fill', '#0C3E57'),
(494, 3, 'Star / Stripe 1', '#62DAC1'),
(494, 4, 'Stripe 2', '#D7FBF3'),
(494, 5, 'Brooch Center Outline', '#34A6A1'),
(494, 6, 'Brooch Center Fill', '#62DAC1'),
(494, 7, 'Brooch Extras Outline', '#BCEEE4'),
(494, 8, 'Brooch Extras Fill', '#FFFFFF'),
(495, 0, 'Aura', '#FEF78A'),
(496, 0, 'Outline', '#8E8CA2'),
(496, 1, 'Fill', '#DCDCDC'),
(497, 0, 'Outline', '#57357B'),
(497, 1, 'Fill', '#9567B6'),
(497, 2, 'Stripe', '#FFFFFF'),
(498, 0, 'Gradient Top', '#1B4959'),
(498, 1, 'Gradient Middle', '#67D1E8'),
(498, 2, 'Gradient Bottom', '#7CD8E9'),
(498, 3, 'Highlight Top', '#A8E5FB'),
(498, 4, 'Highlight Bottom', '#FBFFFF'),
(499, 0, 'Fill', '#55357A'),
(500, 0, 'Outline', '#2E608F'),
(500, 1, 'Fill', '#6398C9'),
(500, 2, 'Shadow Fill', '#4F83B2'),
(501, 0, 'Outline', '#142248'),
(501, 1, 'Fill', '#243871'),
(502, 0, 'Gradient Top', '#B0841D'),
(502, 1, 'Gradient Bottom', '#F8E38C'),
(503, 0, 'Fill 1', '#FFFFAB'),
(503, 1, 'Fill 2', '#FFFFFF'),
(504, 0, 'Outline', '#947345'),
(504, 1, 'Fill', '#CA9D5D'),
(504, 2, 'Shadow Outline', '#81653A'),
(504, 3, 'Shadow Fill', '#B08A53'),
(505, 0, 'Outline', '#FFCA5B'),
(505, 1, 'Fill 1', '#FFFFFF'),
(505, 2, 'Fill 2', '#FFF5A6'),
(506, 0, 'Gradient Top', '#6011B1'),
(506, 1, 'Gradient Middle', '#B863FF'),
(506, 2, 'Gradient Bottom', '#D4A7F6'),
(506, 3, 'Highlight', '#E6C5FF'),
(507, 0, 'Crosses', '#FFF5CE'),
(507, 1, 'Diamonds', '#FF931D'),
(508, 0, 'Aura', '#BF98E7'),
(509, 0, 'Frame', '#FFFFFF'),
(509, 1, 'Lens (38% Opacity)', '#99EDF3'),
(510, 0, 'Outline/Patch Outline', '#676E57'),
(510, 1, 'Fill', '#84916E'),
(510, 2, 'Outline 2', '#D57316'),
(510, 3, 'Fill 2/Patch Fill 1', '#FF931E'),
(510, 4, 'Patch Fill 2', '#A9B393'),
(510, 5, 'Comb Outline', '#D4BEA1'),
(510, 6, 'Comb Fill', '#FFFFFF'),
(510, 7, 'Shadow Outline', '#5C614D'),
(510, 8, 'Shadow Fill', '#738062'),
(510, 9, 'Shadow Outline 2', '#B56416'),
(510, 10, 'Shadow Fill 2', '#E4811B'),
(511, 0, 'Outline', '#C5BE93'),
(511, 1, 'Fill', '#FFFFDE'),
(511, 2, 'Shadow Outline', '#B4AD86'),
(511, 3, 'Shadow Fill', '#E8E7CB'),
(512, 0, 'Outline', '#6D6136'),
(512, 1, 'Fill', '#C5AC58'),
(513, 0, 'Gradient Top', '#4E9E7F'),
(513, 1, 'Gradient Bottom', '#92F4B5'),
(513, 2, 'Highlight', '#98FFB8'),
(514, 0, 'Paw Prints', '#6B633A'),
(515, 0, 'Frame', '#000000'),
(516, 0, 'Outline', '#85A1BE'),
(516, 1, 'Fill', '#D8E5EE'),
(516, 2, 'Highlight', '#F0F5F7'),
(517, 0, 'Body', '#7FD0F4'),
(517, 1, 'Shine', '#A8E1F8'),
(517, 2, 'Rim', '#4097BA'),
(517, 3, 'Inside Fill', '#15434D'),
(518, 0, 'Base', '#77376A'),
(518, 1, 'Shine', '#9B488B'),
(518, 2, 'Rope Fill', '#D7BB7A'),
(518, 3, 'Rope Lines', '#8C6837'),
(519, 0, 'Front Wheel Side', '#A1396C'),
(519, 1, 'Front Wheel Fill', '#77376A'),
(519, 2, 'Front Wheel Rim', '#F25595'),
(519, 3, 'Back Wheel Side', '#A1396C'),
(519, 4, 'Back Wheel Fill', '#441F3E'),
(519, 5, 'Back Wheel Rim', '#792D53'),
(519, 6, 'Flower Center Outline', '#C6871C'),
(519, 7, 'Flower Center Fill', '#EFB948'),
(519, 8, 'Flower Pedal Outline', '#ECCE7F'),
(519, 9, 'Flower Pedal Fill', '#FFF6AC'),
(520, 0, 'Outline', '#DAAC79'),
(520, 1, 'Fill', '#FFEFB9'),
(520, 2, 'Shadow Outline', '#B89267'),
(520, 3, 'Shadow Fill', '#D7CB9D'),
(520, 4, 'Stubble/Chest Hair', '#5F5872'),
(521, 0, 'Outline', '#56456B'),
(521, 1, 'Fill 1', '#7A7092'),
(521, 2, 'Fill 2', '#9086A3'),
(522, 0, 'Gradient Top', '#126BA6'),
(522, 1, 'Gradient Middle', '#2AADD0'),
(522, 2, 'Gradient Bottom', '#88CFEE'),
(523, 0, 'Side Fill/Rim Side', '#EFAB42'),
(523, 1, 'Side Shine', '#FFD248'),
(523, 2, 'Face Rim', '#FFEDA1'),
(523, 3, 'Face Fill', '#FFDA6C'),
(524, 0, 'Gold Tooth Outline', '#F3AB42'),
(524, 1, 'Gold Tooth Fill', '#FFDA6C'),
(524, 2, 'Mouth Fill', '#A25A72'),
(524, 3, 'Tongue Fill', '#E78226'),
(525, 0, 'Outline', '#D96374'),
(525, 1, 'Fill', '#FF9A97'),
(525, 2, 'Shadow Outline', '#B85563'),
(525, 3, 'Shadow Fill', '#D68080'),
(526, 0, 'Outline', '#8F5459'),
(526, 1, 'Fill', '#B26F51'),
(526, 2, 'Buckle Outline', '#F3AB43'),
(526, 3, 'Buckle Fill', '#FFDA6C'),
(527, 0, 'Cord/Outline', '#FAD753'),
(527, 1, 'Fill 1', '#FFF7C2'),
(527, 2, 'Fill 2', '#F3AB43'),
(528, 0, 'Outline', '#F0AB41'),
(528, 1, 'Fill 1', '#FFDB6C'),
(528, 2, 'Fill 2', '#FBF6B4'),
(529, 0, 'Outline', '#B29ABB'),
(529, 1, 'Fill', '#E8DBEF'),
(529, 2, 'Shadow Outline', '#948299'),
(529, 3, 'Shadow Fill', '#C6B8C9'),
(530, 0, 'Outline', '#F06B4A'),
(530, 1, 'Fill 1', '#FFA258'),
(530, 2, 'Fill 2', '#FFD17F'),
(531, 0, 'Gradient Top', '#4E948B'),
(531, 1, 'Gradient Bottom', '#63D7C0'),
(532, 0, 'Border / Shine', '#F8F275'),
(532, 1, 'Fill 1', '#F6F190'),
(532, 2, 'Fill 2', '#EBC22A'),
(533, 0, 'Outline', '#3B6B8F'),
(533, 1, 'Fill', '#5FA2C0'),
(533, 2, 'Shadow Outline', '#345A76'),
(533, 3, 'Shadow Fill', '#5087A3'),
(533, 4, 'Tie Outline', '#202A40'),
(533, 5, 'Tie Fill', '#2F3D5D'),
(533, 6, 'Sleeve Outline', '#202A40'),
(533, 7, 'Sleeve Fill', '#4E6A88'),
(533, 8, 'Shadow Sleeve Outline', '#1C2339'),
(533, 9, 'Shadow Sleeve Fill', '#425A70'),
(534, 0, 'Outline', '#202A40'),
(534, 1, 'Fill 1', '#2E3E5E'),
(534, 2, 'Fill 2', '#4D6A88'),
(534, 3, 'Brim', '#000000'),
(534, 4, 'Badge Outline', '#EDC029'),
(534, 5, 'Badge Fill', '#F8E77E'),
(535, 0, 'Fill', '#000000'),
(535, 1, 'Shine', '#656565'),
(536, 0, 'Outline', '#95BFCB'),
(536, 1, 'Fill', '#FBFBFB'),
(536, 2, 'Shadow Outline', '#93B5BD'),
(536, 3, 'Shadow Fill', '#F1F1F1'),
(536, 4, 'Hoof Outline', '#9C8126'),
(536, 5, 'Hoof Fill', '#D9BA61'),
(536, 6, 'Hoof Shadow Outline', '#947923'),
(536, 7, 'Hoof Shadow Fill', '#CEB15C'),
(536, 8, 'Vein Outline', '#C6DBE2'),
(537, 0, 'Outline', '#9D8026'),
(537, 1, 'Fill', '#D9BA61'),
(538, 0, 'Fill', '#FF0000'),
(539, 0, 'Fill 1', '#333333'),
(539, 1, 'Fill 2', '#CBCBCB'),
(539, 2, 'Outline', '#979797'),
(540, 0, 'Teeth Outline', '#BAAE75'),
(540, 1, 'Teeth Fill', '#ECE8B2'),
(540, 2, 'Gums', '#F39395'),
(540, 3, 'Inside Mouth', '#493565'),
(540, 4, 'Tongue Outline', '#DE5A5E'),
(540, 5, 'Tongue Fill', '#FF9898'),
(541, 0, 'Outline', '#E6D247'),
(541, 1, 'Fill', '#F9F165'),
(542, 0, 'Outline', '#EB792F'),
(542, 1, 'Fill', '#FDAB58'),
(542, 2, 'Shadow Outline', '#E65D1B'),
(542, 3, 'Shadow Fill', '#F58F42'),
(543, 0, 'Outline', '#774994'),
(543, 1, 'Fill 1', '#B072BE'),
(543, 2, 'Fill 2', '#985FAE'),
(544, 0, 'Gradient Top', '#4B1459'),
(544, 1, 'Gradient Bottom', '#AC72C5'),
(544, 2, 'Highlight Top', '#8324AC'),
(544, 3, 'Highlight Bottom', '#F0C6F0'),
(545, 0, 'Hat Fill', '#000000'),
(545, 1, 'Hat Top', '#2F3853'),
(545, 2, 'Hat Shine', '#A8AEDA'),
(545, 3, 'Hat Band', '#4F5B8A'),
(545, 4, 'Spotlight (60% Opacity)', '#FBFFD4'),
(545, 5, 'Spotlight Base', '#FCF5C7'),
(546, 0, 'Outline', '#B797D0'),
(546, 1, 'Fill', '#EADFF2'),
(546, 2, 'Shadow Outline', '#A287BB'),
(546, 3, 'Shadow Fill', '#D2C9DC'),
(547, 0, 'Outline', '#FFCC73'),
(547, 1, 'Fill 1', '#FFEBA6'),
(547, 2, 'Fill 2', '#FFDE8C'),
(547, 3, 'Hairband Outline', '#E976A9'),
(547, 4, 'Hairband Fill', '#F1A1CF'),
(548, 0, 'Gradient Top', '#902E75'),
(548, 1, 'Gradient Bottom', '#CF77B1'),
(548, 2, 'Highlight Top', '#CF72AF'),
(548, 3, 'Highlight Bottom', '#DF93BC'),
(548, 4, 'Eyeshadow', '#E4AFDB'),
(549, 0, 'Fill 1', '#705E99'),
(549, 1, 'Fill 2', '#CF8DB6'),
(549, 2, 'Lines', '#000000'),
(550, 0, 'Top Outline', '#342E46'),
(550, 1, 'Top Fill', '#4B4369'),
(550, 2, 'Top Shadow Outline', '#2C2940'),
(550, 3, 'Top Shadow Fill', '#443C5E'),
(550, 4, 'Skirt Outline', '#F8BEE4'),
(550, 5, 'Skirt Fill', '#FFF0F7'),
(550, 6, 'Leg Warmer/Belt Outline', '#E976A9'),
(550, 7, 'Leg Warmer/Belt Fill', '#F1A1CF'),
(550, 8, 'Leg Warmer Shadow Outline', '#D26A95'),
(550, 9, 'Leg Warmer Shadow Fill', '#DA90BA'),
(551, 0, 'Outline', '#7673CE'),
(551, 1, 'Fill', '#C0B6F3'),
(551, 2, 'Shadow Outline', '#696AB9'),
(551, 3, 'Shadow Fill', '#ACA3DA'),
(552, 0, 'Outline', '#81C2EF'),
(552, 1, 'Fill 1', '#BBEAFF'),
(552, 2, 'Fill 2', '#FFFFFF'),
(553, 0, 'Gradient Top', '#482648'),
(553, 1, 'Gradient Middle 1', '#A650A7'),
(553, 2, 'Gradient Middle 2', '#D078A7'),
(553, 3, 'Gradient Bottom', '#DE9FBF'),
(554, 0, 'Star', '#F2EBA5'),
(554, 1, 'Trail Fill 1', '#D2F0FF'),
(554, 2, 'Trail Fill 2', '#85C3ED'),
(554, 3, 'Sparkles', '#FFFFFF'),
(555, 0, 'Outline', '#2B2B2B'),
(555, 1, 'Fill', '#555555'),
(555, 2, 'Shadow Fill', '#434343'),
(556, 0, 'Outline', '#7CACAB'),
(556, 1, 'Fill', '#A9D5D4'),
(556, 2, 'Stripes', '#DBEDEB'),
(557, 0, 'Gradient Top', '#966535'),
(557, 1, 'Gradient Middle', '#CD9F2F'),
(557, 2, 'Gradient Bottom', '#F9E485'),
(558, 0, 'Lightning Outline', '#F0E486'),
(558, 1, 'Lightning Fill', '#F4ECA4'),
(558, 2, 'Cloud Fill', '#ABA9A9'),
(558, 3, 'Cloud Inner Stroke', '#D0D0D0'),
(558, 4, 'Trails', '#C4C4C4'),
(559, 0, 'Outline', '#272626'),
(559, 1, 'Fill', '#555555'),
(559, 2, 'Shadow Outline', '#1E1E20'),
(559, 3, 'Shadow Fill', '#424242'),
(560, 0, 'Outline', '#1EBCE2'),
(560, 1, 'Fill 1', '#83DAEF'),
(560, 2, 'Fill 2', '#C6F0FB'),
(561, 0, 'Gradient Top', '#056596'),
(561, 1, 'Gradient Middle', '#27ABE7'),
(561, 2, 'Gradient Bottom', '#5FC9F5'),
(562, 0, 'Stroke', '#9E9DAB'),
(562, 1, 'Fill', '#DCDBE3'),
(563, 0, 'Stroke', '#9A99AA'),
(563, 1, 'Fill', '#DBD9E2'),
(563, 2, 'Stripe', '#653599'),
(563, 3, 'Shadow Stroke', '#7B7D88'),
(563, 4, 'Shadow Fill', '#B1AFB7'),
(563, 5, 'Shadow Stripe', '#532B7C'),
(564, 0, 'Outline', '#9594D9'),
(564, 1, 'Fill', '#CCC3F3'),
(564, 2, 'Shadow Outline', '#8484C3'),
(564, 3, 'Shadow Fill', '#B8AFDA'),
(565, 0, 'Outline', '#5BCBC9'),
(565, 1, 'Fill', '#C4F3EB'),
(566, 0, 'Gradient Top', '#4E2B51'),
(566, 1, 'Gradient Middle', '#D078A7'),
(566, 2, 'Gradient Bottom', '#DD9EBD'),
(567, 0, 'Wings', '#E7EDF8'),
(567, 1, 'Head', '#5AACBB'),
(567, 2, 'Body', '#68C0BC'),
(567, 3, 'Body Stripes', '#91E5E2'),
(568, 0, 'Stroke', '#C65AE1'),
(568, 1, 'Fill', '#FF97FF'),
(569, 0, 'Outline', '#787878'),
(569, 1, 'Fill', '#A1A1A1'),
(569, 2, 'Shadow Outline', '#757879'),
(569, 3, 'Shadow Fill', '#909090'),
(570, 0, 'Outline', '#88DCEE'),
(570, 1, 'Fill', '#BCFFFF'),
(571, 0, 'Gradient Top', '#006596'),
(571, 1, 'Gradient Bottom', '#49C4F1'),
(572, 0, 'Stars', '#FFFFFF'),
(573, 0, 'Outline', '#176361'),
(573, 1, 'Fill 1/Button Fill', '#1998A1'),
(573, 2, 'Fill 2', '#FFFFFF'),
(573, 3, 'Shadow Outline', '#17585C'),
(573, 4, 'Shadow Fill 1', '#1A8A94'),
(573, 5, 'Shadow Fill 2', '#EAEAEA'),
(574, 0, 'Outline', '#437BCF'),
(574, 1, 'Fill', '#75B1ED'),
(574, 2, 'Shadow Outline', '#3E71BA'),
(574, 3, 'Shadow Fill', '#6BA1D7'),
(575, 0, 'Outline', '#243B50'),
(575, 1, 'Fill', '#375A7E'),
(576, 0, 'Gradient Top', '#BF942E'),
(576, 1, 'Gradient Bottom', '#FFED9C'),
(576, 2, 'Highlight', '#F6E38C'),
(577, 0, 'Musical Notes', '#FFFFFF'),
(578, 0, 'Outline', '#FFD16C'),
(578, 1, 'Fill', '#FFF9D0'),
(578, 2, 'Shadow Outline', '#E7BF61'),
(578, 3, 'Shadow Fill', '#E0DBB8'),
(579, 0, 'Outline', '#9F3760'),
(579, 1, 'Fill', '#D04B8D'),
(579, 2, 'Stripes', '#FF6E60'),
(579, 3, 'Beads 1', '#1AE7E4'),
(579, 4, 'Beads 2', '#9AEBEB'),
(580, 0, 'Gradient Top', '#661D47'),
(580, 1, 'Gradient Bottom', '#CF2F89'),
(580, 2, 'Highlight Top', '#EE64B3'),
(580, 3, 'Highlight Bottom', '#FFC0E8'),
(580, 4, 'Eyeshadow', '#F7A0C3'),
(581, 0, 'Hat Tip/Brim', '#CF4C8D'),
(581, 1, 'Hat Sideband', '#7E4061'),
(581, 2, 'Card Outline', '#C2E0DB'),
(581, 3, 'Card Fill 1', '#FFFFFF'),
(581, 4, 'Card Fill 2', '#19CBCB'),
(582, 0, 'Outline', '#5DD8A3'),
(582, 1, 'Fill', '#B3F2C6'),
(582, 2, 'Shadow Fill', '#93E4AC'),
(583, 0, 'Outline 1', '#ED20A1'),
(583, 1, 'Outline 2', '#FBA5C9'),
(583, 2, 'Fill 1', '#FB71AA'),
(583, 3, 'Fill 2', '#FCD1E4'),
(584, 0, 'Gradient Top', '#B01279'),
(584, 1, 'Gradient Bottom', '#FF6ED0'),
(584, 2, 'Highlight Top', '#FC8AE5'),
(584, 3, 'Highlight Bottom', '#FCCAF1'),
(585, 0, 'Machine Base', '#A25CC0'),
(585, 1, 'Machine Slot 1', '#D9E6E2'),
(585, 2, 'Machine Slot 2', '#AEBEBE'),
(585, 3, 'Machine Slot Fill 1', '#463C62'),
(585, 4, 'Machine Slot Fill 2', '#38314A'),
(585, 5, 'Glass Fill', '#D4F8FB'),
(585, 6, 'Glass Highlight (90% Opacity)', '#FFFFFF'),
(585, 7, 'Gumball 1', '#DF6C8F'),
(585, 8, 'Gumball 2', '#ECD359'),
(585, 9, 'Gumball 3', '#72D2D2'),
(585, 10, 'Gumball 4', '#ED8158'),
(586, 0, 'Outline', '#535257'),
(586, 1, 'Fill', '#E1DCE2'),
(586, 2, 'Markings', '#7D7B89'),
(586, 3, 'Hoof Fill', '#3D3C42'),
(586, 4, 'Shadow Fill', '#AEA8B6'),
(586, 5, 'Shadow Markings', '#6C6B7D'),
(586, 6, 'Hoof Shadow Fill', '#484452'),
(587, 0, 'Outline', '#535257'),
(587, 1, 'Fill 1', '#FFFFFF'),
(587, 2, 'Fill 2', '#7D7B89'),
(587, 3, 'Light Tail Stripe', '#E1DCE2'),
(588, 0, 'Gradient Top', '#18505B'),
(588, 1, 'Gradient Bottom', '#1A6C7D'),
(588, 2, 'Highlight Top', '#16A3BE'),
(588, 3, 'Highlight Bottom', '#2BCBE8'),
(589, 0, 'Jewellery Outline', '#A0833D'),
(589, 1, 'Jewellery Fill', '#FAC42D'),
(589, 2, 'Jewellery Highlight', '#FFFF64'),
(589, 3, 'Jewellery Reflection', '#D49F1D'),
(589, 4, 'Jewellery Shadow Outline', '#846E4E'),
(589, 5, 'Jewellery Shadow Fill', '#BA9947'),
(589, 6, 'Jewellery Shadow Highlight', '#C2BD6A'),
(589, 7, 'Jewellery Shadow Reflection', '#A1813A'),
(590, 0, 'Outline', '#666052'),
(590, 1, 'Fill', '#BAB8AF'),
(590, 2, 'Shadow Fill', '#A1A095'),
(591, 0, 'Outline', '#000000'),
(591, 1, 'Fill', '#343434'),
(591, 2, 'Stripes', '#656565'),
(592, 0, 'Gradient Top', '#491E59'),
(592, 1, 'Gradient Bottom', '#B465CB'),
(592, 2, 'Highlight Top', '#9852B0'),
(592, 3, 'Highlight Bottom', '#C98EDA'),
(593, 0, 'Treble Clef', '#A75CBE'),
(594, 0, 'Collar Outline', '#CCE2F6'),
(594, 1, 'Collar Fill', '#FFFFFF'),
(594, 2, 'Bowtie Outline', '#B456AA'),
(594, 3, 'Bowtie Fill', '#E490DC'),
(595, 0, 'Outline', '#B9AE4B'),
(595, 1, 'Fill', '#F7FBCF'),
(595, 2, 'Shadow Fill', '#EEECB8'),
(596, 0, 'Outline 1', '#282F53'),
(596, 1, 'Fill 1', '#365A93'),
(596, 2, 'Outline 2', '#E53D7A'),
(596, 3, 'Fill 2', '#FF8CDB'),
(597, 0, 'Gradient Top', '#195F65'),
(597, 1, 'Gradient Bottom', '#2BB1B9'),
(597, 2, 'Highlight Top', '#6DD0D8'),
(597, 3, 'Highlight Bottom', '#ADE3E6'),
(598, 0, 'Candy Outline', '#237AC1'),
(598, 1, 'Candy Fill 1', '#60CCFB'),
(598, 2, 'Candy Fill 2', '#FAFF5F'),
(598, 3, 'Candy Inner Fill', '#359FED'),
(599, 0, 'Outline', '#EF20A0'),
(599, 1, 'Fill (75% Opacity)', '#F771A6'),
(599, 2, 'Highlight', '#FFFFFF'),
(600, 0, 'Outline', '#329732'),
(600, 1, 'Fill', '#50C454'),
(600, 2, 'Outline 2', '#95D884'),
(600, 3, 'Fill 2', '#C2F0A3'),
(600, 4, 'Nostrils', '#30694C'),
(601, 0, 'Outline', '#9C40F6'),
(601, 1, 'Far Eye Top Line', '#CF8AFF'),
(601, 2, 'Lines Gradient Top', '#B04DF9'),
(601, 3, 'Lines Gradient Bottom', '#B96DF5'),
(601, 4, 'Gradient Top', '#7F17CB'),
(601, 5, 'Gradient Middle', '#C478F9'),
(601, 6, 'Gradient Bottom', '#E6CCFF'),
(602, 0, 'Tongue Gradient Tip', '#F16AC4'),
(602, 1, 'Tongue Gradient Base', '#A64688'),
(602, 2, 'Tongue Centre Stroke', '#AC369C'),
(602, 3, 'Gum Outline', '#C787C6'),
(602, 4, 'Gum Fill', '#FFB3FF'),
(602, 5, 'Fill', '#990033'),
(602, 6, 'Dark Fill', '#4A001D'),
(603, 0, 'Outline', '#526D6D'),
(603, 1, 'Fill', '#C13271'),
(603, 2, 'Tongue', '#F9A4E0'),
(603, 3, 'Teeth Separator', '#CDCDCD'),
(604, 0, 'Outline', '#C16A10'),
(604, 1, 'Fill', '#FF9933'),
(604, 2, 'Spots', '#E17B14'),
(604, 3, 'Inner Outline', '#FFF4B7'),
(604, 4, 'Inner Fill', '#FFC653'),
(605, 0, 'Foreleg Outline', '#71AE4C'),
(605, 1, 'Foreleg Fill', '#ADDA82'),
(605, 2, 'Hindleg Outline', '#2B5824'),
(605, 3, 'Hindleg Fill', '#408237'),
(606, 0, 'Outline', '#6B002C'),
(606, 1, 'Fill', '#990033'),
(607, 0, 'Outline', '#1A3188'),
(607, 1, 'Fill', '#2C4CD5'),
(607, 2, 'Pony', '#F0E485'),
(608, 0, 'Outer Lines', '#3E200D'),
(608, 1, 'Outer Fill', '#73401E'),
(608, 2, 'Lower Jaw Outer Fill', '#915B1E'),
(608, 3, 'Front Lines', '#93591C'),
(608, 4, 'Front Fill', '#AB7322'),
(608, 5, 'Inner Lines', '#B4833B'),
(608, 6, 'Inner Fill', '#C99858'),
(609, 0, 'Eye Fill', '#F5F1B0'),
(609, 1, 'Eye Shading', '#E1D072'),
(609, 2, 'Teeth Fill', '#D8CA7B'),
(609, 3, 'Front Tooth Fill', '#BFA94F'),
(609, 4, 'Teeth Shading', '#98913C'),
(609, 5, 'Antlers', '#321F0F'),
(609, 6, 'Leaf Outline', '#2B611E'),
(609, 7, 'Leaf Fill', '#3D8A30'),
(610, 0, 'Outer Lines', '#351E0F'),
(610, 1, 'Outer Fill', '#66391A'),
(610, 2, 'Front Lines', '#845115'),
(610, 3, 'Front Fill', '#98651F'),
(610, 4, 'Ropes', '#000000'),
(611, 0, 'Outer Lines', '#3E200D'),
(611, 1, 'Outer Fill', '#73401E'),
(611, 2, 'Top Lines', '#93591C'),
(611, 3, 'Top Fill', '#AB7322'),
(611, 4, 'Claws', '#3D2010'),
(612, 0, 'Fill', '#54371C'),
(612, 1, 'Tip 1', '#B9845F'),
(612, 2, 'Tip 2', '#CC9D80'),
(612, 3, 'Tip 3', '#CDB496'),
(612, 4, 'Leaf Outline', '#2B611E'),
(612, 5, 'Leaf Fill', '#3D8A30'),
(613, 0, 'Outline', '#583A25'),
(613, 1, 'Fill 1', '#9A6642'),
(613, 2, 'Fill 2', '#FFFFFF'),
(613, 3, 'Shadow Outline', '#44261E'),
(613, 4, 'Shadow Fill 1', '#6C472E'),
(613, 5, 'Shadow Fill 2', '#B2B2B2'),
(614, 0, 'Eye', '#000000'),
(614, 1, 'Highlight', '#FFFFFF'),
(614, 2, 'Nose', '#744E32'),
(614, 3, 'Whiskers', '#595959'),
(615, 0, 'Teeth', '#CBCBCB'),
(615, 1, 'Mouth', '#9B0000'),
(615, 2, 'Tongue', '#FF82BA'),
(616, 0, 'Outline', '#941D1D'),
(616, 1, 'Fill', '#BF2725'),
(616, 2, 'Tag Fill', '#DBC626'),
(616, 3, 'Tag Highlight', '#F1E76B'),
(617, 0, 'Outline', '#BEA66E'),
(617, 1, 'Fill', '#E0D39D'),
(617, 2, 'Outline 2', '#5F533E'),
(617, 3, 'Fill 2', '#91825F'),
(617, 4, 'Talon Outline', '#D97A1C'),
(617, 5, 'Talon Fill', '#FFAB59'),
(618, 0, 'Eyes', '#534838'),
(618, 1, 'Beak Outline', '#D97A1C'),
(618, 2, 'Beak Fill', '#FFAB59'),
(618, 3, 'Mouth', '#845245'),
(619, 0, 'Outline', '#398E96'),
(619, 1, 'Fill 1', '#43B6C0'),
(619, 2, 'Fill 2', '#FBECB3'),
(620, 0, 'Outline', '#EDC43C'),
(620, 1, 'Fill', '#F6D93D'),
(620, 2, 'Shadow Fill', '#E1C63B'),
(621, 0, 'Outline', '#529821'),
(621, 1, 'Fill', '#7FC04B'),
(622, 0, 'Eye Fill', '#1B3120'),
(622, 1, 'Eyebrow', '#000000'),
(622, 2, 'Outline', '#3E7353'),
(622, 3, 'Fill', '#63AB80'),
(622, 4, 'Leg Spots', '#67C294'),
(622, 5, 'Claw', '#AAF796'),
(622, 6, 'Shadow Fill', '#579B72'),
(622, 7, 'Shadow Leg Spots', '#5AAA80'),
(622, 8, 'Shadow Claw', '#8BCF86'),
(622, 9, 'Sole', '#4D8E66'),
(623, 0, 'Outline', '#3E7352'),
(623, 1, 'Fill', '#529B6F'),
(623, 2, 'Outer Circles', '#67C294'),
(623, 3, 'Middle Circles', '#AAF797'),
(623, 4, 'Inner Circles', '#DCFF93'),
(623, 5, 'Interior', '#0E1C0F'),
(623, 6, 'Bridge Outline', '#1C3121'),
(623, 7, 'Bridge Fill', '#2B4D33'),
(624, 0, 'Fill', '#AAF798'),
(624, 1, 'Lines', '#67C193'),
(624, 2, 'Leg Hole Fill', '#488A62'),
(625, 0, 'Fill', '#BD1C78'),
(625, 1, 'Dark Fill', '#4C0B30'),
(625, 2, 'Tongue', '#F27032'),
(625, 3, 'Alternate Tongue', '#FF6699'),
(625, 4, 'Alternate Tongue Stroke', '#FF2E7F'),
(626, 0, 'Lens Outline', '#856B2C'),
(626, 1, 'Lens Fill (See Notes)', '#A0CBD6'),
(626, 2, 'Lens Highlight (See Notes)', '#E7F2F5'),
(626, 3, 'Front Fill', '#AD8935'),
(626, 4, 'Side Fill 1', '#59461D'),
(626, 5, 'Side Fill 2/Strap Fill', '#403313'),
(627, 0, 'Shell/Propellor Outline', '#85ADC0'),
(627, 1, 'Shell/Propellor Fill', '#B3D7E5'),
(627, 2, 'Shell Highlight', '#E5F2F8'),
(627, 3, 'Rotor', '#1B0D24'),
(627, 4, 'Belt Outline', '#392914'),
(627, 5, 'Belt Fill', '#5D4123'),
(627, 6, 'Belt Buckle Outline', '#67ADCC'),
(627, 7, 'Belt Buckle Fill', '#B2D7E5'),
(627, 8, 'Magic Aura', '#FDF696'),
(628, 0, 'Outline', '#145086'),
(628, 1, 'Fill', '#4BC9DC'),
(628, 2, 'Shadow Fill (Legs)', '#3394B7'),
(628, 3, 'Shadow Fill (Wings)', '#41B0CB'),
(628, 4, 'Underbelly Outline', '#0FBBC3'),
(628, 5, 'Underbelly Fill', '#A3FAEC'),
(628, 6, 'Scales 1 (face, side, leg)', '#249DD6'),
(628, 7, 'Scales 2 (near-body tail)', '#2191C2'),
(628, 8, 'Scales 3 (middle of tail)', '#1385C0'),
(628, 9, 'Scales 4 (far end of tail)', '#116EB6'),
(629, 0, 'Outline Gradient Top', '#483484'),
(629, 1, 'Outline Gradient Bottom', '#5F53CC'),
(629, 2, 'Fill Gradient Top', '#6A53CB'),
(629, 3, 'Fill Gradient Bottom', '#81ADF7'),
(630, 0, 'Spines/Tail Outline', '#21315F'),
(630, 1, 'Spines/Tail Fill', '#30478F'),
(630, 2, 'Horn Outline', '#C0B5DF'),
(630, 3, 'Horn Fill', '#F8FAE3'),
(631, 0, 'Gradient Top', '#DE333D'),
(631, 1, 'Gradient Bottom', '#F8834F'),
(631, 2, 'Eyelid', '#1485BD'),
(631, 3, 'Eyebrow', '#213160'),
(631, 4, 'Under-eye Scales', '#83F2F8'),
(632, 0, 'Teeth Outline', '#AFD8CF'),
(632, 1, 'Teeth Fill', '#FFFFFF'),
(632, 2, 'Tongue', '#FD8531'),
(632, 3, 'Cheek', '#A95495'),
(632, 4, 'Throat', '#592D51'),
(633, 0, 'Outline', '#B4BACB'),
(633, 1, 'Fill', '#F0F2F4'),
(633, 2, 'Tail Fill', '#D7DDDF'),
(633, 3, 'Claws', '#66666F'),
(634, 0, 'Eye/Closed Mouth Outline', '#2E3640'),
(634, 1, 'Eyeshadow', '#B697C5'),
(634, 2, 'Eyeball', '#CFF379'),
(634, 3, 'Nose', '#FF9999'),
(634, 4, 'Whiskers', '#66666F'),
(635, 0, 'Open Mouth Outline', '#AE5682'),
(635, 1, 'Gums', '#FF979E'),
(635, 2, 'Fill', '#BF1D7A'),
(635, 3, 'Dark Fill', '#6F1148'),
(635, 4, 'Tongue', '#F17031'),
(635, 5, 'Tongue Stroke', '#BE4406'),
(636, 0, 'Bow Outline', '#674279'),
(636, 1, 'Bow Fill', '#9565A9'),
(636, 2, 'Bow Shadow Fill', '#815293'),
(637, 0, 'Fill', '#674279'),
(637, 1, 'Gem Fill', '#09B8CB'),
(637, 2, 'Gem Highlight', '#FFFFFF'),
(637, 3, 'Flower Petals', '#9565A9'),
(637, 4, 'Opal Main Fill', '#55E4F0'),
(637, 5, 'Opal Facet 1', '#0BB8CB'),
(637, 6, 'Opal Facet 2', '#DFEE5B'),
(637, 7, 'Opal Facet 3', '#A3F090'),
(637, 8, 'Opal Facet 4', '#F87CF9'),
(637, 9, 'Opal Highlight (60% Opacity)', '#FFFFFF'),
(638, 0, 'Outline', '#D0A02E'),
(638, 1, 'Fill', '#EDE58E'),
(638, 2, 'Shadow Outline', '#C4973B'),
(638, 3, 'Shadow Fill', '#D9C273'),
(639, 0, 'Outline', '#B27B29'),
(639, 1, 'Fill 1', '#DB9E44'),
(639, 2, 'Fill 2', '#E3CC6F'),
(640, 0, 'Gradient Top', '#275C00'),
(640, 1, 'Gradient Middle', '#3EA034'),
(640, 2, 'Gradient Bottom', '#8BE64E'),
(641, 0, 'Stem', '#41311A'),
(641, 1, 'Apple', '#DE3825'),
(643, 0, 'Outline', '#533619'),
(643, 1, 'Fill', '#9A642E'),
(643, 2, 'Stitches', '#D5A242'),
(644, 0, 'Outline 1', '#351E0F'),
(644, 1, 'Fill 1', '#4C3117'),
(644, 2, 'Outline 2', '#533619'),
(644, 3, 'Fill 2', '#9A642E'),
(645, 0, 'Outline', '#DBC3B0'),
(645, 1, 'Fill', '#FEF7DD'),
(645, 2, 'Hair', '#ADA17D'),
(645, 3, 'Dewclaw', '#696969'),
(646, 0, 'Reflection', '#DBE3E8'),
(646, 1, 'Pupil', '#000000'),
(646, 2, 'Eyebrows', '#6E6A61'),
(646, 3, 'Bottom Line', '#D8C8B1'),
(647, 0, 'Nostril Fill 1', '#755754'),
(647, 1, 'Nostril Fill 2', '#B8978B'),
(647, 2, 'Front Fill', '#E6D2B9'),
(648, 0, 'Outline', '#EBABBA'),
(648, 1, 'Fill', '#F7D8E1'),
(648, 2, 'Hair', '#B89C7D'),
(648, 3, 'Dewclaw', '#6B6B6B'),
(649, 0, 'Reflection', '#DBE3E8'),
(649, 1, 'Pupil', '#000000'),
(649, 2, 'Eyebrows', '#75696D'),
(649, 3, 'Bottom Line', '#E6B1BD'),
(650, 0, 'Nostril Fill 1', '#A4518B'),
(650, 1, 'Nostril Fill 2', '#DEA2AB'),
(650, 2, 'Front Fill', '#F8C0D2'),
(651, 0, 'Body Outline', '#7D5F35'),
(651, 1, 'Body Fill', '#AE8851'),
(651, 2, 'Body Spots', '#94723D'),
(651, 3, 'Nostril', '#5A472C'),
(652, 0, 'Body Outline', '#665536'),
(652, 1, 'Body Fill', '#947A4D'),
(652, 2, 'Body Spots', '#7C6640'),
(653, 0, 'Outline', '#3F4552'),
(653, 1, 'Fill', '#74798A'),
(653, 2, 'Hair', '#535664'),
(653, 3, 'Dewclaw', '#000000'),
(654, 0, 'Reflection', '#DBE3E8'),
(654, 1, 'Pupil', '#000000'),
(654, 2, 'Eyebrows', '#000000'),
(654, 3, 'Bottom Line', '#484B5A'),
(655, 0, 'Nostril Fill 1', '#1A2029'),
(655, 1, 'Nostril Fill 2', '#333945'),
(655, 2, 'Front Fill', '#505666'),
(656, 0, 'Body Outline', '#4E4029'),
(656, 1, 'Body Fill', '#947A4D'),
(656, 2, 'Body Spots', '#7C6640'),
(657, 0, 'Outline', '#791D1D'),
(657, 1, 'Fill', '#A42727'),
(657, 2, 'Shadow Outline', '#6E1A1A'),
(657, 3, 'Shadow Fill', '#972222'),
(657, 4, 'Underbelly Outline', '#DFA958'),
(657, 5, 'Underbelly Fill', '#FAE898'),
(657, 6, 'Wing Outline', '#DA9930'),
(657, 7, 'Wing Fill', '#F0C761'),
(657, 8, 'Scale Marks', '#CC3434'),
(657, 9, 'Spine/Tail Outline', '#BF5B00'),
(657, 10, 'Spine/Tail Fill', '#FD9900'),
(658, 0, 'Eyeball', '#FFFF97'),
(658, 1, 'Iris', '#3B2147'),
(658, 2, 'Freckles/Nostrils', '#DE8481'),
(658, 3, 'Teeth Outline', '#B0C3D4'),
(658, 4, 'Teeth Fill', '#FFFFFF'),
(658, 5, 'Inside Mouth', '#BD1C77'),
(658, 6, 'Tongue', '#F17032'),
(659, 0, 'Outline', '#2C3B5C'),
(659, 1, 'Fill', '#4F808C'),
(659, 2, 'Underbelly Fill', '#3E6474'),
(659, 3, 'Light Scale Marks/Muzzle', '#477084'),
(659, 4, 'Dark Scale Marks', '#3A577A'),
(659, 5, 'Shadow Outline', '#143040'),
(659, 6, 'Shadow Fill', '#3A6069'),
(659, 7, 'Shadow Light Scale Marks', '#355564'),
(659, 8, 'Shadow Dark Scale Marks', '#2A4259'),
(660, 0, 'Stroke Gradient Top', '#973828'),
(660, 1, 'Stroke Gradient Bottom', '#C34731'),
(660, 2, 'Fill Gradient Top', '#B74635'),
(660, 3, 'Fill Gradient Bottom', '#E7682F'),
(660, 4, 'Spines Outline', '#BA4029'),
(660, 5, 'Spines Fill 1', '#F07B45'),
(660, 6, 'Spines Fill 2', '#DD5F37'),
(661, 0, 'Iris Gradient Top', '#DD5422'),
(661, 1, 'Iris Gradient Bottom', '#ECA211'),
(662, 0, 'Teeth Outline', '#FCB043'),
(662, 1, 'Teeth Fill', '#FCE2A1'),
(662, 2, 'Teeth Shadow Fill', '#FDC973'),
(662, 3, 'Inside Cheek Fill 1', '#7C2955'),
(662, 4, 'Inside Cheek Fill 2', '#5F1F3F'),
(662, 5, 'Tongue Outline', '#DF4D0D'),
(662, 6, 'Tongue Fill', '#FE6632'),
(662, 7, 'Nostril Fill', '#162444'),
(663, 0, 'Outline', '#884438'),
(663, 1, 'Fill 1 (Closest to head)', '#E9C07C'),
(663, 2, 'Fill 2', '#E5D089'),
(663, 3, 'Fill 3', '#E9C07C'),
(663, 4, 'Fill 4', '#EEAA6C'),
(663, 5, 'Fill 5', '#ED9F6D'),
(663, 6, 'Fill 6', '#E49370'),
(663, 7, 'Fill 7', '#E18760'),
(663, 8, 'Fill 8', '#D47E5D'),
(663, 9, 'Fill 9', '#C3765A'),
(663, 10, 'Fill 10', '#B96F52'),
(663, 11, 'Fill 11', '#C3765A'),
(663, 12, 'Fill 12 (tip of horn)', '#D47E5D'),
(664, 0, 'Main Outline', '#1A141D'),
(664, 1, 'Main Fill 1', '#3D364A'),
(664, 2, 'Main Fill 2', '#524964'),
(664, 3, 'Band Outline/Engraving', '#E99108'),
(664, 4, 'Band Fill 1', '#FCA621'),
(664, 5, 'Band Fill 2', '#FCD656'),
(665, 0, 'Base Outline', '#1C161F'),
(665, 1, 'Base Fill', '#342F3E'),
(665, 2, 'Crystal 1 Fill 1', '#DC5142'),
(665, 3, 'Crystal 1 Fill 2', '#FD762F'),
(665, 4, 'Crystal 2 Fill 1', '#98201B'),
(665, 5, 'Crystal 2 Fill 2', '#B53A36'),
(665, 6, 'Crystal 2 Fill 3', '#FD6D4D'),
(665, 7, 'Crystal 2 Fill 4', '#FBB075'),
(665, 8, 'Crystal 3 Fill 1', '#98201B'),
(665, 9, 'Crystal 3 Fill 2', '#C92F31'),
(665, 10, 'Crystal 3 Fill 3', '#FDC59B'),
(665, 11, 'Crystal 4 Fill 1', '#B53A36'),
(665, 12, 'Crystal 4 Fill 2', '#FD6D4D'),
(665, 13, 'Crystal 4 Fill 3', '#FBB075'),
(665, 14, 'Crystal 5 Fill 1', '#DC5142'),
(665, 15, 'Crystal 5 Fill 2', '#FC8B4C'),
(666, 0, 'Outline', '#191920'),
(666, 1, 'Fill 1 (at neck)', '#615A70'),
(666, 2, 'Fill 1 Shine', '#817B8D'),
(666, 3, 'Shadow Fill (at neck)', '#2B2532'),
(666, 4, 'Fill 2', '#494355'),
(666, 5, 'Fill 3', '#3F3947'),
(666, 6, 'Fill 4', '#34303C'),
(666, 7, 'Fill 5', '#2E2833'),
(666, 8, 'Fill 6', '#28222F'),
(666, 9, 'Buckle Outline', '#DE930B'),
(666, 10, 'Buckle Fill 1', '#FCD656'),
(666, 11, 'Buckle Fill 2', '#FBA520'),
(666, 12, 'Buckle Studs', '#EC7505'),
(666, 13, 'Strap Outline', '#141414'),
(666, 14, 'Strap Fill', '#1A161E'),
(667, 0, 'Outline', '#191920'),
(667, 1, 'Fill 1', '#494155'),
(667, 2, 'Shine 1', '#615A70'),
(667, 3, 'Fill 2', '#3D364A'),
(667, 4, 'Shine 2', '#504A5B'),
(667, 5, 'Fill 3', '#342F3E'),
(667, 6, 'Shine 3', '#474152'),
(667, 7, 'Fill 4', '#2C2734'),
(667, 8, 'Shine 4', '#3A3445'),
(668, 0, 'Main Outline', '#BC7E26'),
(668, 1, 'Main Fill', '#EDB64C'),
(668, 2, 'Eyehold/Nosegaurd Fill', '#DE9937'),
(668, 3, 'Nosegaurd Shine', '#FDE990'),
(668, 4, 'Mouthpiece Fill', '#D68C22'),
(668, 5, 'Horn/Tusk Outline', '#FCD167'),
(668, 6, 'Horn/Tusk Fill', '#FDF9B2'),
(668, 7, 'Earpiece Outline', '#9F6B20'),
(668, 8, 'Earpiece Fill', '#D68C21'),
(668, 9, 'Front Horn Outline', '#392614'),
(668, 10, 'Front Horn Fill 1', '#69372E'),
(668, 11, 'Front Horn Fill 2', '#964F42'),
(668, 12, 'Jewel Set Outline', '#FDE968'),
(668, 13, 'Jewel Set Fill', '#FCFCD6'),
(668, 14, 'Jewel Fill 1', '#DC491D'),
(668, 15, 'Jewel Fill 2', '#FCD167'),
(669, 0, 'Main Outline', '#BB7E24'),
(669, 1, 'Main Fill', '#EDB64D'),
(669, 2, 'Main Shine Fill', '#FCE991'),
(669, 3, 'Neckpiece Fill', '#DE9937'),
(669, 4, 'Armguard Fill 1', '#E3A842'),
(669, 5, 'Armguard Fill 2/Legguard Fill', '#DE9937'),
(669, 6, 'Underwraps Outline', '#3C2613'),
(669, 7, 'Underwraps Fill', '#69372E'),
(669, 8, 'Armguard Spike Outline', '#FCD46F'),
(669, 9, 'Armguard Spike Fill', '#FCF8AF'),
(669, 10, 'Tailguard Spike Outline', '#FCD167'),
(669, 11, 'Tailguard Spike Fill', '#FCE991'),
(669, 12, 'Legguard Strap Outline', '#75531A'),
(669, 13, 'Legguard Strap Fill', '#9D6920'),
(669, 14, 'Boot Outline', '#BB7E24'),
(669, 15, 'Boot Fill', '#EDB64D'),
(669, 16, 'Boot Shine Fill', '#FCE991'),
(669, 17, 'Boot Strap Fill', '#DE9937'),
(669, 18, 'Boot Wing Outline', '#FCD46F'),
(669, 19, 'Boot Wing Fill', '#FCF8AF'),
(670, 0, 'Outline', '#3CB3BF'),
(670, 1, 'Fill', '#D8E6F5'),
(670, 2, 'Shadow Fill', '#B9DAE7'),
(671, 0, 'Outline', '#34A8E6'),
(671, 1, 'Fill', '#2D3263'),
(672, 0, 'Gradient Top', '#1E7815'),
(672, 1, 'Gradient Bottom', '#52E25F'),
(673, 0, 'Lightning Bolt Outline', '#E8D737'),
(673, 1, 'Lightning Bolt Fill', '#FFFF9A'),
(673, 2, 'Cloud Fill', '#728AC7'),
(675, 0, 'Outline', '#C8ABDC'),
(675, 1, 'Fill', '#FAFAFA'),
(675, 2, 'Shadow Fill', '#F2EDF7'),
(676, 0, 'Outline', '#EA9AEC'),
(676, 1, 'Fill 1', '#F8DAF8'),
(676, 2, 'Fill 2', '#FCF0FC'),
(677, 0, 'Gradient Top', '#7A51A7'),
(677, 1, 'Gradient Bottom', '#CCA7EF'),
(677, 2, 'Highlight Top', '#EEE2FB'),
(677, 3, 'Highlight Middle', '#D9BEF4'),
(677, 4, 'Highlight Bottom', '#CDAFEF'),
(677, 5, 'Eyeshadow', '#C29EE8'),
(678, 0, 'Outline 1', '#B8B055'),
(678, 1, 'Fill 1', '#E4DB83'),
(678, 2, 'Outline 2', '#9366C8'),
(678, 3, 'Fill 2', '#C49DEA'),
(679, 0, 'Aura', '#F1D9FE'),
(680, 0, 'Outline', '#B9C5D4'),
(680, 1, 'Fill', '#FAFAFA'),
(680, 2, 'Hoof Outline', '#4D7398'),
(680, 3, 'Hoof Fill', '#7399BE'),
(681, 0, 'Outline', '#35699F'),
(681, 1, 'Fill', '#6699CB'),
(681, 2, 'Shine (30% Opacity)', '#CEE0E6'),
(682, 0, 'Gradient Top', '#21639C'),
(682, 1, 'Gradient Middle', '#519DCE'),
(682, 2, 'Gradient Bottom', '#7EBCE8'),
(682, 3, 'Highlight Top', '#CDE9F6'),
(682, 4, 'Highlight Bottom', '#A3D8ED'),
(683, 0, 'Crown Outline', '#C5B62C'),
(683, 1, 'Crown Fill', '#DFD876'),
(683, 2, 'Jem Outline', '#402B40'),
(683, 3, 'Jem Fill 1', '#A589AF'),
(683, 4, 'Jem Fill 2', '#876890'),
(683, 5, 'Jem Fill 3', '#63466B'),
(684, 0, 'Aura', '#EAC16A'),
(685, 0, 'Lens Frame', '#496F7B'),
(685, 1, 'Lens Fill 1 (50% Opacity)', '#B7DEF8'),
(685, 2, 'Lens Fill 2 (70% Opacity)', '#DFEDFE'),
(685, 3, 'Lens Fill 2a (100% Opacity)', '#FAFAFA'),
(685, 4, 'Clip Outline', '#C5B62C'),
(685, 5, 'Clip Fill', '#DFD876'),
(685, 6, 'Chain', '#273E58'),
(685, 7, 'Lens Front Fill 1 (in profile)', '#B5DCED'),
(685, 8, 'Lens Front Fill 2 (in profile)', '#FFFAFF'),
(685, 9, 'Lens Side Fill (in profile)', '#5598B1'),
(686, 0, 'Bow Tie Outline', '#6B4978'),
(686, 1, 'Bow Tie Fill', '#AE8AB9'),
(686, 2, 'Jacket Outline', '#1C1C1C'),
(686, 3, 'Jacket Fill', '#454545'),
(686, 4, 'Shirt Outline', '#8EA0A3'),
(686, 5, 'Shirt Fill', '#FAFAFA'),
(686, 6, 'Vest Outline', '#1D3D5B'),
(686, 7, 'Vest Fill', '#2B5580'),
(686, 8, 'Button Outline', '#C5B62C'),
(686, 9, 'Button Fill', '#DFD876'),
(687, 0, 'Outline', '#438989'),
(687, 1, 'Fill', '#9ACCCC'),
(687, 2, 'Shadow Fill', '#7AB1B2'),
(688, 0, 'Outline', '#A9541A'),
(688, 1, 'Fill', '#EA8B21'),
(689, 0, 'Iris', '#000000'),
(689, 1, 'Eyebrows', '#67431C'),
(690, 0, 'Fill 1', '#FFFFFF'),
(690, 1, 'Fill 2/Pivot', '#D2E9E6'),
(691, 0, 'Aura', '#B1DEF3'),
(692, 0, 'Outline', '#C0860D'),
(692, 1, 'Fill', '#F1B83F'),
(692, 2, 'Shadow Outline', '#B07C10'),
(692, 3, 'Shadow Fill', '#DEAA3D'),
(693, 0, 'Outline', '#3A9985'),
(693, 1, 'Fill', '#53BEA7'),
(694, 0, 'Iris', '#000000'),
(694, 1, 'Freckles', '#FFD385'),
(695, 0, 'Snail Body Fill', '#FE97CD'),
(695, 1, 'Snail Mouth', '#A84291'),
(695, 2, 'Snail Shell Fill', '#B58AD7'),
(695, 3, 'Snail Shell Lines', '#7B44A8'),
(695, 4, 'Eyes', '#FFFFFF'),
(695, 5, 'Irises', '#000000'),
(696, 0, 'Aura', '#A98FD2'),
(697, 0, 'Outline', '#1E1E1E'),
(697, 1, 'Fill', '#505050'),
(697, 2, 'Shadow Outline', '#161616'),
(697, 3, 'Shadow Fill', '#3D3D3D'),
(697, 4, 'Face Strokes', '#777777'),
(698, 0, 'Outline', '#404040'),
(698, 1, 'Fill', '#050505'),
(699, 0, 'Pupil', '#520A00'),
(699, 1, 'Gradient Top', '#951200'),
(699, 2, 'Gradient Middle', '#DE2C12'),
(699, 3, 'Gradient Bottom', '#EB9359'),
(699, 4, 'Iris Strokes', '#D01907'),
(699, 5, 'Eyeball (Dark Magic)', '#00EF00'),
(699, 6, 'Eye Smoke (See Notes)', '#6E00FF'),
(702, 0, 'Gradient Tip', '#E88359'),
(702, 1, 'Gradient Middle 1', '#D6220B'),
(702, 2, 'Gradient Middle 2', '#6D1208'),
(702, 3, 'Gradient Base', '#323232'),
(702, 4, 'Bright Spot', '#4D4D4D'),
(702, 5, 'Dark Spot', '#1B0500'),
(703, 0, 'Fill', '#75140B'),
(703, 1, 'Tongue', '#F26F32'),
(703, 2, 'Teeth Outline', '#ABB2B2'),
(704, 0, 'Outline', '#222222'),
(704, 1, 'Fill', '#050505'),
(704, 2, 'Chevrons', '#787878'),
(705, 0, 'Arch Outline', '#404040'),
(705, 1, 'Arch Gradient Sides', '#161616'),
(705, 2, 'Arch Gradient Middle', '#CDCDCD'),
(705, 3, 'Arch Highlight Outline', '#838383'),
(705, 4, 'Arch Highlight', '#FFFFFF'),
(705, 5, 'Spine/Oval Outline', '#5D5D5D'),
(705, 6, 'Spine/Oval Fill', '#838383'),
(705, 7, 'Spine/Oval Highlight', '#C3C3C3'),
(705, 8, 'Central Spine Outline', '#A51C0F'),
(705, 9, 'Central Spine Fill', '#E42E12'),
(706, 0, 'Outline', '#1E1E1E'),
(706, 1, 'Fill', '#626262'),
(706, 2, 'Arch Outline', '#838383'),
(706, 3, 'Arch Gradient Sides', '#444444'),
(706, 4, 'Arch Gradient Middle', '#CDCDCD'),
(707, 0, 'Near Gradient Side', '#414141'),
(707, 1, 'Near Gradient Middle', '#B4B4B4'),
(707, 2, 'Near Gradient Center', '#505050'),
(707, 3, 'Far Gradient Top', '#7D7D7D'),
(707, 4, 'Far Gradient Bottom', '#505050'),
(708, 0, 'Stroke/Rivet Outline', '#5D5D5D'),
(708, 1, 'Rivet Fill', '#838383'),
(708, 2, 'Near Upper Gradient Side', '#323232'),
(708, 3, 'Near Upper Gradient Center', '#CDCDCD'),
(708, 4, 'Near Upper Gradient Middle', '#626262'),
(708, 5, 'Near Lower Gradient Side', '#323232'),
(708, 6, 'Near Lower Gradient Center', '#B4B4B4'),
(708, 7, 'Near Lower Gradient Middle', '#505050'),
(708, 8, 'Far Upper Gradient Top', '#AAAAAA'),
(708, 9, 'Far Upper Gradient Bottom', '#404040'),
(708, 10, 'Far Lower Gradient Top', '#626262'),
(708, 11, 'Far Lower Gradient Bottom', '#161616'),
(709, 0, 'Outline', '#5B1108'),
(709, 1, 'Gradient Top', '#C01600'),
(709, 2, 'Gradient Middle', '#710F00'),
(709, 3, 'Gradient Bottom', '#323232'),
(709, 4, 'Fur Outline', '#838383'),
(709, 5, 'Fur Fill', '#C3C3C3'),
(709, 6, 'Fur Spot Outline', '#585858'),
(709, 7, 'Fur Spot Fill', '#3B3B3B'),
(710, 0, 'Outline', '#1E1E1E'),
(710, 1, 'Strokes', '#505050'),
(710, 2, 'Gradient 1', '#B4B4B4'),
(710, 3, 'Gradient 2', '#505050'),
(710, 4, 'Shadow Outline', '#161616'),
(710, 5, 'Shadow Strokes', '#404040'),
(710, 6, 'Shadow Gradient 1', '#888888'),
(710, 7, 'Shadow Gradient 2', '#404040'),
(711, 0, 'Outline', '#153159'),
(711, 1, 'Fill', '#224A87'),
(711, 2, 'Shirt Outline', '#A6C5E1'),
(711, 3, 'Shirt Fill', '#D5EFEF'),
(711, 4, 'Tie Outline', '#313332'),
(711, 5, 'Tie Fill', '#4D4D4D'),
(712, 0, 'Yellow Outline', '#E4D432'),
(712, 1, 'Yellow Fill', '#FAFA9C'),
(712, 2, 'Red Outline', '#AE1D0B'),
(712, 3, 'Red Fill', '#EC3722'),
(712, 4, 'Blue Outline', '#238CD2'),
(712, 5, 'Blue Fill', '#4EA7E2'),
(712, 6, 'Wing Outline', '#A6C5E1'),
(712, 7, 'Wing Fill', '#D5EFEF'),
(713, 0, 'Outline', '#313332'),
(713, 1, 'Eyelet Outline', '#8195A6'),
(713, 2, 'Eyelet Fill', '#A2A8BA'),
(713, 3, 'Cord Outline', '#EC3722'),
(713, 4, 'Cord Shadow Outline', '#AE1D0B'),
(713, 5, 'Front Gradient Top', '#D6D6D6'),
(713, 6, 'Front Gradient Bottom', '#8F9398'),
(713, 7, 'Hole Fill 1', '#4D4D4D'),
(713, 8, 'Hole Fill 2', '#9295A2'),
(713, 9, 'Side Fill 1', '#84868C'),
(713, 10, 'Side Fill 2', '#B3B4B7'),
(714, 0, 'Frame Outline', '#81A3C4'),
(714, 1, 'Frame Fill', '#C3D5E3'),
(714, 2, 'Gradient Top', '#090D21'),
(714, 3, 'Gradient Middle (80% Opacity)', '#3B1E6A'),
(714, 4, 'Gradient Bottom (40% Opacity)', '#9568BD'),
(715, 0, 'Outline', '#BBBBBB'),
(715, 1, 'Fill', '#F8F8F8'),
(715, 2, 'Shadow Fill', '#E2E2E2'),
(716, 0, 'Outline', '#1E1C17'),
(716, 1, 'Fill', '#5D5248'),
(716, 2, 'Tail Tie Outline', '#B42D2D'),
(716, 3, 'Tail Tie Fill', '#DD3636'),
(717, 0, 'Gradient Top', '#3E322C'),
(717, 1, 'Gradient Bottom', '#A6774D'),
(717, 2, 'Highlight Top', '#A07A5A'),
(717, 3, 'Highlight Bottom', '#C4AE7F'),
(718, 0, 'Inkwell Body', '#767272'),
(718, 1, 'Inkwell Body Highlight', '#837F7F'),
(718, 2, 'Inkwell Neck', '#5D5A5A'),
(718, 3, 'Inkwell/Pen Trim', '#EBD26D'),
(718, 4, 'Inkwell/Pen Trim Highlight', '#FBE889'),
(718, 5, 'Pen Body', '#7F90BD'),
(718, 6, 'Pen Body Highlight', '#A0B0D4'),
(718, 7, 'Pen Neck', '#566288'),
(718, 8, 'Pen Nib', '#CCE5E5'),
(718, 9, 'Pen Nib Split', '#92AFAF'),
(719, 0, 'Rims', '#000000'),
(720, 0, 'Lead/Body', '#1679DC'),
(720, 1, 'Wood', '#E4CF99'),
(721, 0, 'Outline', '#CDDDEB'),
(721, 1, 'Fill', '#FFFFFF'),
(721, 2, 'Cravat Outline', '#B42D2D'),
(721, 3, 'Cravat Fill', '#DD3636'),
(722, 0, 'Aura', '#E384AA'),
(723, 0, 'Outline', '#CAA756'),
(723, 1, 'Fill', '#FFF6AE'),
(723, 2, 'Shadow Outline', '#B4954D'),
(723, 3, 'Shadow Fill', '#E2DD9C'),
(723, 4, 'Freckles', '#F5C85F'),
(724, 0, 'Outline', '#58AB3D'),
(724, 1, 'Fill', '#BFF788'),
(724, 2, 'Fill 2', '#8DDC54'),
(724, 3, 'Hairband Outline', '#CD60DB'),
(724, 4, 'Hairband Fill', '#FF99FF'),
(725, 0, 'Gradient Top', '#2F933F'),
(725, 1, 'Gradient Bottom', '#89D658'),
(725, 2, 'Highlight Top', '#89CD70'),
(725, 3, 'Highlight Bottom', '#A4DF7B'),
(726, 0, 'Body', '#B96E22'),
(726, 1, 'Wing 1', '#703A17'),
(726, 2, 'Wing 2', '#9A5121'),
(726, 3, 'Detail', '#9A5116'),
(726, 4, 'Eye', '#4B2A0A'),
(726, 5, 'Comb/Wattle', '#EA3200'),
(726, 6, 'Beak', '#EBD236'),
(726, 7, 'Eggs', '#EDBC4F'),
(727, 0, 'Outline', '#9F1F00'),
(727, 1, 'Fill', '#FF572C'),
(727, 2, 'Shadow Fill', '#E14A36'),
(727, 3, 'White Dots', '#FFFFFF'),
(727, 4, 'Lens (55% Opacity)', '#6B64B2'),
(727, 5, 'Highlight (60% Opacity)', '#FFFFFF'),
(728, 0, 'Outline', '#9BE9FB'),
(728, 1, 'Fill', '#FFFFFF'),
(728, 2, 'Dots', '#CCF3FF'),
(728, 3, 'Foulard Outline', '#00B7E3'),
(728, 4, 'Foulard Fill', '#3DD7FF'),
(729, 0, 'Outline', '#F984A8'),
(729, 1, 'Fill', '#FFCED8'),
(729, 2, 'Shadow Outline', '#DE7796'),
(729, 3, 'Shadow Fill', '#E3B9BF'),
(729, 4, 'Pocket Outline', '#F85C8B'),
(729, 5, 'Pocket Fill', '#FB95B4'),
(729, 6, 'Button Outline', '#00B7E3'),
(729, 7, 'Button Fill', '#3DD7FF'),
(730, 0, 'Front', '#932358'),
(730, 1, 'Side/Torn Material', '#CA4485'),
(730, 2, 'Side Separator', '#A42B66'),
(730, 3, 'Middle Flower Petals', '#B24D35'),
(730, 4, 'Middle Flower Centers', '#5B151E'),
(730, 5, 'Side Flower Petals 1', '#E4513D'),
(730, 6, 'Side Flower Center 1', '#811D1F'),
(730, 7, 'Side Flower Petals 2', '#E76755'),
(730, 8, 'Side Flower Center 2', '#8C383A'),
(730, 9, 'Side Flower Petals 3', '#E45844'),
(730, 10, 'Side Flower Center 3', '#872729'),
(730, 11, 'Handle', '#CCB44F'),
(730, 12, 'Handle Crack', '#877321'),
(730, 13, 'Tear', '#F5DDEA'),
(730, 14, 'Wear Spots', '#B4698E'),
(731, 0, 'Outline', '#C37440'),
(731, 1, 'Fill', '#EF9E5F'),
(731, 2, 'Shadow Outline', '#B16A3B'),
(731, 3, 'Shadow Fill', '#D99156'),
(732, 0, 'Outline', '#EAC266'),
(732, 1, 'Fill', '#FFE281'),
(733, 0, 'Gradient Top', '#255789'),
(733, 1, 'Gradient Bottom', '#82E3FF'),
(734, 0, 'Trophy Fill 1', '#FFD566'),
(734, 1, 'Trophy Fill 2', '#F1BD48'),
(734, 2, 'Trophy Shadow Fill', '#C88C37'),
(734, 3, 'Trophy Highlight', '#FFE29F'),
(735, 0, 'Outline', '#D59739'),
(735, 1, 'Outer Fill', '#FFCF4E'),
(735, 2, 'Inner Fill', '#FFA3FF'),
(736, 0, 'Outline', '#DE70EC'),
(736, 1, 'Fill', '#FFA3FF'),
(737, 0, 'String', '#725A46'),
(737, 1, 'Outline', '#D59739'),
(737, 2, 'Fill', '#FFCF4E'),
(738, 0, 'Jacket Outline', '#76588A'),
(738, 1, 'Jacket Fill', '#A06FAC'),
(738, 2, 'Jacket Shadow Outline', '#6F5483'),
(738, 3, 'Jacket Shadow Fill', '#986AA4'),
(738, 4, 'Button Outline', '#D59739'),
(738, 5, 'Button Fill', '#FFCF4E'),
(738, 6, 'Button Shadow Outline', '#C78E36'),
(738, 7, 'Button Shadow Fill', '#FFC54D'),
(738, 8, 'Undershirt', '#FFFFFF'),
(739, 0, 'Front', '#932358'),
(739, 1, 'Side/Front Pattern', '#CA4485'),
(739, 2, 'Side Separator', '#A42B66'),
(739, 3, 'Flower Centers', '#FFFFFF'),
(739, 4, 'Flower Petals 1', '#EB94C6'),
(739, 5, 'Flower Petals 2', '#5F96C9'),
(739, 6, 'Flower Petals 3', '#6CD0A9'),
(739, 7, 'Flower Petals 4', '#5EA8C0'),
(739, 8, 'Flower Petals 5', '#CEA7DB'),
(739, 9, 'Flower Petals 5', '#E08725'),
(739, 10, 'Flower Petals 5', '#E7F7CA'),
(739, 11, 'Flower Petals 5', '#E2C444'),
(739, 12, 'Handle', '#2C1128'),
(739, 13, 'Handle Trim', '#C1B528'),
(740, 0, 'Outline', '#F0CD7B'),
(740, 1, 'Fill', '#FCFCBA'),
(740, 2, 'Shadow Outline', '#D8C184'),
(740, 3, 'Shadow Fill', '#E0DFAA'),
(741, 0, 'Outline', '#3DBBCA'),
(741, 1, 'Fill 1', '#73DEF6'),
(741, 2, 'Fill 2', '#D3F4FB'),
(742, 0, 'Gradient Top', '#2D6751'),
(742, 1, 'Gradient Bottom', '#44B675'),
(742, 2, 'Highlight Top', '#7ADC9A'),
(742, 3, 'Highlight Bottom', '#BFECBD'),
(745, 0, 'Outline', '#E2A414'),
(745, 1, 'Fill', '#FFE588'),
(745, 2, 'Shadow Fill', '#F8DB74'),
(746, 0, 'Outline', '#36B6B4'),
(746, 1, 'Fill', '#8AEAD6'),
(747, 0, 'Gradient Top', '#175756'),
(747, 1, 'Gradient Middle', '#279C9C'),
(747, 2, 'Gradient Bottom', '#50D1D1'),
(747, 3, 'Highlight Top', '#A1DCF5'),
(747, 4, 'Highlight Bottom', '#E0F4FF'),
(748, 0, 'Raindrops', '#68B9DC'),
(748, 1, 'Highlights', '#FFFFFF'),
(750, 0, 'Outline', '#746448'),
(750, 1, 'Fill', '#A3916D'),
(750, 2, 'Bald shine', '#D3C4A5'),
(750, 3, 'Shadow Outline', '#63563C'),
(750, 4, 'Shadow Fill', '#877559'),
(750, 5, 'Muzzle Outline', '#BDA98D'),
(750, 6, 'Muzzle Fill', '#E6D8A9'),
(750, 7, 'Nostril Outline', '#938263'),
(750, 8, 'Nostril Fill', '#403625'),
(750, 9, 'Whiskers/Eyebrows', '#40384C'),
(751, 0, 'Tail Puff / Toupee #1 Outline ', '#131316'),
(751, 1, 'Tail Puff / Toupee #2 Fill', '#3D394A'),
(751, 2, 'Toupee #1 Shine', '#545567'),
(751, 3, 'Tail Fill', '#746448'),
(751, 4, 'Toupee #2 Outline', '#CF953D'),
(751, 5, 'Toupee #2 Fill', '#E9C15D'),
(751, 6, 'Toupee #2 Shine', '#F4D68D'),
(751, 7, 'Toupee #3 Outline', '#C2580B'),
(751, 8, 'Toupee #3 Fill', '#FF9A2D'),
(751, 9, 'Toupee #3 Stripes', '#FFEE5F'),
(752, 0, 'Gradient Top', '#176878'),
(752, 1, 'Gradient Bottom', '#ACEAF6'),
(755, 0, 'Outline', '#866F3E'),
(755, 1, 'Fill', '#B8A05F'),
(755, 2, 'Shadow Outline', '#776436'),
(755, 3, 'Shadow Fill', '#A58F56'),
(755, 4, 'Muzzle Outline', '#BBA869'),
(755, 5, 'Muzzle Fill', '#E9DCA6'),
(755, 6, 'Nostril Outline', '#91824E'),
(755, 7, 'Nostril Fill', '#524625'),
(756, 0, 'Outline', '#1D160D'),
(756, 1, 'Fill', '#534425'),
(757, 0, 'Gradient Top', '#186A7A'),
(757, 1, 'Gradient Bottom', '#A8E8F6'),
(757, 2, 'Eyelid', '#86703E'),
(760, 0, 'Fill', '#62C7F0'),
(760, 1, 'Shine', '#BEF8FF'),
(761, 0, 'Outline', '#CBE1F9'),
(761, 1, 'Fill', '#FFFFFF'),
(761, 2, 'Charm Setting Outline', '#C8B526'),
(761, 3, 'Charm Setting Fill', '#F0E66B'),
(761, 4, 'Charm Outline', '#6699C9'),
(761, 5, 'Charm Fill', '#33628C'),
(761, 6, 'Charm Silhouette Outline', '#CBE1F9'),
(761, 7, 'Charm Silhouette Fill', '#FFFFFF'),
(762, 0, 'Outline', '#EA6929'),
(762, 1, 'Fill', '#FEB568'),
(762, 2, 'Shadow Outline', '#D06025'),
(762, 3, 'Shadow Fill', '#E1A15C'),
(763, 0, 'Outline', '#623F95'),
(763, 1, 'Fill 1', '#925DC2'),
(763, 2, 'Fill 2', '#B67AD0'),
(764, 0, 'Gradient Top', '#570C37'),
(764, 1, 'Gradient Bottom', '#BD1C75'),
(764, 2, 'Highlight Top', '#D852A0'),
(764, 3, 'Highlight Bottom', '#FDB8DD'),
(765, 0, 'Fill', '#DC1DA2'),
(765, 1, 'Broad stripes', '#912D9F'),
(765, 2, 'Thin stripes', '#FCE191'),
(767, 0, 'Outline', '#168CCF'),
(767, 1, 'Broad Stripe 1', '#63CCFF'),
(767, 2, 'Broad Stripe 2', '#95E7FC'),
(767, 3, 'Thin Stripe 1', '#DCF7FF'),
(767, 4, 'Thin Stripe 2', '#DC1C9E'),
(767, 5, 'Thin Stripe 3', '#BEE95A'),
(768, 0, 'Hairband/Boa Clasp Outline', '#51B457'),
(768, 1, 'Hairband/Boa Clasp Fill', '#BEE85E'),
(768, 2, 'Boa Outline', '#C52293'),
(768, 3, 'Boa Fill', '#F04495'),
(769, 0, 'Braces', '#8FB2C5'),
(770, 0, 'Outline', '#9895CB'),
(770, 1, 'Fill', '#EDF9F1'),
(770, 2, 'Shadow Outline', '#8885B3'),
(770, 3, 'Shadow Fill', '#D5DEDB'),
(770, 4, 'Stubble Outline', '#516C71'),
(770, 5, 'Stubble Fill', '#B3C5C8'),
(771, 0, 'Outline', '#553E73'),
(771, 1, 'Fill', '#734EA2'),
(771, 2, 'Stripe', '#7B72AB'),
(772, 0, 'Gradient Top', '#65126A'),
(772, 1, 'Gradient Bottom', '#BC1DAC'),
(773, 0, 'Fill 1', '#F5A5EC'),
(773, 1, 'Fill 2', '#BE5FC0'),
(775, 0, 'Outline', '#1E305A'),
(775, 1, 'Fill', '#4266B4'),
(775, 2, 'Hem / Collar Fill', '#2F4A83'),
(775, 3, 'Shadow Outline', '#172A49'),
(775, 4, 'Shadow Fill', '#3A5AA0'),
(775, 5, 'Shadow Hem Fill', '#294275'),
(775, 6, 'Sleeve Stripes', '#F4FEFC'),
(775, 7, 'Front Stripe', '#8CA2D5'),
(775, 8, 'Shirt / Towel Outline', '#1381BE'),
(775, 9, 'Shirt / Towel Fill', '#4FB5E9'),
(776, 0, 'Outline', '#F69837'),
(776, 1, 'Necklace / Side Fill', '#FDCE40'),
(776, 2, 'Clip Fill', '#FAE087'),
(776, 3, 'Medallion Fill', '#FDF4BD'),
(777, 0, 'Outline', '#D47023'),
(777, 1, 'Fill', '#EDAF56'),
(777, 2, 'Shadow Outline', '#D06E24'),
(777, 3, 'Shadow Fill', '#E8A74F'),
(778, 0, 'Outline', '#56423E'),
(778, 1, 'Main Fill', '#73604C'),
(778, 2, 'Main Stripe', '#8D7F67'),
(778, 3, 'Back Mane Outline', '#626158'),
(778, 4, 'Back Mane Fill', '#ABAA96'),
(778, 5, 'Back Mane Stripe', '#CAC9BC'),
(779, 0, 'Gradient Top', '#DCB409'),
(779, 1, 'Gradient Bottom', '#F8EF77'),
(779, 2, 'Highlight Top', '#E1C21F'),
(779, 3, 'Highlight Bottom', '#F9F4AA'),
(780, 0, 'Top Sheet', '#FFFFFF'),
(780, 1, 'Pad Sides', '#D2EBEB'),
(780, 2, 'Pad Top', '#B0DBDD'),
(780, 3, 'Pad Shadow', '#A6C2C9'),
(780, 4, 'Pad Rings', '#98A1A1'),
(780, 5, 'Text Lines', '#A2A8A8'),
(780, 6, 'Pencil Side 1', '#ADE2DC'),
(780, 7, 'Pencil Side 2', '#71B5BA'),
(780, 8, 'Eraser', '#F2665F'),
(780, 9, 'Eraser Band', '#D7EAEA'),
(780, 10, 'Wood', '#EED7A9'),
(780, 11, 'Graphite', '#585853'),
(782, 0, 'Shirt Outline', '#89B3B0'),
(782, 1, 'Shirt Fill', '#EAFAF9'),
(782, 2, 'Buttons', '#708D8C'),
(782, 3, 'Tie Outline', '#672525'),
(782, 4, 'Tie Fill', '#C03F39'),
(782, 5, 'Tie Stripe', '#CFB2A4'),
(783, 0, 'Clip Outline', '#6C6C6C'),
(783, 1, 'Clip Fill', '#9F9F9F'),
(783, 2, 'Clip Shine', '#EBEBEB'),
(783, 3, 'Badge Outline', '#9F9F9F'),
(783, 4, 'Badge Fill 1', '#C0C0C0'),
(783, 5, 'Badge Fill 2', '#F4F4F4'),
(783, 6, 'Photo Spot', '#7796BC'),
(783, 7, 'Text Lines', '#6C6C6C'),
(784, 0, 'Outline', '#452261'),
(784, 1, 'Fill', '#784497'),
(784, 2, 'Shadow Outline', '#3C1B53'),
(784, 3, 'Shadow Fill', '#653A81'),
(784, 4, 'Hem Outline', '#AA86C5'),
(784, 5, 'Hem Fill', '#FFFFFF'),
(784, 6, 'Hem Shadow Outline', '#9877B1'),
(784, 7, 'Hem Shadow Fill', '#E4E4E4'),
(784, 8, 'Sash Outline', '#3B7351'),
(784, 9, 'Sash Fill', '#84DD92'),
(785, 0, 'Outline', '#3B7351'),
(785, 1, 'Fill', '#84DD92'),
(785, 2, 'Spots', '#65C092'),
(785, 3, 'Shadow Outline', '#275D48'),
(785, 4, 'Shadow Fill', '#70BD7B'),
(785, 5, 'Shadow Spots', '#5AA574'),
(785, 6, 'Eyes', '#000000'),
(786, 0, 'Outline', '#FF91C8'),
(786, 1, 'Fill', '#FFB2D6'),
(786, 2, 'Shadow Fill', '#FFAAD4'),
(787, 0, 'Outline', '#449DD7'),
(787, 1, 'Fill', '#7CD6FF'),
(787, 2, 'Highlight', '#F2FFFF'),
(788, 0, 'Gradient Top', '#20487C'),
(788, 1, 'Gradient Bottom', '#3877B8'),
(788, 2, 'Highlight Top', '#5792CF'),
(788, 3, 'Highlight Bottom', '#75ACE5'),
(788, 4, 'Eyeshadow', '#B9E3F2'),
(789, 0, 'Outline', '#F692C5'),
(789, 1, 'Fill', '#FFFFFF'),
(791, 0, 'Outline', '#BEDEDC'),
(791, 1, 'Fill', '#FFFFFF'),
(791, 2, 'Button', '#FF91C8'),
(791, 3, 'Button Highlight', '#FFB1D9'),
(792, 0, 'Outline', '#449DD7'),
(792, 1, 'Fill', '#7CD6FF'),
(792, 2, 'Shadow Fill', '#68CBF5'),
(793, 0, 'Outline', '#FF91C8'),
(793, 1, 'Fill', '#FFB2D6'),
(793, 2, 'Highlight', '#FFD5EB'),
(794, 0, 'Gradient Top', '#20487C'),
(794, 1, 'Gradient Bottom', '#3877B8'),
(794, 2, 'Highlight Top', '#5792CF'),
(794, 3, 'Highlight Bottom', '#75ACE5'),
(794, 4, 'Eyeshadow', '#B9E3F2'),
(795, 0, 'Outline', '#F4B8D8'),
(795, 1, 'Fill', '#FFFFFF'),
(797, 0, 'Outline', '#BEDEDC'),
(797, 1, 'Fill', '#FFFFFF'),
(797, 2, 'Button', '#FF91C8'),
(797, 3, 'Button Highlight', '#FFB1D9'),
(798, 0, 'Outline', '#D2A025'),
(798, 1, 'Fill', '#FFCB64'),
(798, 2, 'Shadow Outline', '#B1861F'),
(798, 3, 'Shadow Fill', '#D4A953'),
(799, 0, 'Outline', '#624430'),
(799, 1, 'Fill', '#7F5841'),
(800, 0, 'Gradient Top', '#1B546B'),
(800, 1, 'Gradient Bottom', '#64DEDD'),
(801, 0, 'Horseshoes', '#3195FF'),
(801, 1, 'Nails', '#99DCFF'),
(803, 0, 'Outline', '#5EA48A'),
(803, 1, 'Fill', '#B0DCB9'),
(803, 2, 'Shadow Outline', '#519078'),
(803, 3, 'Shadow Fill', '#A0C7A9'),
(804, 0, 'Outline', '#3A6F98'),
(804, 1, 'Fill', '#58B3CF'),
(805, 0, 'Gradient Top', '#1C3B86'),
(805, 1, 'Gradient Middle', '#73AAFF'),
(805, 2, 'Gradient Bottom', '#A9E5FF'),
(806, 0, 'Bucket Side', '#AB9780'),
(806, 1, 'Bucket Rim', '#EEE2C9'),
(806, 2, 'Bucket Inside', '#7B6857'),
(806, 3, 'Water Fill 1', '#5CACC0'),
(806, 4, 'Water Fill 2', '#90D1E3'),
(806, 5, 'Water Fill 3', '#DCF6F9'),
(806, 6, 'Water Fill 4', '#E4FFFF'),
(807, 0, 'Aura', '#7DD0F4'),
(808, 0, 'Outline', '#A6C7C7'),
(808, 1, 'Fill', '#FFFFFF'),
(808, 2, 'Jewel Fill', '#FF85C1'),
(808, 3, 'Jewel Shine', '#FBBCDC'),
(809, 0, 'Outline', '#DE6A89'),
(809, 1, 'Fill', '#FAACAE'),
(809, 2, 'Shadow Outline', '#DB7488'),
(809, 3, 'Shadow Fill', '#ED999A'),
(810, 0, 'Outline', '#52265E'),
(810, 1, 'Fill 1', '#9F4CA4'),
(810, 2, 'Fill 2', '#85398A'),
(810, 3, 'Fill 3', '#67306C'),
(810, 4, 'Fill 4', '#552A5C'),
(811, 0, 'Gradient Top', '#00544E'),
(811, 1, 'Gradient Bottom', '#00B1A6'),
(811, 2, 'Highlight Top', '#34C2BC'),
(811, 3, 'Highlight Bottom', '#86D3D2'),
(811, 4, 'Eyeshadow', '#CC8EDA'),
(812, 0, 'Gem Dark Fill 1', '#92D7F3'),
(812, 1, 'Gem Dark Fill 2', '#B0E2F5'),
(812, 2, 'Gem Dark Fill 3', '#D6F0F9'),
(812, 3, 'Gem Dark Fill 4', '#B8E4F7'),
(812, 4, 'Gem Light Fill 1', '#C4EEF8'),
(812, 5, 'Gem Light Fill 2', '#D6EFFF'),
(812, 6, 'Gem Light Fill 3', '#FFFFFF'),
(812, 7, 'Gem Light Fill 4', '#D5F1F5'),
(812, 8, 'Ring Inside Fill 1', '#D69714'),
(812, 9, 'Ring Inside Fill 2', '#E8B708'),
(812, 10, 'Ring Outside Fill', '#F8F252'),
(812, 11, 'Ring Shine', '#FFFFB2'),
(812, 12, 'Gleam Spots', '#FFFFFF'),
(814, 0, 'Outline', '#EBB80A'),
(814, 1, 'Fill 1', '#F8F355'),
(814, 2, 'Fill 2', '#F1D72F'),
(815, 0, 'Outline', '#348DA9'),
(815, 1, 'Main Fill', '#6AD3D3'),
(815, 2, 'Sleeve Fill 1', '#E0F3FF'),
(815, 3, 'Sleeve Fill 2', '#B7E5F7'),
(815, 4, 'Belt Outline', '#EBB80C'),
(815, 5, 'Belt Fill', '#F9F355'),
(815, 6, 'Belt Gem Fill 1', '#8ED8F4'),
(815, 7, 'Belt Gem Fill 2', '#B7E5F6'),
(816, 0, 'Outline', '#96824C'),
(816, 1, 'Fill', '#BCA979'),
(816, 2, 'Shadow Fill', '#AC9967'),
(817, 0, 'Outline', '#101010'),
(817, 1, 'Fill', '#323232'),
(817, 2, 'Shine Fill', '#505050'),
(818, 0, 'Gradient Top', '#193B86'),
(818, 1, 'Gradient Middle', '#6198F6'),
(818, 2, 'Gradient Bottom', '#A9E6FB'),
(819, 0, 'Bag Outside', '#505050'),
(819, 1, 'Bag Shadow Outside', '#CDC597'),
(819, 2, 'Bag Inside Fill 1', '#847B57'),
(819, 3, 'Bag Inside Fill 2', '#9D9963'),
(819, 4, 'Bag Tie', '#963230'),
(819, 5, 'Dollar Sign Mark', '#4F4931'),
(821, 0, 'Collar Outline', '#B2B9BE'),
(821, 1, 'Collar Fill', '#FFFFFF'),
(821, 2, 'Lapel Outline', '#2B3952'),
(821, 3, 'Lapel Fill', '#3E4F70'),
(821, 4, 'Tie Outline', '#602020'),
(821, 5, 'Tie Fill', '#963232'),
(821, 6, 'Dollar Sign Mark', '#F2E385'),
(822, 0, 'Outline', '#33A797'),
(822, 1, 'Fill', '#8AD9C7'),
(822, 2, 'Shadow Fill', '#65C4B1'),
(822, 3, 'Stubble Outline', '#538686'),
(822, 4, 'Stubble Fill', '#83B4AB'),
(823, 0, 'Outline', '#F6B279'),
(823, 1, 'Fill', '#FFE9A3'),
(824, 0, 'Gradient Top', '#87447A'),
(824, 1, 'Gradient Bottom', '#D672A9'),
(825, 0, 'Feather Fill', '#FFB286'),
(825, 1, 'Feather Line', '#E07E62'),
(825, 2, 'Breeze Fill', '#539395'),
(827, 0, 'Outline', '#42AC9C'),
(827, 1, 'Fill', '#A3DAB9'),
(827, 2, 'Shadow Outline', '#41AA9E'),
(827, 3, 'Shadow Fill', '#7AC5AD'),
(828, 0, 'Outline', '#E3B2D6'),
(828, 1, 'Fill', '#F9EFEF'),
(829, 0, 'Gradient Top', '#0F4D60'),
(829, 1, 'Gradient Middle', '#3A84A2'),
(829, 2, 'Gradient Bottom', '#60AFA2'),
(830, 0, 'Outline', '#C6E8E5'),
(830, 1, 'Fill', '#F8FFFF'),
(832, 0, 'Outline', '#4978A4'),
(832, 1, 'Fill', '#81ABD6'),
(832, 2, 'Collar/Hem Fill', '#6597CC'),
(832, 3, 'Shadow Outline', '#416A93'),
(832, 4, 'Shadow Fill', '#729ABE'),
(832, 5, 'Shadow Hem Fill', '#5A88B6'),
(832, 6, 'Shirt Outline', '#FFF2A4'),
(832, 7, 'Shirt Fill', '#FFFFF0'),
(833, 0, 'Outline', '#EBAC6B'),
(833, 1, 'Fill', '#FFEAAA'),
(833, 2, 'Shadow Fill', '#F7CF8F'),
(834, 0, 'Outline', '#A82C50'),
(834, 1, 'Fill', '#D04C75'),
(835, 0, 'Gradient Top', '#570D35'),
(835, 1, 'Gradient Bottom', '#BC1C74'),
(835, 2, 'Highlight Top', '#DC51A2'),
(835, 3, 'Highlight Bottom', '#FBB7DC'),
(836, 0, 'Flower 1 Petals', '#EFC056'),
(836, 1, 'Flower 1 Center', '#D58787'),
(836, 2, 'Flower 2 Petals', '#F5B5CE'),
(836, 3, 'Flower 2 Center', '#BDDFBA'),
(836, 4, 'Flower 3 Petals', '#BDDFBA'),
(836, 5, 'Flower 3 Center', '#91C1C3'),
(838, 0, 'Frame Outline', '#22828F'),
(838, 1, 'Frame Fill', '#2BA9A5'),
(838, 2, 'Side Piece Fill', '#92E7F1'),
(839, 0, 'Necklace Outline', '#E8AD2C'),
(839, 1, 'Necklace Fill', '#FFCB32'),
(839, 2, 'Necklace Highlight', '#FFE688'),
(840, 0, 'Frame Fill 1', '#FFCB00'),
(840, 1, 'Frame Fill 2', '#D4AB00'),
(840, 2, 'Jewel Fill 1', '#F4ABC9'),
(840, 3, 'Jewel Fill 2', '#ED5F98'),
(840, 4, 'Jewel Fill 3', '#EA4489'),
(841, 0, 'Outline', '#773C14'),
(841, 1, 'Fill', '#B06F3F'),
(841, 2, 'Patch Outline', '#C8B198'),
(841, 3, 'Patch Fill', '#F9EACC'),
(842, 0, 'Outline', '#CCBD5F'),
(842, 1, 'Fill', '#F0E983'),
(842, 2, 'Hat Outline', '#557E23'),
(842, 3, 'Hat Fill', '#74AA45'),
(843, 0, 'Gradient Top', '#304540'),
(843, 1, 'Gradient Bottom', '#70768E'),
(844, 0, 'Outline', '#FFE9CB'),
(844, 1, 'Inner Fill', '#EC6161'),
(846, 0, 'Outline', '#C2E9ED'),
(846, 1, 'Fill', '#FFFFEB'),
(846, 2, 'Shadow Outline', '#B0D1D2'),
(846, 3, 'Sadow Fill', '#E3E1D2'),
(847, 0, 'Outline', '#ED824E'),
(847, 1, 'Fill', '#FAC881'),
(847, 2, 'Shadow Fill', '#F8AD72'),
(848, 0, 'Outline', '#AD782C'),
(848, 1, 'Fill', '#E0B44E'),
(848, 2, 'Shadow Outline', '#9C6B2B'),
(848, 3, 'Shadow Fill', '#C7A246'),
(849, 0, 'Outline', '#441F25'),
(849, 1, 'Fill 1', '#562A36'),
(849, 2, 'Fill 2', '#653645'),
(849, 3, '"Chest" Hair', '#5D442C'),
(850, 0, 'Gradient Top', '#592E59'),
(850, 1, 'Gradient Bottom', '#A74BA3'),
(851, 0, 'Bowl Outside', '#684C40'),
(851, 1, 'Bowl Inside', '#362C29'),
(851, 2, 'Spice Powder', '#FADC5F'),
(851, 3, 'Spice Sticks', '#B7731E'),
(852, 0, 'Aura', '#94468A'),
(853, 0, 'Outline', '#9D5A2C'),
(853, 1, 'Fill', '#C4763C'),
(853, 2, 'Stripe', '#B8D873'),
(853, 3, 'Shadow Outline', '#8D4F29'),
(853, 4, 'Shadow Fill', '#B16837'),
(853, 5, 'Shadow Stripe', '#B0BD6A'),
(853, 6, 'Necklace', '#74874E'),
(854, 0, 'Outline', '#DE6932'),
(854, 1, 'Fill', '#F2A259'),
(854, 2, 'Shadow Fill', '#EB964D'),
(854, 3, 'Leg Band Stroke', '#DB4433'),
(854, 4, 'Leg Band Shadow Stroke', '#D54628'),
(855, 0, 'Outline', '#271229'),
(855, 1, 'Fill 1', '#381D33'),
(855, 2, 'Fill 2', '#5A2E4D'),
(856, 0, 'Gradient Top', '#47224B'),
(856, 1, 'Gradient Bottom', '#8D4D8C'),
(856, 2, 'Highlight Top', '#B85CB9'),
(856, 3, 'Highlight Bottom', '#E4A1D7'),
(857, 0, 'Main Fill', '#9373EA'),
(857, 1, 'Inner Fill', '#B192F6'),
(857, 2, 'Carpel', '#DD0878'),
(857, 3, 'Stamen', '#F54409'),
(858, 0, 'Aura', '#824581'),
(859, 0, 'Stroke', '#FFC84D'),
(859, 1, 'Fill', '#FAF295'),
(859, 2, 'Gem Stroke', '#53BAA4'),
(859, 3, 'Gem Fill 1', '#AAEFCE'),
(859, 4, 'Gem Fill 2', '#6DCEB1'),
(860, 0, 'Stroke', '#F2D354'),
(860, 1, 'Fill', '#FFF5C7'),
(860, 2, 'Inner Stroke', '#B484B4'),
(860, 3, 'Circle Fill', '#FB543F'),
(860, 4, 'Shadow Stroke', '#ECC34B'),
(860, 5, 'Shadow Fill', '#F2DDAA'),
(860, 6, 'Shadow Inner Stroke', '#B68193'),
(860, 7, 'Shadow Circle Fill', '#EA5534'),
(861, 0, 'Stroke', '#DB4433'),
(861, 1, 'Fill', '#FF6532'),
(861, 2, 'Inner Fill 1', '#FFE5C9'),
(861, 3, 'Inner Fill 2', '#FFA24A'),
(861, 4, 'Inner Fill 3', '#FF875B'),
(861, 5, 'Bell Stroke', '#E29E2F'),
(861, 6, 'Bell Fill 1', '#FFEFA1'),
(861, 7, 'Bell Fill 2', '#F9D25C'),
(862, 0, 'Stroke', '#DB4433'),
(862, 1, 'Fill', '#FF6532'),
(862, 2, 'Bell Stroke', '#53BAA4'),
(862, 3, 'Bell Fill 1', '#AAEFCE'),
(862, 4, 'Bell Fill 2', '#6DCEB1'),
(863, 0, 'Outline', '#B99643'),
(863, 1, 'Fill', '#D9BF61'),
(863, 2, 'Shadow Outline', '#AF8E3F'),
(863, 3, 'Shadow Fill', '#CCB55A'),
(864, 0, 'Outline/Fill 1', '#262626'),
(864, 1, 'Fill 2', '#979797'),
(864, 2, 'Fill 3', '#737373'),
(864, 3, 'Fill 4', '#515151'),
(864, 4, 'Fill 5', '#4D4D4D'),
(864, 5, 'Fill 6', '#000000'),
(865, 0, 'Gradient Top', '#580D36'),
(865, 1, 'Gradient Bottom', '#BC1D75'),
(865, 2, 'Highlight Top', '#D9539D'),
(865, 3, 'Highlight Bottom', '#FFB6DF'),
(866, 0, 'Circle Fill 1', '#6B7346'),
(866, 1, 'Circle Fill 2', '#97A666'),
(866, 2, 'N-S Spike Fill 1', '#EFF992'),
(866, 3, 'N-S Spike Fill 2', '#C0A42D'),
(866, 4, 'E-W Spike Fill 1', '#E8D64C'),
(866, 5, 'E-W Spike Fill 2', '#AE901F'),
(866, 6, 'Points', '#F4F994'),
(868, 0, 'Main Outline', '#7B874C'),
(868, 1, 'Main Fill', '#98A665'),
(868, 2, 'Main Shadow Outline', '#75814A'),
(868, 3, 'Main Shadow Fill', '#8F9E5F'),
(868, 4, 'Cuff/Hem/Collar Outline', '#3E442C'),
(868, 5, 'Cuff/Hem/Collar Fill', '#6B7446'),
(868, 6, 'Cuff/Hem Shadow Outline', '#394029'),
(868, 7, 'Cuff/Hem Shadow Fill', '#656E43'),
(868, 8, 'Button/Pocket Fill', '#F2ECCE'),
(868, 9, 'Button Shadow Fill', '#D9D4B8'),
(869, 0, 'Helmet Outline', '#A69B79'),
(869, 1, 'Helmet Fill', '#F2ECCE'),
(869, 2, 'Band Outline', '#7B874D'),
(869, 3, 'Band Fill', '#97A665'),
(869, 4, 'Strap Outline', '#222222'),
(869, 5, 'Strap Fill', '#2F2F2F'),
(869, 6, 'Inside/Shadow Outline', '#685F4A'),
(869, 7, 'Inside Fill 1', '#9C9279'),
(869, 8, 'Inside Fill 2', '#91856A'),
(869, 9, 'Inside Fill 3', '#716752'),
(870, 0, 'Cloak Outline', '#1D131E'),
(870, 1, 'Cloak Fill', '#603052'),
(870, 2, 'Cloak Embrodiery', '#FAF2E4'),
(870, 3, 'Clasp Outline', '#1B1B1F'),
(870, 4, 'Clasp Fill', '#55555E'),
(871, 0, 'Outline', '#333333'),
(871, 1, 'Fill', '#9AA0A8'),
(871, 2, 'Bow Outline', '#B9B498'),
(871, 3, 'Bow Fill', '#F7F2E1'),
(872, 0, 'Outline', '#761700'),
(872, 1, 'Fill', '#FF3300'),
(872, 2, 'Stud', '#AFB5BF'),
(872, 3, 'Lens Fill 1 (35% Opacity)', '#91B4CA'),
(872, 4, 'Lens Fill 2 (35% op.on Fill 1)', '#FFFFFF'),
(873, 0, 'Outline', '#67594C'),
(873, 1, 'Fill', '#A3937C'),
(873, 2, 'Shadow Outline', '#675D54'),
(873, 3, 'Shadow Fill', '#8D8173'),
(873, 4, 'Muzzle Outline', '#252222'),
(873, 5, 'Muzzle Fill', '#6B6760'),
(873, 6, 'Stubble', '#4C4842'),
(874, 0, 'Outline', '#141616'),
(874, 1, 'Fill 1', '#313536'),
(874, 2, 'Fill 2', '#778788'),
(875, 0, 'Gradient Top', '#576E39'),
(875, 1, 'Gradient Middle', '#82B64D'),
(875, 2, 'Gradient Bottom', '#C4E2A2'),
(876, 0, 'Idol Outline', '#AE7800'),
(876, 1, 'Idol Fill', '#F1EC13'),
(876, 2, 'Idol Shine', '#FFFFFF'),
(876, 3, 'Empty Socket Fill', '#958F09'),
(876, 4, 'Jewel Outline', '#B0375F'),
(876, 5, 'Jewel Fill 1', '#901A35'),
(876, 6, 'Jewel Fill 2', '#5A1833'),
(878, 0, 'Shirt Outline', '#B3AC8D'),
(878, 1, 'Shirt Fill', '#EBE8CD'),
(878, 2, 'Kerchief Outlin', '#682F18'),
(878, 3, 'Kerchief Fill', '#A74B26'),
(878, 4, 'Kerchief Spots', '#FFFFFF'),
(878, 5, 'Shirt Shadow Outline', '#94917A'),
(878, 6, 'Shirt Shadow Fill', '#B5B4A4'),
(879, 0, 'Outline', '#F1C04F'),
(879, 1, 'Fill', '#FFFF99'),
(879, 2, 'Shadow Outline', '#FFE179'),
(880, 0, 'Outline', '#634129'),
(880, 1, 'Fill', '#9D663E'),
(880, 2, 'Fill 2', '#7F5230'),
(881, 0, 'Gradient Top', '#B10614'),
(881, 1, 'Gradient Bottom', '#FFC762'),
(881, 2, 'Highlight Top', '#FFE17F'),
(881, 3, 'Highlight Bottom', '#FFFFCA'),
(883, 0, 'Outline', '#4F7729'),
(883, 1, 'Brim Fill', '#8BC155'),
(883, 2, 'Crown Fill', '#699B39'),
(883, 3, 'Crown Trim', '#FFFF99'),
(883, 4, 'Strap Outline', '#8CC156'),
(883, 5, 'Strap Fill', '#C0FB84'),
(883, 6, 'Strap Shadow Fill', '#90D34F'),
(884, 0, 'Outline', '#8B190B'),
(884, 1, 'Fill', '#D54738'),
(884, 2, 'Fill 2', '#9E2C20'),
(884, 3, 'Shadow Fill', '#BD3929'),
(884, 4, 'Belt Outline', '#F88504'),
(884, 5, 'Outer Petal Fill/Belt Fill', '#FF9F28'),
(884, 6, 'Inner Petal Fill/Trim', '#FFFFD5'),
(885, 0, 'Outline', '#FF9F2B'),
(885, 1, 'Fill', '#FFFFD5'),
(885, 2, 'Shadow Outline', '#FFA936'),
(885, 3, 'Shadow Fill', '#FFEFAC'),
(886, 0, 'Boot Outline', '#8B190B'),
(886, 1, 'Boot Fill', '#D54738'),
(886, 2, 'Collar Outline', '#FF9F2B'),
(886, 3, 'Collar Fill', '#FFFFF4'),
(887, 0, 'Outline', '#A89E4F'),
(887, 1, 'Fill', '#EFEFA8'),
(887, 2, 'Shadow Outline', '#978D47'),
(887, 3, 'Shadow Fill', '#D7D696'),
(888, 0, 'Outline', '#822222'),
(888, 1, 'Fill 1', '#CC3332'),
(888, 2, 'Fill 2', '#FFFFFF'),
(889, 0, 'Gradient Top', '#368A1C'),
(889, 1, 'Gradient Bottom', '#B0EE87'),
(890, 0, 'Apple Skin', '#9C203F'),
(890, 1, 'Apple Flesh', '#FFFFCD'),
(890, 2, 'Apple Cut Outline', '#D2C983'),
(890, 3, 'Seeds', '#76663E'),
(890, 4, 'Apple Core Outline', '#DDEFAF'),
(890, 5, 'Stem', '#38241E'),
(890, 6, 'Leaf Fill 1', '#5D8D29'),
(890, 7, 'Leaf Fill 2', '#8DDD54'),
(891, 0, 'Aura', '#28C10E'),
(892, 0, 'Vest Outline', '#284EA2'),
(892, 1, 'Vest Fill 1', '#5077D2'),
(892, 2, 'Vest Fill 2', '#FFFFFF'),
(892, 3, 'Shirt Outline', '#B6C5EB'),
(892, 4, 'Shirt Fill', '#FFFFFF'),
(892, 5, 'Bowtie Outline', '#1E1E1E'),
(892, 6, 'Bowtie Fill', '#4D4D4D'),
(892, 7, 'Shirt Shadow Outline', '#ADBCDC'),
(892, 8, 'Shirt Shadow Fill', '#F1F1F1'),
(892, 9, 'Button Outline', '#D8BF63'),
(892, 10, 'Button Fill', '#EFE385'),
(893, 0, 'Outline', '#9D8732'),
(893, 1, 'Fill', '#EDE06F'),
(893, 2, 'Underside Fill', '#BA9D34'),
(893, 3, 'Band Outline', '#254DA3'),
(893, 4, 'Band Fill', '#5077D3'),
(894, 0, 'Female Emblem Bolt', '#FFFF98'),
(894, 1, 'Male Emblem Bolt Outline', '#EFE365'),
(894, 2, 'Male Emblem Bolt Fill', '#FFFFB8'),
(894, 3, 'Male Emblem Wing Outline', '#356BBC'),
(894, 4, 'Male Emblem Wing Fill', '#D5F1F1'),
(895, 0, 'Outline', '#B49BAC'),
(895, 1, 'Fill', '#D6CCD5'),
(895, 2, 'Shadow Outline', '#9F8C96'),
(895, 3, 'Shadow Fill', '#C0B6BF'),
(896, 0, 'Outline', '#DCB3BA'),
(896, 1, 'Fill', '#F7E5E5'),
(896, 2, 'Stripe 1', '#FAF3F2'),
(896, 3, 'Stripe 2', '#F6F6F2'),
(897, 0, 'Gradient Top', '#965069'),
(897, 1, 'Gradient Bottom', '#B8879A'),
(897, 2, 'Highlight Top', '#CE97A3'),
(897, 3, 'Highlight Bottom', '#E9BFC8'),
(897, 4, 'Eyebrow and Upper Eyelid', '#B7929F'),
(899, 0, 'Aura', '#CA9DCA'),
(900, 0, 'Smock Outline', '#CACDC8'),
(900, 1, 'Smock Fill', '#FFFFFF'),
(900, 2, 'Leggings Outline', '#393939'),
(900, 3, 'Leggings Fill', '#000000'),
(900, 4, 'Leggings Shadow Outline', '#343434'),
(901, 0, 'Outline', '#372832'),
(901, 1, 'Collar Fill', '#5F4659'),
(901, 2, 'Collar Side Fill', '#84587D'),
(901, 3, 'Cloak Fill', '#443040'),
(901, 4, 'Button Outline', '#CECBCB'),
(901, 5, 'Button Fill', '#FFFFFF'),
(902, 0, 'Outline', '#CD7C21'),
(902, 1, 'Fill', '#ECBE56'),
(902, 2, 'Shadow Outline', '#AF691B'),
(902, 3, 'Shadow Fill', '#C7A047'),
(903, 0, 'Outline', '#F8D860'),
(903, 1, 'Fill', '#FFFFA3'),
(904, 0, 'Gradient Top', '#407D8A'),
(904, 1, 'Gradient Bottom', '#6AC0AE'),
(905, 0, 'Fill 1', '#EA7821'),
(905, 1, 'Fill 2', '#D54B08'),
(907, 0, 'Outline', '#A8B5B5'),
(907, 1, 'Fill', '#FFFFFF'),
(907, 2, 'Button Fill', '#DCE6E6'),
(907, 3, 'Shadow Outline', '#98A2A2'),
(907, 4, 'Shadow Fill', '#E3E3E7'),
(908, 0, 'Outline', '#9097A5'),
(908, 1, 'Fill', '#C5CBD6'),
(908, 2, 'Shadow Fill', '#B1B7C3'),
(909, 0, 'Outline', '#252525'),
(909, 1, 'Fill', '#323232'),
(910, 0, 'Gradient Top', '#1A3D86'),
(910, 1, 'Gradient Middle', '#5785E6'),
(910, 2, 'Gradient Bottom', '#AAE5FF'),
(911, 0, 'Clover Outline', '#329768'),
(911, 1, 'Clover Fill', '#3DB679'),
(913, 0, 'Outline', '#4FA4D0'),
(913, 1, 'Fill', '#88DBEE'),
(913, 2, 'Shadow Outline', '#4A90B6'),
(913, 3, 'Shadow Fill', '#7ACADE'),
(914, 0, 'Outline', '#BD2755'),
(914, 1, 'Fill 1', '#D94E7A'),
(914, 2, 'Fill 2', '#E995AF'),
(915, 0, 'Gradient Top', '#BC167B'),
(915, 1, 'Gradient Bottom', '#F298E8'),
(915, 2, 'Highlight Top', '#E8A4D0'),
(915, 3, 'Highlight Bottom', '#FBD8F7'),
(916, 0, 'Cake Fill', '#CB955E'),
(916, 1, 'Cake Ridges', '#A56D36'),
(916, 2, 'Frosting Fill', '#F0A7DA'),
(916, 3, 'Frosting Dots', '#E367BD'),
(916, 4, 'Cherry Fill', '#D12D5E'),
(916, 5, 'Cherry Shine', '#FFFAFA'),
(918, 0, 'Outline', '#E172D2'),
(918, 1, 'Fill 1', '#F99EE9'),
(918, 2, 'Fill 2', '#D6CC4C'),
(918, 3, 'Earring Fill', '#F99EE9'),
(918, 4, 'Earring Shine', '#FFFFFF'),
(919, 0, 'Outline', '#D4AB05'),
(919, 1, 'Fill', '#DDC952'),
(919, 2, 'Shadow Fill', '#DABF3A'),
(919, 3, 'Freckles', '#F38B25'),
(920, 0, 'Outline', '#CC680A'),
(920, 1, 'Fill', '#F38B25'),
(921, 0, 'Gradient Top', '#378A1D'),
(921, 1, 'Gradient Middle', '#67B832'),
(921, 2, 'Gradient Bottom', '#AFEC88'),
(922, 0, 'Cake Fill', '#C58243'),
(922, 1, 'Cake Specks', '#9B5A23'),
(922, 2, 'Cake Shadow Fill', '#8B5E2F'),
(922, 3, 'Cake Shadow Specks', '#794B1E'),
(922, 4, 'Frosting Outline', '#D8C881'),
(922, 5, 'Frosting Fill', '#F7F7E1'),
(924, 0, 'Outline', '#E8D1A0'),
(924, 1, 'Fill 1', '#FFF2F2'),
(924, 2, 'Fill 2', '#F8EDD2'),
(925, 0, 'Outline', '#C72F00'),
(925, 1, 'Fill 1', '#FF6632'),
(925, 2, 'Fill 2', '#FFF1F1'),
(925, 3, 'Fill 3 (Hat top)', '#FF8B71'),
(926, 0, 'Outline', '#D9BF61'),
(926, 1, 'Fill', '#E8E59F'),
(926, 2, 'Shadow Fill', '#E7E096'),
(927, 0, 'Outline', '#C16912'),
(927, 1, 'Fill', '#EA9A36'),
(928, 0, 'Iris', '#528DC6'),
(930, 0, 'Aura', '#86BEDB'),
(931, 0, 'Outline', '#4CB8E7'),
(931, 1, 'Fill', '#8FD3EE'),
(932, 0, 'Outline', '#CEAE64'),
(932, 1, 'Fill', '#F5F1D4'),
(932, 2, 'Shadow Outline', '#B79C5B'),
(932, 3, 'Shadow Fill', '#E0DCBB'),
(933, 0, 'Outline', '#573F30'),
(933, 1, 'Fill', '#866445'),
(934, 0, 'Iris', '#574030'),
(937, 0, 'Outline', '#D0A035'),
(937, 1, 'Fill', '#FFDE9A'),
(937, 2, 'Shadow Fill', '#F3D184'),
(938, 0, 'Outline', '#C06899'),
(938, 1, 'Fill 1', '#D8799F'),
(938, 2, 'Fill 2', '#E5A8C1'),
(939, 0, 'Gradient Top', '#5B0D39'),
(939, 1, 'Gradient Bottom', '#BE1D79'),
(939, 2, 'Highlight Top', '#DB52A3'),
(939, 3, 'Highlight Bottom', '#FFB6DE'),
(940, 0, 'Fill', '#FFFFFF'),
(940, 1, 'Lines', '#999999'),
(942, 0, 'Outline', '#F066D7'),
(942, 1, 'Fill', '#FFA9F8'),
(942, 2, 'Shadow Fill', '#F892F0'),
(943, 0, 'Outline', '#95DD34'),
(943, 1, 'Fill', '#C7F184'),
(944, 0, 'Gradient Top', '#256147'),
(944, 1, 'Gradient Bottom', '#33B668'),
(944, 2, 'Highlight Top', '#6CE192'),
(944, 3, 'Highlight Bottom', '#C6EDBB'),
(945, 0, 'Flower Outline', '#C2BFBF'),
(945, 1, 'Flower Fill', '#FFFFFF'),
(945, 2, 'Flower Middle Fill', '#FFFF00'),
(947, 0, 'Outline', '#D75A8B'),
(947, 1, 'Fill', '#F296BB'),
(947, 2, 'Shadow Fill', '#E380AB'),
(948, 0, 'Outline', '#E0C65D'),
(948, 1, 'Fill 1', '#FBECB2'),
(948, 2, 'Fill 2', '#F7E18B'),
(949, 0, 'Gradient Top', '#FFB33F'),
(949, 1, 'Gradient Bottom', '#FFF3A7'),
(949, 2, 'Highlight Top', '#F8DD67'),
(949, 3, 'Highlight Bottom', '#FFFFFF'),
(950, 0, 'Petals'' Outline', '#C3DBE3'),
(950, 1, 'Petals'' Fill', '#FFFFFF'),
(950, 2, 'Filament', '#F9D540'),
(950, 3, 'Anther', '#F49937'),
(952, 0, 'Outline', '#9D53A3'),
(952, 1, 'Fill', '#F3A3F2'),
(953, 0, 'Outline 1', '#A556D9'),
(953, 1, 'Outline 2', '#663297'),
(953, 2, 'Fill 1', '#B572E0'),
(953, 3, 'Fill 2', '#8040BE'),
(954, 0, 'Gradient Top', '#3B1E57'),
(954, 1, 'Gradient Bottom', '#A656D9'),
(954, 2, 'Highlight Top', '#B77ADF'),
(954, 3, 'Highlight Bottom', '#E8D5F4'),
(955, 0, 'Outer Outline', '#6BB1B6'),
(955, 1, 'Rounded Top', '#E0F5F1'),
(955, 2, 'Rounded Top Outline', '#DEFFF6'),
(955, 3, 'Downward-Pointing Triangles', '#BEF1E3'),
(955, 4, 'Upward-Pointing Triangles', '#A6E6D9'),
(955, 5, 'Leftmost Cut/Middle Line', '#D3F2EC'),
(955, 6, 'Middle Cut', '#B3EFDD'),
(955, 7, 'Rightmost Cut', '#89DECC'),
(956, 0, 'Aura', '#B572E0'),
(957, 0, 'Outline', '#3465AB'),
(957, 1, 'Fill', '#BCDFF2'),
(957, 2, 'Shadow Fill', '#9ECEE2'),
(957, 3, 'Top Highlight (80% Opacity)', '#CFF1FB'),
(957, 4, 'Other Highlights', '#D4F4FB'),
(958, 0, 'Outline', '#917821'),
(958, 1, 'Fill', '#DFCB45'),
(958, 2, 'Shadow Fill', '#C4AF31'),
(958, 3, 'Top Highlight (80% Opacity)', '#F6E680'),
(958, 4, 'Other Highlights', '#F8ED95'),
(959, 0, 'Earring Center Outline', '#E8AD2C'),
(959, 1, 'Earring Center Fill', '#FFCB32'),
(959, 2, 'Earring Center Highlight', '#FFF3C3'),
(959, 3, 'Earring Petal Outline', '#E5D361'),
(959, 4, 'Earring Petal Fill', '#FFF5AB'),
(960, 0, 'Outline', '#A01D3E'),
(960, 1, 'Fill', '#EE72B1'),
(960, 2, 'Shadow Fill', '#D6568D'),
(961, 0, 'Outline', '#E2A81B'),
(961, 1, 'Fill', '#F7EC5B'),
(962, 0, 'Gradient Top', '#261F40'),
(962, 1, 'Gradient Bottom', '#9A89C0'),
(962, 2, 'Highlight Top', '#C6AFD9'),
(962, 3, 'Highlight Bottom', '#E0D6EA'),
(963, 0, 'Cherry Outline', '#B70000'),
(963, 1, 'Cherry Fill', '#E61D1B'),
(963, 2, 'Cherry Highlight', '#FFFFFF'),
(963, 3, 'Stem', '#5E2F22'),
(963, 4, 'Leaves', '#7AC653'),
(965, 0, 'Outline', '#C3B533'),
(965, 1, 'Fill', '#EBE983'),
(965, 2, 'Shadow Fill', '#DBD562'),
(966, 0, 'Outline', '#4F4F75'),
(966, 1, 'Fill', '#66669B'),
(967, 0, 'Gradient Top', '#43336F'),
(967, 1, 'Gradient Bottom', '#9ECBEA'),
(968, 0, 'Star', '#666B9A'),
(968, 1, 'Trail Fill 1', '#C1E0E0'),
(968, 2, 'Trail Fill 2', '#FFFFFF'),
(970, 0, 'Outline', '#A1614C'),
(970, 1, 'Fill', '#DDA351'),
(970, 2, 'Shadow Outline', '#88523B'),
(970, 3, 'Shadow Fill', '#BD8B44'),
(971, 0, 'Outline / Fill 5', '#252525'),
(971, 1, 'Fill 1', '#989898'),
(971, 2, 'Fill 2', '#727272'),
(971, 3, 'Fill 3', '#505050'),
(971, 4, 'Fill 4', '#4D4D4D'),
(971, 5, 'Fill 6', '#000000'),
(972, 0, 'Gradient Top', '#193A85'),
(972, 1, 'Gradient Middle', '#6193F7'),
(972, 2, 'Gradient Bottom', '#ABE5FF'),
(973, 0, 'Outline', '#C8DAAD'),
(973, 1, 'Fill', '#FFFFFF'),
(975, 0, 'Back Stroke', '#233C41'),
(975, 1, 'Back Fill', '#426259'),
(975, 2, 'Back Spots', '#16A8A4'),
(975, 3, 'Belly Stroke', '#585133'),
(975, 4, 'Belly Fill', '#ABBF7A'),
(975, 5, 'Foot Claw Ring', '#6ACFC7'),
(975, 6, 'Foot Claw Ring Shadow', '#48A295'),
(976, 0, 'Crest Outline', '#192D1B'),
(976, 1, 'Crest Fill', '#365135'),
(976, 2, 'Horn/Tail Outline', '#41442A'),
(976, 3, 'Horn/Tail Fill', '#747D54'),
(976, 4, 'Spike Outline', '#DB8413'),
(976, 5, 'Spike Fill 1', '#F5B845'),
(976, 6, 'Spike Fill 2', '#F7EB80'),
(977, 0, 'Outline', '#2C5B5B'),
(977, 1, 'Outside Iris', '#2F9BA2'),
(977, 2, 'Inside Iris Outer Gradient', '#31D5D5'),
(977, 3, 'Inside Iris Inner Gradient', '#5DF3DC'),
(977, 4, 'Pupil', '#122F31'),
(978, 0, 'Front Cheek Outline', '#623737'),
(978, 1, 'Front Cheek Fill', '#955650'),
(978, 2, 'Back Cheek Outline', '#0A0000'),
(978, 3, 'Back Cheek Fill', '#5E3B48'),
(978, 4, 'Tongue Outline', '#D84A4A'),
(978, 5, 'Tongue Fill', '#FF7465'),
(978, 6, 'Teeth Outline', '#F0B84C'),
(978, 7, 'Teeth Fill', '#FFFFD0'),
(978, 8, 'Throat Fill', '#4B2631'),
(979, 0, 'Outline', '#D28012'),
(979, 1, 'Fill 1', '#F6B744'),
(979, 2, 'Fill 2', '#FFEB81'),
(979, 3, 'Jewel', '#19A8A4'),
(980, 0, 'Outline', '#897F9F'),
(980, 1, 'Fill', '#B9B4CE'),
(980, 2, 'Shadow Fill', '#A5A0BA'),
(981, 0, 'Outline', '#FF9241'),
(981, 1, 'Fill', '#FFCA44'),
(982, 0, 'Gradient Top', '#FF8C40'),
(982, 1, 'Gradient Bottom', '#EE692A'),
(982, 2, 'Highlight Top', '#F0652C'),
(982, 3, 'Highlight Bottom', '#FF8B44'),
(983, 0, 'Lines', '#FFFFFF'),
(985, 0, 'Outline', '#FFCB30'),
(985, 1, 'Fill', '#FFF9E7'),
(985, 2, 'Stripe 1', '#6A5EAC'),
(985, 3, 'Stripe 2', '#FFDC72'),
(986, 0, 'Outline', '#F7A11E'),
(986, 1, 'Outer Pleat Fill', '#FFDC72'),
(986, 2, 'Inner Pleat Fill', '#FFCB30'),
(986, 3, 'Stripe', '#6A5EAC'),
(987, 0, 'Outline', '#4C4484'),
(987, 1, 'Fill', '#6A5EAC'),
(987, 2, 'Shadow Fill', '#574C97'),
(987, 3, 'Stripe', '#FFDC72'),
(988, 0, 'Band Outline', '#4C4484'),
(988, 1, 'Band Fill', '#6A5EAC'),
(988, 2, 'Pom Outline', '#F7A11E'),
(988, 3, 'Pom Fill', '#FFDC72'),
(988, 4, 'Shadow Band Outline', '#43376B'),
(988, 5, 'Shadow Band Fill', '#5C5293'),
(988, 6, 'Shadow Pom Outline', '#BA902D'),
(988, 7, 'Shadow Pom Fill', '#DBBB5E'),
(990, 0, 'Stroke', '#8B1999'),
(990, 1, 'Fill 1', '#FFE531'),
(990, 2, 'Fill 2', '#FF702F'),
(990, 3, 'Fill 3', '#FF323B'),
(990, 4, 'Fill 4', '#A42DE1'),
(990, 5, 'Fill 5', '#2B96E2'),
(990, 6, 'Fill 6', '#2CCB27'),
(991, 0, 'Brim Outline', '#2C2C2C'),
(991, 1, 'Brim Fill', '#474747'),
(991, 2, 'Band Outline', '#F8BE50'),
(991, 3, 'Band Fill', '#F6E978'),
(991, 4, 'Hat Outline', '#394129'),
(991, 5, 'Hat Fill', '#54633F'),
(991, 6, 'Earhole Outline', '#000000'),
(992, 0, 'Outline', '#8C0F20'),
(992, 1, 'Fill', '#D91D2F'),
(992, 2, 'Stripe', '#F5EA79'),
(993, 0, 'Outline', '#293322'),
(993, 1, 'Fill', '#566240'),
(993, 2, 'Merit Badge Outline', '#D6D367'),
(993, 3, 'Forest Badge Background', '#84BF39'),
(993, 4, 'Forest Badge Foreground', '#264A47'),
(993, 5, 'Fire-making Badge Background', '#E00E2A'),
(993, 6, 'Fire-making Badge Flames 1', '#F6ED7D'),
(993, 7, 'Fire-making Badge Flames 2', '#F9BA4C'),
(993, 8, 'Fire-making Badge Logs', '#70372D'),
(994, 0, 'Outline', '#F7F081'),
(994, 1, 'Background', '#696014'),
(994, 2, 'Pony Outline', '#816E16'),
(994, 3, 'Pony Fill', '#B7A023'),
(994, 4, 'Pony Fill Highlights/Mane', '#C3B340'),
(994, 5, 'Sash Fill', '#7C6E16'),
(994, 6, 'Sash Badge', '#C2B148'),
(995, 0, 'Outline', '#151515'),
(995, 1, 'Fill', '#2A2A2A'),
(995, 2, 'Shadow Fill', '#212121'),
(995, 3, 'Shine', '#565656'),
(995, 4, 'Segment Lines', '#424242'),
(995, 5, 'Inside Ear Fill', '#3F3F3F'),
(996, 0, 'Outline', '#161616'),
(996, 1, 'Fill', '#3F3F3F'),
(996, 2, 'Stripes', '#696969'),
(997, 0, 'Teeth Outline', '#AEC0C3'),
(997, 1, 'Teeth Fill', '#FFFFFF'),
(997, 2, 'Gums', '#BF002F'),
(997, 3, 'Tongue', '#F63E3E'),
(997, 4, 'Fill 1', '#86002A'),
(998, 0, 'Outer color', '#00CBCB'),
(998, 1, 'Inner color', '#ACFFF0'),
(999, 0, 'Stroke', '#239891'),
(999, 1, 'Fill (50% opacity)', '#24C6B5'),
(1000, 0, 'Darker fill gradiant', '#0F404B'),
(1000, 1, 'Lighter fill gradiant', '#196A75'),
(1000, 2, 'Shine', '#7FC5D4'),
(1001, 0, 'Fill 1', '#8DFFFF'),
(1001, 1, 'Fill 2', '#FFFFFF'),
(1002, 0, 'Outline', '#3C8193'),
(1002, 1, 'Fill', '#80C6D3'),
(1002, 2, 'Shadow Outline', '#43889A'),
(1002, 3, 'Shadow Fill', '#6BB0C1'),
(1003, 0, 'Outline Gradient Top', '#2B3F4C'),
(1003, 1, 'Outline Gradient Bottom', '#0C1318'),
(1003, 2, 'Fill 1 Gradient Top', '#385366'),
(1003, 3, 'Fill 1 Gradient Bottom', '#242832'),
(1003, 4, 'Fill 2 Gradient Top', '#55809D'),
(1003, 5, 'Fill 2 Gradient Bottom', '#2C4453'),
(1003, 6, 'Headband Outline', '#48AAA4'),
(1003, 7, 'Headband Fill', '#90E3D9'),
(1004, 0, 'Gradient Top', '#007782'),
(1004, 1, 'Gradient Bottom', '#88EBDB'),
(1005, 0, 'Vase Base Fill', '#385369'),
(1005, 1, 'Vase Stripes', '#203341'),
(1005, 2, 'Mid-Section Fill / Handles', '#317190'),
(1005, 3, 'Horseshoes', '#7FE8E8'),
(1007, 0, 'Stroke Bottom Gradient', '#3C64A0'),
(1007, 1, 'Stroke Top Gradient', '#8EAFC8'),
(1007, 2, 'Main Fill Bottom Gradient', '#658EC9'),
(1007, 3, 'Main Fill Top Gradient', '#B9E8E1'),
(1007, 4, 'Secondary Fill Bottom Gradient', '#739CD0'),
(1007, 5, 'Secondary Fill Top Gradient', '#D2F4F4'),
(1007, 6, 'Decorative Stroke Btm Gradient', '#547BB3'),
(1007, 7, 'Decorative Stroke Top Gradient', '#96B8CF'),
(1007, 8, 'Decorative Fill Btm Gradient', '#E0EEEE'),
(1007, 9, 'Decorative Fill Top Gradient', '#E3F0F0'),
(1008, 0, 'Outline', '#66817E'),
(1008, 1, 'Fill', '#9EB8B2'),
(1008, 2, 'Stitches/Wear & Tear', '#89A39D'),
(1008, 3, 'Stripe ', '#B7E7E3'),
(1008, 4, 'Scarf Fill ', '#7E9C98'),
(1008, 5, 'Broach Outline', '#B6B6B6'),
(1008, 6, 'Broach Fill', '#EEEEEE'),
(1009, 0, 'Outline', '#5F8090'),
(1009, 1, 'Fill 1', '#6D9BAE'),
(1009, 2, 'Fill 2', '#7599AA'),
(1009, 3, 'Belt Outline', '#2F2C35'),
(1009, 4, 'Belt Fill', '#42384F'),
(1009, 5, 'Pouch/Armor Outline', '#9AA4A4'),
(1009, 6, 'Pouch/Armor Fill', '#E5EBEB'),
(1009, 7, 'Pouch Button/Armor Fill/Marks', '#C1C9C9'),
(1009, 8, 'Buckle Outline', '#A2A2AC'),
(1009, 9, 'Buckle Fill', '#EEEEEE'),
(1010, 0, 'Outline', '#4E5B64'),
(1010, 1, 'Fill', '#6B7782'),
(1010, 2, 'Strap Outline', '#2F2C35'),
(1010, 3, 'Strap Fill', '#42384F'),
(1010, 4, 'Shadow Outline', '#484E54'),
(1010, 5, 'Shadow Fill', '#5A656E'),
(1010, 6, 'Shadow Strap Outline', '#272836'),
(1010, 7, 'Shadow Strap Fill', '#393343'),
(1011, 0, 'Undershirt Outline', '#5A919B'),
(1011, 1, 'Undershirt Fill', '#79B8C0'),
(1011, 2, 'Vest Outline', '#ECCD8C'),
(1011, 3, 'Vest Fill', '#FFF3CE'),
(1011, 4, 'Shadow Vest Fill', '#ECDCB8'),
(1011, 5, 'Lacing Outline', '#A64D37'),
(1011, 6, 'Lacing/Button Fill', '#C76545'),
(1012, 0, 'Outline', '#517785'),
(1012, 1, 'Fill 1', '#79B8C0'),
(1012, 2, 'Fill 2', '#FFF3CE'),
(1012, 3, 'Belt Outline', '#A64D37'),
(1012, 4, 'Belt Fill', '#C76545'),
(1012, 5, 'Buckle/Pouch Outline', '#E29D38'),
(1012, 6, 'Buckle/Pouch Fill', '#F8BF46'),
(1012, 7, 'Feather 1 Outline', '#E09C39'),
(1012, 8, 'Feather 1 Fill', '#FFCF7A'),
(1012, 9, 'Feather 2 Outline', '#E49F2D'),
(1012, 10, 'Feature 2 Fill', '#F9BF45'),
(1013, 0, 'Outline', '#517785'),
(1013, 1, 'Fill 1', '#5593AA'),
(1013, 2, 'Fill 2', '#F9E8A8'),
(1013, 3, 'Shadow Fill', '#4A8291'),
(1013, 4, 'Boot Outline', '#A64D37'),
(1013, 5, 'Boot Fill', '#C76545'),
(1014, 0, 'Outline', '#E19B32'),
(1014, 1, 'Main Fill', '#F9BF46'),
(1014, 2, 'Cuff Fill', '#F3AE3A'),
(1014, 3, 'Shadow Fill', '#EB9D2A'),
(1014, 4, 'Boot Outline', '#A54C2D'),
(1014, 5, 'Boot Fill', '#B45431'),
(1015, 0, 'Outline', '#A2AE9C'),
(1015, 1, 'Fill', '#E3EDDF'),
(1016, 0, 'Cloak Outline', '#2B6166'),
(1016, 1, 'Cloak Fill', '#3E858C'),
(1016, 2, 'Shirt Outline', '#8FB5C0'),
(1016, 3, 'Shirt Fill', '#96D6D5'),
(1016, 4, 'Belt Outline', '#2C2230'),
(1016, 5, 'Belt Fill', '#3A3441'),
(1016, 6, 'Belt Buckle Outline', '#878787'),
(1016, 7, 'Belt Buckle Fill', '#B1B1B1'),
(1016, 8, 'Hat Outline', '#397179'),
(1016, 9, 'Hat Fill', '#37ACA1'),
(1016, 10, 'Hat Shadow Fill', '#2B8B7F'),
(1017, 0, 'Outline', '#8D9083'),
(1017, 1, 'Fill 1', '#D3DAB6'),
(1017, 2, 'Fill 2', '#E1E8CD'),
(1018, 0, 'Outline', '#26242E'),
(1018, 1, 'Fill', '#3A3541'),
(1018, 2, 'Cuff Fill', '#5A5263'),
(1018, 3, 'Sole Fill', '#231F29'),
(1019, 0, 'Staff Outline', '#634530'),
(1019, 1, 'Staff Fill', '#946646'),
(1019, 2, 'Gem Outline', '#05DC9E'),
(1019, 3, 'Gem Fill', '#84EEB0'),
(1019, 4, 'Gem Highlight 1', '#DCFFE1'),
(1019, 5, 'Gem Highlight 2', '#B9FFCA'),
(1019, 6, 'Magic Effect', '#A2FFCF'),
(1020, 0, 'Outline', '#74172F'),
(1020, 1, 'Fill', '#AC3644'),
(1020, 2, 'Stubble', '#491622'),
(1021, 0, 'Outline', '#22262B'),
(1021, 1, 'Base Fill', '#384045'),
(1021, 2, 'Base Marks', '#646C73'),
(1021, 3, 'Plating Fill', '#637078'),
(1021, 4, 'Plating Shine', '#959EA7'),
(1021, 5, 'Horn/Spike Outline', '#7C8A92'),
(1021, 6, 'Horn/Spike Fill', '#CBD0D3'),
(1021, 7, 'Horn/Spike Shine', '#E9EBED'),
(1021, 8, 'Horn/Spike Shadow Fill', '#909AA3'),
(1021, 9, 'Horn/Spike Shadow Shine', '#B2B9BE'),
(1022, 0, 'Chain Shirt Outline', '#41484E'),
(1022, 1, 'Chain Shirt Fill', '#636F78'),
(1022, 2, 'Armor Outline', '#000000'),
(1022, 3, 'Armor Fill', '#232323'),
(1022, 4, 'Armor Marks', '#384046'),
(1022, 5, 'Chestpiece Outline', '#21262B'),
(1022, 6, 'Chestpiece Fill', '#384045'),
(1022, 7, 'Chestpiece Shine', '#65727B'),
(1022, 8, 'Chestpiece Marks', '#546066'),
(1022, 9, 'Shoulderpiece Outline', '#21262A'),
(1022, 10, 'Shoulderpiece Fill', '#384045'),
(1022, 11, 'Shoulderpiece Shine', '#4D555C'),
(1022, 12, 'Shoulderpiece Mark', '#575F65'),
(1022, 13, 'Shoulderpiece Shadow Outline', '#1C2323'),
(1022, 14, 'Shoulderpiece Shadow Fill', '#32393E'),
(1022, 15, 'Shoulderpiece Shadow Shine', '#454B52'),
(1022, 16, 'Spike Outline', '#7C8A92'),
(1022, 17, 'Spike Fill', '#CBD0D3'),
(1022, 18, 'Spike Shine', '#E9EBED'),
(1023, 0, 'Outline', '#382E2A'),
(1023, 1, 'Fill', '#533B2C'),
(1023, 2, 'Support Outline', '#554D49'),
(1023, 3, 'Support Fill', '#736A66'),
(1023, 4, 'Wrap Outline/Strap', '#261D1B'),
(1023, 5, 'Wrap Fill', '#302621'),
(1024, 0, 'Blade Outline', '#382F2C'),
(1024, 1, 'Blade Fill', '#726A65'),
(1024, 2, 'Blade Flat Fill', '#534D4C'),
(1024, 3, 'Blade Shine', '#817674'),
(1024, 4, 'Blade Flat Shine', '#655D5A'),
(1024, 5, 'Hilt Outline', '#866A27'),
(1024, 6, 'Hilt Fill', '#CFAD62'),
(1024, 7, 'Hilt Fill 2', '#AF8C34'),
(1024, 8, 'Handle Wrap Outline', '#3B2E28'),
(1024, 9, 'Handle Wrap Fill', '#51433D'),
(1025, 0, 'Aura', '#EFBF71'),
(1026, 0, 'Flowing Hair Outline', '#E2CC65'),
(1026, 1, 'Flowing Hair Fill', '#FFFFDD'),
(1026, 2, 'Braid Outline', '#E4D181'),
(1026, 3, 'Braid Fill 1', '#FFF3C6'),
(1026, 4, 'Braid Fill 2', '#FFEEAD'),
(1027, 0, 'Tunic Outline', '#5B7950'),
(1027, 1, 'Tunic Fill', '#82A758'),
(1027, 2, 'Tunic Marks', '#A7C577'),
(1027, 3, 'Cloak Outline', '#AB7A32'),
(1027, 4, 'Cloak Fill', '#DDA538'),
(1027, 5, 'Cloak Shadow Fill', '#BA8733'),
(1027, 6, 'Broach Outline', '#F4D75D'),
(1027, 7, 'Broach Fill 1', '#FFF6B5'),
(1027, 8, 'Broach Fill 2', '#FFF29C'),
(1027, 9, 'Strap Outline', '#291F14'),
(1027, 10, 'Strap Fill', '#493B29'),
(1027, 11, 'Gem Outline', '#DDA538'),
(1027, 12, 'Gem Fill 1', '#FFEC50'),
(1027, 13, 'Gem Fill 2', '#FFF7A2'),
(1027, 14, 'Gem Fill 3', '#F7D75B'),
(1027, 15, 'Gem Fill 4', '#EFC55C'),
(1027, 16, 'Gem Fill 5', '#E7B64F'),
(1027, 17, 'Buckle Outline', '#DDA538'),
(1027, 18, 'Buckle Fill', '#F4D75D'),
(1028, 0, 'Sleeve Outline', '#56544C'),
(1028, 1, 'Sleeve Fill', '#79726B'),
(1028, 2, 'Buckler Outline', '#292115'),
(1028, 3, 'Buckler Fill', '#493B27'),
(1028, 4, 'Buckler Straps', '#DCA539'),
(1028, 5, 'Parsnip Hand Outline', '#D8B776'),
(1028, 6, 'Parsnip Hand Fill', '#F9ECB9'),
(1029, 0, 'Boots Outline', '#2D1F0D'),
(1029, 1, 'Boots Fill', '#493B27'),
(1029, 2, 'Cuff Outline', '#57534D'),
(1029, 3, 'Cuff Fill', '#75736B'),
(1030, 0, 'Bow', '#AD9572'),
(1030, 1, 'Handle', '#745A32'),
(1030, 2, 'Handle Wrap', '#728B7F'),
(1030, 3, 'Handle Wrap Edge', '#516960'),
(1030, 4, 'Drawstring', '#B7CAD0'),
(1030, 5, 'Arrowhead Edge', '#9BACB8'),
(1030, 6, 'Arrowhead Flat', '#506A78'),
(1030, 7, 'Arrowhead base', '#632919'),
(1030, 8, 'Arrow', '#59472A'),
(1030, 9, 'Arrow Tail Fill 1', '#E9E1D6'),
(1030, 10, 'Arrow Tail Fill 2', '#3983CD'),
(1031, 0, 'Outline', '#6F4F2D'),
(1031, 1, 'Fill', '#936737'),
(1031, 2, 'Stripe', '#DEB25C'),
(1031, 3, 'Shadow Fill', '#7E582E'),
(1031, 4, 'Arrow Outline', '#4A5640'),
(1031, 5, 'Arrow 1 Fill 1', '#6D7B5E'),
(1031, 6, 'Arrow 1 Fill 2', '#8C9A7E'),
(1031, 7, 'Arrow 2 Fill 1 ', '#56654D'),
(1031, 8, 'Arrow 2 Fill 2', '#6E8065'),
(1032, 0, 'Outline', '#553A96'),
(1032, 1, 'Fill', '#6962BA'),
(1032, 2, 'Stripe', '#CCF2F2'),
(1032, 3, 'Pinstripe', '#77CDD2'),
(1032, 4, 'Buttons', '#4E1F69'),
(1032, 5, 'Shadow Outline', '#481E88'),
(1032, 6, 'Shadow Fill', '#5C44AA'),
(1032, 7, 'Shadow Pinstripe', '#74ACCB'),
(1033, 0, 'Outline', '#536571'),
(1033, 1, 'Head and Torso Fill', '#6F858C'),
(1033, 2, 'Cheeks and Upper Body Fill', '#85A7A7'),
(1033, 3, 'Chin and Throat Fill', '#E9F0EF'),
(1033, 4, 'Feather Highlights', '#B7D9D8'),
(1033, 5, 'Shadow Outline', '#495963'),
(1033, 6, 'Shadow Fill', '#63787C'),
(1033, 7, 'Ponytail Clip', '#44C8C6'),
(1033, 8, 'Paw Pads', '#B2C1C8'),
(1034, 0, 'Outline', '#E98D00'),
(1034, 1, 'Fill', '#FFE122'),
(1034, 2, 'Shadow Outline', '#D47D00'),
(1034, 3, 'Shadow Fill', '#E4C91E'),
(1034, 4, 'Teeth Outline', '#9FB9C5'),
(1034, 5, 'Teeth Fill', '#FFFFFF'),
(1034, 6, 'Inside Mouth', '#87416A'),
(1034, 7, 'Tongue', '#CC416A'),
(1035, 0, 'Outline', '#313E44'),
(1035, 1, 'Fill', '#4C5760'),
(1035, 2, 'Shadow Outline', '#2D363C'),
(1035, 3, 'Shadow Fill', '#464E55'),
(1036, 0, 'Upper Gradient', '#005652'),
(1036, 1, 'Lower Gradient', '#00A29E'),
(1036, 2, 'Upper Highlight', '#3BBEB9'),
(1036, 3, 'Lower Highlight', '#8AD1D5'),
(1037, 0, 'Strap Outline', '#3A281F'),
(1037, 1, 'Strap Fill', '#5F3F34'),
(1037, 2, 'Bag Outline', '#7B5A3A'),
(1037, 3, 'Bag Fill', '#C5894E'),
(1037, 4, 'Bag Shadow Fill', '#A77646'),
(1038, 0, 'Outline', '#4CBACC'),
(1038, 1, 'Fill', '#A5E6E7'),
(1038, 2, 'Shadow Fill', '#89D9DF'),
(1039, 0, 'Outline', '#3A5B8D'),
(1039, 1, 'Fill 1', '#608DBE'),
(1039, 2, 'Fill 2', '#72B0D0'),
(1039, 3, 'Bow Outline', '#E75210'),
(1039, 4, 'Bow Fill', '#FF9940'),
(1040, 0, 'Gradient Top', '#281D7F'),
(1040, 1, 'Gradient Bottom', '#939DF0'),
(1040, 2, 'Highlight Top', '#8986EF'),
(1040, 3, 'Highlight Bottom', '#BABAFA'),
(1041, 0, 'Skull & Bone 1', '#FFFFE5'),
(1041, 1, 'Bone 2', '#F9F6C5'),
(1041, 2, 'Jaw Bone', '#F8ECBF'),
(1041, 3, 'Teeth', '#FFFFFF'),
(1041, 4, 'Openings', '#A28458'),
(1043, 0, 'Outline', '#3893AB'),
(1043, 1, 'Fill', '#6ECBCF'),
(1043, 2, 'Shadow Outline', '#328394'),
(1043, 3, 'Shadow Fill', '#63B7BA'),
(1044, 0, 'Outline', '#2C425B'),
(1044, 1, 'Fill 1', '#4D6496'),
(1044, 2, 'Fill 2', '#6A87BA'),
(1044, 3, 'Shadow Fill', '#405176'),
(1045, 0, 'Gradient Top', '#3B7F4D'),
(1045, 1, 'Gradient Bottom', '#7BC68A'),
(1045, 2, 'Highlight Top', '#77B98B'),
(1045, 3, 'Highlight Bottom', '#95D48F'),
(1046, 0, 'Shell Outside', '#B6375D'),
(1046, 1, 'Shell Inside', '#E05053'),
(1046, 2, 'Bed Fill', '#FFE084'),
(1046, 3, 'Bed Fold', '#DFA927'),
(1046, 4, 'Pearl ', '#FFFFC3'),
(1046, 5, 'Pearl Highlight/Sparkles', '#FFFFFF'),
(1048, 0, 'Shirt Outline', '#E95F32'),
(1048, 1, 'Shirt Fill', '#FF9C54'),
(1048, 2, 'Shirt Stripe', '#EB7A45'),
(1048, 3, 'Shirt Shadow Outline', '#AB5B30'),
(1048, 4, 'Shirt Shadow Fill', '#E38B4E'),
(1048, 5, 'Jewerly Outline', '#FFD86C'),
(1048, 6, 'Jewerly Fill', '#FAFBC6'),
(1048, 7, 'Jewerly Shine', '#FFFFFF'),
(1049, 0, 'Outline', '#DBB65F'),
(1049, 1, 'Fill', '#F8ECBA'),
(1049, 2, 'Shadow Outline', '#B79955'),
(1049, 3, 'Shadow Fill', '#D2C89F'),
(1050, 0, 'Outline', '#799AC7'),
(1050, 1, 'Fill 1', '#B7D5E8'),
(1050, 2, 'Fill 2', '#93C1DB'),
(1051, 0, 'Gradient Top', '#1B3A86'),
(1051, 1, 'Gradient Bottom', '#AAE4FB'),
(1051, 2, 'Highlight Top', '#406CC6'),
(1051, 3, 'Highlight Bottom', '#D9F2FF'),
(1052, 0, 'Grip Base', '#B7B4AA'),
(1052, 1, 'Grip', '#858D93'),
(1052, 2, 'Hilt', '#6E7779'),
(1052, 3, 'Hilt Shine', '#B9BBB8'),
(1052, 4, 'Blade', '#968D7B'),
(1054, 0, 'Shirt Outline', '#578897'),
(1054, 1, 'Shirt Fill', '#82B6BA'),
(1054, 2, 'Shirt Cuff/Undercollar', '#659BA5'),
(1054, 3, 'Shirt Shadow Outline', '#47747F'),
(1054, 4, 'Shirt Shadow Fill', '#6E9BA0'),
(1054, 5, 'Shirt Shadow Cuff', '#57818C'),
(1054, 6, 'Sweater Outline', '#003D58'),
(1054, 7, 'Sweater Fill', '#00547E'),
(1055, 0, 'Strap Outline', '#8D633C'),
(1055, 1, 'Strap Fill', '#BE763F'),
(1055, 2, 'Base', '#858D93'),
(1055, 3, 'Watch', '#AFBABD'),
(1055, 4, 'Dial', '#E0E9EE'),
(1055, 5, 'Face', '#FFFFFF'),
(1055, 6, 'Hands', '#606B7D'),
(1056, 0, 'Outline', '#498EB1'),
(1056, 1, 'Fill', '#B6D9E4'),
(1056, 2, 'Shadow Outline', '#5795B4'),
(1056, 3, 'Shadow Fill', '#94BED4'),
(1057, 0, 'Outline', '#000A88'),
(1057, 1, 'Fill', '#0F54A9'),
(1057, 2, 'Stripe', '#C62DAE'),
(1058, 0, 'Gradient Top', '#11718E'),
(1058, 1, 'Gradient Bottom', '#64DBD2'),
(1059, 0, 'Main Squiggle', '#00C0C4'),
(1059, 1, 'Small Squiggle', '#B50FB2'),
(1059, 2, 'Overlap', '#050A8D'),
(1059, 3, 'Notes', '#FFFFFF'),
(1060, 13, 'Aura', NULL),
(1061, 0, 'Shirt Outline', '#632D71'),
(1061, 1, 'Shirt Fill', '#9C4CB3'),
(1061, 2, 'Cuff/Inside Collar Fill', '#7F3D8E'),
(1061, 3, 'Shirt Buttons', '#7D7ACC'),
(1061, 4, 'Tie Outline', '#282828'),
(1061, 5, 'Tie Fill', '#323232'),
(1062, 0, 'Outline', '#CD810C'),
(1062, 1, 'Fill', '#FFCA65'),
(1062, 2, 'Shine', '#FFE7B1'),
(1062, 3, 'Shadow/Valves/Piping', '#F4AB47'),
(1062, 4, 'Inside/Valve Levers', '#D78917'),
(1062, 5, 'Strap Outline', '#9E5A41'),
(1062, 6, 'Strap Fill', '#C37D5D'),
(1063, 0, 'Envelope 1 Outline', '#B8C1A6'),
(1063, 1, 'Envelope 1 Fill', '#FFFFF0'),
(1063, 2, 'Envelope 1 Stamp', '#989898'),
(1063, 3, 'Envelope 2 Outline', '#EDDC9C'),
(1063, 4, 'Envelope 2 Fill', '#F8F1B6'),
(1063, 5, 'Envelope 3 Outline', '#B8C1A6'),
(1063, 6, 'Envelope 3 Fill', '#FFF7DD'),
(1063, 7, 'Envelope 3 Stamp', '#646464'),
(1064, 0, 'Outline', '#5259A5'),
(1064, 1, 'Fill', '#827DC7'),
(1064, 2, 'Shadow Outline', '#444B8C'),
(1064, 3, 'Shadow Fill', '#6E6BA9'),
(1065, 0, 'Outline', '#ACA9C8'),
(1065, 1, 'Fill', '#E6E3ED'),
(1065, 2, 'Shine', '#FFFFFF'),
(1065, 3, 'Shadow FIll', '#C0BED5'),
(1066, 0, 'Gradient Top', '#90AE67'),
(1066, 1, 'Gradient Bottom', '#D9EC99'),
(1067, 0, 'Coin top', '#FAE981'),
(1067, 1, 'Coin sides', '#F8BD30'),
(1067, 2, 'Sparkles', '#FFFFFF'),
(1069, 0, 'Shirt Outline/Buttons', '#FFD888'),
(1069, 1, 'Shirt Fill', '#FFFFE3'),
(1069, 2, 'Shirt Placket Fill', '#FFEFC2'),
(1069, 3, 'Shirt Shadow Outline', '#CEB97A'),
(1069, 4, 'Shirt Shadow Fill', '#D4D8BF'),
(1069, 5, 'Tie Outline', '#E95408'),
(1069, 6, 'Tie Fill', '#F68721'),
(1069, 7, 'Tie Coin Top', '#F9EB80'),
(1069, 8, 'Tie Coin Side', '#F7BE30'),
(1070, 0, 'Outline', '#043166'),
(1070, 1, 'Fill', '#2C4982'),
(1070, 2, 'Shadow Outline', '#002A55'),
(1070, 3, 'Shadow Fill', '#243F6F'),
(1070, 4, 'Cufflink Fill 1', '#4FE9B4'),
(1070, 5, 'Cufflink Fill 2', '#10D2B6'),
(1070, 6, 'Lapel Fill', '#2E2F59'),
(1070, 7, 'Lapel Lining', '#00A8CC'),
(1070, 8, 'Lapel Sparkle 1', '#0074C6'),
(1070, 9, 'Lapel Sparkle 2', '#00A8CC'),
(1070, 10, 'Lapel Sparkle 3', '#10D2B6'),
(1070, 11, 'Lapel Sparkle 4', '#4FE9B4'),
(1071, 0, 'Outline', '#F7B007'),
(1071, 1, 'Top Fill', '#FFDF65'),
(1071, 2, 'Band Fill', '#FFF8A8'),
(1071, 3, 'Fringe Fill', '#FFC53E'),
(1072, 0, 'Outline', '#007DA5'),
(1072, 1, 'Fill (85% opacity)', '#00A6C9'),
(1072, 2, 'Sparkle 1', '#0074C6'),
(1072, 3, 'Sparkle 2', '#09CFEF'),
(1072, 4, 'Sparkle 3', '#9BEEFF'),
(1072, 5, 'Sparkle 4', '#0FD3B5'),
(1072, 6, 'Sparkle 5', '#52EBB6'),
(1072, 7, 'Sparkle 6', '#EBFFFF'),
(1072, 8, 'Trans. Sparkle (80% opacity)', '#4DE9B1'),
(1073, 0, 'Aura', '#75C5A7');


--
-- Data for Name: tagged; Type: TABLE DATA; Schema: public; Owner: mlpvc-rr
--

INSERT INTO tagged VALUES
(1, 1),
(1, 6),
(1, 10),
(1, 12),
(1, 13),
(1, 14),
(1, 15),
(1, 16),
(1, 17),
(1, 22),
(1, 25),
(1, 28),
(1, 29),
(1, 32),
(1, 36),
(1, 37),
(1, 38),
(1, 44),
(1, 45),
(1, 62),
(1, 69),
(1, 72),
(1, 73),
(1, 89),
(1, 91),
(1, 92),
(1, 108),
(1, 128),
(1, 129),
(1, 130),
(1, 131),
(1, 132),
(1, 134),
(1, 148),
(1, 157),
(1, 158),
(1, 162),
(1, 163),
(1, 164),
(1, 169),
(1, 174),
(1, 177),
(1, 197),
(2, 2),
(2, 4),
(2, 18),
(2, 23),
(2, 27),
(2, 30),
(2, 31),
(2, 35),
(2, 39),
(2, 40),
(2, 46),
(2, 50),
(2, 51),
(2, 52),
(2, 53),
(2, 54),
(2, 58),
(2, 59),
(2, 60),
(2, 61),
(2, 66),
(2, 67),
(2, 74),
(2, 76),
(2, 77),
(2, 78),
(2, 79),
(2, 80),
(2, 87),
(2, 95),
(2, 96),
(2, 98),
(2, 99),
(2, 104),
(2, 106),
(2, 107),
(2, 110),
(2, 111),
(2, 121),
(2, 134),
(2, 135),
(2, 136),
(2, 141),
(2, 142),
(2, 143),
(2, 145),
(2, 146),
(2, 147),
(2, 149),
(2, 150),
(2, 155),
(2, 160),
(2, 161),
(2, 165),
(2, 166),
(2, 168),
(2, 172),
(2, 173),
(2, 176),
(2, 178),
(2, 185),
(2, 194),
(2, 195),
(2, 196),
(2, 198),
(3, 3),
(3, 5),
(3, 11),
(3, 19),
(3, 20),
(3, 21),
(3, 24),
(3, 26),
(3, 55),
(3, 56),
(3, 65),
(3, 68),
(3, 93),
(3, 97),
(3, 100),
(3, 101),
(3, 102),
(3, 103),
(3, 104),
(3, 127),
(3, 137),
(3, 138),
(3, 151),
(3, 152),
(3, 153),
(3, 159),
(3, 170),
(3, 171),
(3, 180),
(4, 1),
(4, 9),
(4, 34),
(4, 75),
(4, 88),
(6, 1),
(6, 2),
(6, 3),
(6, 4),
(6, 5),
(6, 6),
(6, 7),
(7, 9),
(7, 10),
(7, 11),
(7, 12),
(7, 13),
(7, 14),
(7, 15),
(7, 16),
(7, 17),
(7, 18),
(7, 19),
(7, 20),
(7, 21),
(7, 22),
(7, 23),
(7, 24),
(7, 25),
(7, 26),
(7, 27),
(7, 28),
(7, 29),
(7, 30),
(7, 34),
(7, 35),
(7, 36),
(7, 37),
(7, 38),
(7, 39),
(7, 40),
(7, 44),
(7, 46),
(7, 50),
(7, 51),
(7, 52),
(7, 53),
(7, 54),
(7, 55),
(7, 58),
(7, 59),
(7, 60),
(7, 62),
(7, 63),
(7, 65),
(7, 66),
(7, 67),
(7, 68),
(7, 69),
(7, 72),
(7, 73),
(7, 74),
(7, 76),
(7, 77),
(7, 78),
(7, 79),
(7, 80),
(7, 81),
(7, 87),
(7, 88),
(7, 89),
(7, 91),
(7, 92),
(7, 93),
(7, 95),
(7, 96),
(7, 97),
(7, 98),
(7, 99),
(7, 100),
(7, 101),
(7, 102),
(7, 103),
(7, 104),
(7, 106),
(7, 107),
(7, 108),
(7, 109),
(7, 110),
(7, 111),
(7, 118),
(7, 121),
(7, 125),
(7, 126),
(7, 127),
(7, 128),
(7, 129),
(7, 130),
(7, 131),
(7, 134),
(7, 135),
(7, 136),
(7, 137),
(7, 138),
(7, 139),
(7, 140),
(7, 141),
(7, 142),
(7, 143),
(7, 147),
(7, 148),
(7, 149),
(7, 150),
(7, 151),
(7, 152),
(7, 153),
(7, 155),
(7, 157),
(7, 158),
(7, 159),
(7, 160),
(7, 161),
(7, 164),
(7, 165),
(7, 166),
(7, 168),
(7, 169),
(7, 170),
(7, 171),
(7, 172),
(7, 173),
(7, 174),
(7, 176),
(7, 177),
(7, 178),
(7, 184),
(7, 185),
(7, 193),
(7, 194),
(7, 195),
(7, 196),
(7, 197),
(7, 198),
(9, 31),
(9, 32),
(9, 56),
(9, 57),
(9, 82),
(9, 83),
(9, 84),
(9, 85),
(9, 125),
(9, 132),
(9, 160),
(9, 162),
(10, 64),
(10, 112),
(10, 116),
(10, 117),
(10, 119),
(10, 120),
(11, 7),
(11, 14),
(11, 21),
(11, 27),
(11, 28),
(11, 35),
(11, 39),
(11, 44),
(11, 46),
(11, 53),
(11, 57),
(11, 61),
(11, 62),
(11, 64),
(11, 66),
(11, 80),
(11, 81),
(11, 82),
(11, 83),
(11, 84),
(11, 85),
(11, 91),
(11, 92),
(11, 95),
(11, 97),
(11, 98),
(11, 101),
(11, 102),
(11, 104),
(11, 106),
(11, 112),
(11, 117),
(11, 119),
(11, 121),
(11, 125),
(11, 126),
(11, 127),
(11, 129),
(11, 130),
(11, 131),
(11, 132),
(11, 139),
(11, 142),
(11, 143),
(11, 147),
(11, 148),
(11, 150),
(11, 151),
(11, 152),
(11, 155),
(11, 157),
(11, 160),
(11, 162),
(11, 164),
(11, 165),
(11, 168),
(11, 170),
(11, 177),
(11, 178),
(11, 179),
(11, 180),
(11, 184),
(11, 185),
(11, 196),
(11, 197),
(11, 198),
(12, 1),
(12, 2),
(12, 3),
(12, 4),
(12, 5),
(12, 6),
(12, 9),
(12, 10),
(12, 11),
(12, 12),
(12, 13),
(12, 15),
(12, 16),
(12, 17),
(12, 18),
(12, 19),
(12, 20),
(12, 22),
(12, 23),
(12, 24),
(12, 25),
(12, 26),
(12, 29),
(12, 30),
(12, 31),
(12, 32),
(12, 34),
(12, 36),
(12, 37),
(12, 38),
(12, 40),
(12, 45),
(12, 50),
(12, 51),
(12, 52),
(12, 54),
(12, 55),
(12, 56),
(12, 58),
(12, 59),
(12, 60),
(12, 63),
(12, 65),
(12, 67),
(12, 68),
(12, 69),
(12, 72),
(12, 73),
(12, 74),
(12, 75),
(12, 76),
(12, 77),
(12, 78),
(12, 79),
(12, 87),
(12, 88),
(12, 89),
(12, 93),
(12, 96),
(12, 99),
(12, 100),
(12, 103),
(12, 107),
(12, 108),
(12, 109),
(12, 110),
(12, 111),
(12, 116),
(12, 118),
(12, 120),
(12, 128),
(12, 134),
(12, 135),
(12, 136),
(12, 137),
(12, 138),
(12, 140),
(12, 141),
(12, 145),
(12, 146),
(12, 149),
(12, 153),
(12, 158),
(12, 159),
(12, 161),
(12, 163),
(12, 166),
(12, 169),
(12, 171),
(12, 172),
(12, 173),
(12, 174),
(12, 176),
(12, 193),
(12, 194),
(12, 195),
(14, 1),
(21, 10),
(21, 16),
(21, 17),
(21, 36),
(22, 2),
(23, 4),
(23, 188),
(24, 3),
(25, 5),
(25, 144),
(25, 156),
(25, 187),
(26, 6),
(27, 5),
(27, 19),
(27, 21),
(27, 55),
(27, 70),
(27, 71),
(27, 127),
(27, 133),
(27, 137),
(28, 18),
(28, 20),
(28, 53),
(28, 54),
(28, 149),
(28, 150),
(28, 152),
(28, 153),
(29, 7),
(29, 118),
(29, 125),
(29, 126),
(30, 7),
(30, 189),
(31, 10),
(32, 12),
(33, 14),
(34, 15),
(35, 16),
(36, 17),
(37, 18),
(38, 19),
(39, 20),
(40, 21),
(41, 22),
(42, 20),
(42, 21),
(43, 13),
(43, 14),
(43, 72),
(43, 73),
(44, 23),
(44, 24),
(44, 25),
(44, 37),
(44, 38),
(44, 39),
(44, 40),
(44, 66),
(44, 67),
(44, 74),
(44, 77),
(44, 78),
(44, 81),
(44, 88),
(44, 93),
(44, 98),
(44, 130),
(44, 131),
(44, 169),
(44, 170),
(44, 180),
(44, 194),
(45, 23),
(45, 24),
(45, 25),
(45, 78),
(45, 114),
(46, 23),
(47, 24),
(48, 25),
(49, 26),
(50, 11),
(51, 13),
(52, 27),
(53, 28),
(54, 29),
(57, 9),
(58, 31),
(59, 1),
(59, 9),
(59, 34),
(59, 44),
(59, 75),
(59, 88),
(59, 118),
(59, 126),
(61, 33),
(62, 33),
(63, 34),
(64, 33),
(64, 86),
(64, 94),
(64, 115),
(64, 154),
(65, 22),
(65, 26),
(65, 27),
(65, 28),
(66, 35),
(66, 190),
(72, 37),
(74, 39),
(75, 40),
(76, 63),
(77, 44),
(78, 45),
(79, 46),
(80, 50),
(81, 51),
(82, 52),
(83, 53),
(84, 54),
(85, 4),
(85, 50),
(85, 51),
(85, 52),
(85, 53),
(85, 54),
(86, 50),
(86, 51),
(86, 52),
(86, 53),
(86, 54),
(87, 55),
(87, 133),
(88, 56),
(89, 57),
(89, 191),
(90, 57),
(91, 58),
(92, 57),
(94, 59),
(94, 60),
(94, 61),
(95, 61),
(96, 60),
(96, 70),
(96, 71),
(96, 105),
(96, 114),
(96, 133),
(96, 144),
(96, 181),
(96, 183),
(96, 186),
(96, 187),
(96, 188),
(96, 189),
(96, 190),
(96, 191),
(96, 192),
(98, 62),
(99, 22),
(99, 26),
(99, 27),
(99, 28),
(99, 62),
(100, 63),
(101, 46),
(102, 29),
(103, 29),
(104, 9),
(104, 11),
(104, 30),
(104, 34),
(104, 75),
(104, 136),
(105, 30),
(105, 31),
(106, 30),
(107, 65),
(108, 56),
(108, 65),
(108, 71),
(109, 52),
(109, 57),
(109, 58),
(110, 66),
(111, 67),
(112, 68),
(113, 161),
(115, 69),
(116, 38),
(117, 11),
(120, 11),
(120, 12),
(120, 69),
(120, 80),
(120, 87),
(120, 172),
(120, 173),
(120, 174),
(120, 177),
(122, 72),
(123, 73),
(125, 174),
(127, 74),
(128, 75),
(129, 76),
(130, 77),
(131, 70),
(131, 71),
(131, 133),
(132, 78),
(133, 79),
(133, 181),
(134, 80),
(135, 80),
(136, 81),
(155, 64),
(156, 64),
(158, 59),
(158, 60),
(162, 36),
(170, 82),
(170, 83),
(170, 84),
(170, 85),
(171, 82),
(171, 83),
(171, 84),
(171, 85),
(173, 9),
(173, 34),
(173, 57),
(173, 75),
(173, 82),
(173, 83),
(173, 84),
(173, 85),
(173, 86),
(175, 86),
(176, 32),
(177, 87),
(179, 87),
(179, 172),
(179, 173),
(180, 52),
(180, 95),
(180, 96),
(181, 58),
(181, 98),
(181, 99),
(181, 108),
(181, 150),
(182, 7),
(182, 118),
(182, 125),
(182, 126),
(183, 11),
(183, 32),
(183, 34),
(183, 69),
(185, 29),
(185, 44),
(185, 62),
(185, 75),
(185, 88),
(186, 88),
(187, 89),
(188, 89),
(188, 91),
(189, 91),
(190, 92),
(191, 92),
(191, 174),
(192, 93),
(192, 105),
(192, 106),
(192, 107),
(192, 109),
(193, 93),
(198, 94),
(199, 95),
(201, 96),
(202, 97),
(203, 98),
(204, 99),
(206, 101),
(207, 102),
(208, 103),
(209, 68),
(209, 104),
(210, 104),
(212, 105),
(213, 105),
(213, 106),
(213, 107),
(215, 19),
(215, 70),
(215, 110),
(215, 127),
(215, 156),
(216, 9),
(216, 11),
(216, 17),
(216, 29),
(216, 37),
(216, 69),
(216, 110),
(217, 30),
(217, 141),
(217, 142),
(217, 143),
(218, 107),
(219, 106),
(220, 108),
(221, 109),
(222, 109),
(224, 111),
(225, 111),
(230, 112),
(231, 112),
(232, 113),
(233, 113),
(234, 114),
(235, 115),
(236, 115),
(238, 116),
(239, 116),
(240, 117),
(241, 117),
(248, 113),
(249, 118),
(250, 119),
(251, 119),
(255, 120),
(256, 120),
(258, 2),
(258, 18),
(258, 23),
(258, 35),
(258, 121),
(259, 121),
(260, 110),
(261, 122),
(261, 123),
(261, 124),
(262, 126),
(263, 127),
(266, 130),
(267, 131),
(268, 132),
(270, 122),
(270, 123),
(270, 124),
(270, 144),
(270, 145),
(270, 146),
(270, 147),
(270, 148),
(270, 149),
(271, 151),
(271, 152),
(271, 153),
(271, 155),
(273, 134),
(276, 157),
(276, 158),
(276, 163),
(276, 164),
(276, 174),
(277, 135),
(280, 135),
(280, 136),
(281, 136),
(284, 136),
(285, 137),
(286, 138),
(289, 139),
(289, 140),
(290, 139),
(292, 30),
(293, 140),
(294, 141),
(295, 142),
(296, 143),
(297, 144),
(298, 145),
(299, 146),
(301, 145),
(301, 146),
(302, 147),
(304, 148),
(305, 149),
(306, 23),
(306, 24),
(306, 25),
(306, 39),
(306, 40),
(306, 74),
(306, 149),
(306, 150),
(308, 151),
(309, 152),
(310, 153),
(311, 154),
(312, 154),
(314, 155),
(329, 128),
(330, 129),
(338, 154),
(339, 45),
(342, 157),
(343, 158),
(344, 159),
(345, 159),
(346, 160),
(347, 161),
(349, 162),
(350, 162),
(352, 162),
(355, 163),
(356, 164),
(357, 165),
(358, 166),
(359, 166),
(360, 168),
(361, 168),
(362, 100),
(363, 169),
(364, 170),
(366, 172),
(369, 173),
(371, 37),
(371, 38),
(373, 174),
(374, 159),
(374, 160),
(374, 178),
(374, 179),
(375, 180),
(375, 181),
(376, 182),
(376, 183),
(377, 29),
(377, 44),
(377, 62),
(377, 75),
(377, 88),
(377, 184),
(377, 185),
(377, 186),
(378, 35),
(378, 57),
(378, 187),
(378, 188),
(378, 189),
(378, 190),
(378, 191),
(380, 176),
(382, 177),
(383, 177),
(385, 113),
(385, 122),
(385, 123),
(385, 124),
(385, 179),
(386, 178),
(387, 193),
(387, 194),
(387, 195),
(387, 196),
(387, 197),
(388, 179),
(391, 180),
(392, 181),
(393, 183),
(395, 131),
(395, 192),
(396, 164),
(396, 198),
(398, 184),
(398, 185),
(399, 184),
(400, 185),
(401, 185),
(402, 186),
(403, 187),
(404, 188),
(405, 189),
(406, 190),
(407, 191),
(409, 101),
(411, 64),
(411, 120),
(412, 192),
(413, 193),
(414, 193),
(415, 194),
(416, 195),
(417, 196),
(418, 197),
(423, 198);


--
-- Data for Name: tags; Type: TABLE DATA; Schema: public; Owner: mlpvc-rr
--

INSERT INTO tags VALUES
(1, 'unicorn', NULL, 'spec', 43, NULL),
(2, 'earth pony', NULL, 'spec', 65, NULL),
(3, 'pegasus', NULL, 'spec', 29, NULL),
(4, 'alicorn', NULL, 'spec', 5, NULL),
(5, 'bat pony', NULL, 'spec', 0, NULL),
(6, 'mane six', 'Ponies who are one of the show''s six main characters', 'cat', 7, NULL),
(7, 'minor character', 'Ponies who had a speaking role, interacted with the mane six, or whose only purpose is to fill crowds.', 'cat', 131, NULL),
(8, 'background character', NULL, 'cat', 0, 7),
(9, 'antagonist', NULL, 'cat', 12, NULL),
(10, 'pet', NULL, 'cat', 6, NULL),
(11, 'male', NULL, 'gen', 66, NULL),
(12, 'female', NULL, 'gen', 96, NULL),
(14, 'twilight sparkle', NULL, 'char', 1, NULL),
(19, 's01e01', NULL, 'ep', 0, NULL),
(20, 's01e26', NULL, 'ep', 0, NULL),
(21, 's05e12', NULL, 'ep', 4, NULL),
(22, 'applejack', NULL, 'char', 1, NULL),
(23, 'pinkie pie', NULL, 'char', 2, NULL),
(24, 'fluttershy', NULL, 'char', 1, NULL),
(25, 'rainbow dash', NULL, 'char', 4, NULL),
(26, 'rarity', NULL, 'char', 1, NULL),
(27, 'wonderbolt', 'Wonderbolt characters', 'cat', 9, NULL),
(28, 'parent', 'Parents of other characters', 'cat', 8, NULL),
(29, 'dragon', NULL, 'spec', 4, NULL),
(30, 'spike', NULL, 'char', 2, NULL),
(31, 'minuette', NULL, 'char', 1, NULL),
(32, 'lyra heartstrings', NULL, 'char', 1, NULL),
(33, 'fashion plate', NULL, 'char', 1, NULL),
(34, 'sassy saddles', NULL, 'char', 1, NULL),
(35, 'twinkleshine', NULL, 'char', 1, NULL),
(36, 'lemon hearts', NULL, 'char', 1, NULL),
(37, 'granny smith', NULL, 'char', 1, NULL),
(38, 'fleetfoot', NULL, 'char', 1, NULL),
(39, 'stormy flare', NULL, 'char', 1, NULL),
(40, 'wind rider', NULL, 'char', 1, NULL),
(41, 'sugar belle', NULL, 'char', 1, NULL),
(42, 's05e15', NULL, 'ep', 2, NULL),
(43, 's05e14', NULL, 'ep', 4, NULL),
(44, 'foal', NULL, 'cat', 22, NULL),
(45, 'cutie mark crusader', NULL, 'cat', 5, NULL),
(46, 'apple bloom', NULL, 'char', 1, NULL),
(47, 'scootaloo', NULL, 'char', 1, NULL),
(48, 'sweetie belle', NULL, 'char', 1, NULL),
(49, 'night glider', NULL, 'char', 1, NULL),
(50, 'derpy hooves', NULL, 'char', 1, NULL),
(51, 'whoa nelly', NULL, 'char', 1, NULL),
(52, 'double diamond', NULL, 'char', 1, NULL),
(53, 'party favor', NULL, 'char', 1, NULL),
(54, 'starlight glimmer', NULL, 'char', 1, NULL),
(55, 'coco pommel', NULL, 'char', 0, 292),
(57, 'princess luna', NULL, 'char', 1, NULL),
(58, 'suri polomare', NULL, 'char', 1, NULL),
(59, 'royalty', NULL, 'cat', 8, NULL),
(60, 'trixie', NULL, 'char', 0, 176),
(61, 's03e05', NULL, 'ep', 1, NULL),
(62, 'alicorn amulet', NULL, NULL, 1, NULL),
(63, 'princess celestia', NULL, 'char', 1, NULL),
(64, 'object', NULL, 'cat', 5, NULL),
(65, 's05e02', NULL, 'ep', 4, NULL),
(66, 'big mcintosh', NULL, 'char', 2, NULL),
(68, 'moondancer', NULL, 'char', 0, 162),
(72, 'dinky doo', NULL, 'char', 1, NULL),
(73, 'berry pinch', NULL, 'char', 0, 116),
(74, 'button mash', NULL, 'char', 1, NULL),
(75, 'lily longsocks', NULL, 'char', 1, NULL),
(76, 'human', NULL, 'spec', 1, NULL),
(77, 'shining armor', NULL, 'char', 1, NULL),
(78, 'original character', 'Characters not canon to the show''s universe', 'cat', 1, NULL),
(79, 'cheese sandwich', NULL, 'char', 1, NULL),
(80, 'marble pie', NULL, 'char', 1, NULL),
(81, 'limestone pie', NULL, 'char', 1, NULL),
(82, 'maud pie', NULL, 'char', 1, NULL),
(83, 'igenous rock', NULL, 'char', 1, NULL),
(84, 'cloudy quartz', NULL, 'char', 1, NULL),
(85, 'pie family', NULL, 'cat', 6, NULL),
(86, 's05e20', NULL, 'ep', 5, NULL),
(87, 'spitfire', NULL, 'char', 2, NULL),
(88, 'lightning dust', NULL, 'char', 1, NULL),
(89, 'discord', NULL, 'char', 2, NULL),
(90, 'draconequus', NULL, 'spec', 1, NULL),
(91, 'tree hugger', NULL, 'char', 1, NULL),
(92, 's05e22', NULL, 'ep', 1, NULL),
(93, 'rara', NULL, 'char', 0, 158),
(94, 's05e24', NULL, 'ep', 3, NULL),
(95, 'svengallop', NULL, 'char', 1, NULL),
(96, 'outfit', 'Alternative character outfits', NULL, 16, NULL),
(97, 's05e08', NULL, 'ep', 0, NULL),
(98, 'sunburst', NULL, 'char', 1, NULL),
(99, 's05e26', NULL, 'ep', 5, NULL),
(100, 'sunset shimmer', NULL, 'char', 1, NULL),
(101, 's04e12', NULL, 'ep', 1, NULL),
(102, 's05e01-02', NULL, 'ep', 1, NULL),
(103, 's05e25-26', NULL, 'ep', 1, NULL),
(104, 's04e24', NULL, 'ep', 2, NULL),
(105, 's04e08', NULL, 'ep', 2, NULL),
(106, 's05e16', NULL, 'ep', 1, NULL),
(107, 'meadow flower', NULL, 'char', 1, NULL),
(108, 's03e07', NULL, 'ep', 3, NULL),
(109, 's05e07', NULL, 'ep', 3, NULL),
(110, 'pipsqueak', NULL, 'char', 1, NULL),
(111, 'silver spoon', NULL, 'char', 1, NULL),
(112, 'blossomforth', NULL, 'char', 1, NULL),
(113, 's05e06', NULL, 'ep', 1, NULL),
(114, 's05e05', NULL, 'ep', 0, NULL),
(115, 'vinyl scratch', NULL, 'char', 1, NULL),
(116, 'ruby pinch', NULL, 'char', 1, NULL),
(117, 'muffins', NULL, 'char', 1, NULL),
(118, 'derpy', NULL, 'char', 0, 50),
(119, 'colgate', NULL, 'char', 0, 31),
(120, 's05e09', NULL, 'ep', 9, NULL),
(121, 'lyra', NULL, 'char', 0, 32),
(122, 'sweet biscuit', NULL, 'char', 1, NULL),
(123, 'say cheese', NULL, 'char', 1, NULL),
(124, 's06e01', NULL, 'ep', 0, NULL),
(125, 's05e04', NULL, 'ep', 1, NULL),
(126, 's05e03', NULL, 'ep', 0, NULL),
(127, 'diamond tiara', NULL, 'char', 1, NULL),
(128, 'princess cadance', NULL, 'char', 1, NULL),
(129, 'mayor mare', NULL, 'char', 1, NULL),
(130, 'twist', NULL, 'char', 1, NULL),
(131, 'wonderbolt outfit', NULL, 'app', 3, NULL),
(132, 'babs seed', NULL, 'char', 1, NULL),
(133, 'cheerilee', NULL, 'char', 2, NULL),
(134, 'doctor hooves', NULL, 'char', 1, NULL),
(135, 'time turner', NULL, 'char', 1, NULL),
(136, 'featherweight', NULL, 'char', 1, NULL),
(137, 'luna', NULL, 'char', 0, 57),
(138, 'celestia', NULL, 'char', 0, 63),
(139, 'cadance', NULL, 'char', 0, 128),
(140, 'twilight', NULL, 'char', 0, 14),
(141, 'princess twilight', NULL, 'char', 0, 14),
(142, 'vinyl', NULL, 'char', 0, 115),
(143, 'dj pon-3', NULL, 'char', 0, 115),
(144, 'dj p0n-3', NULL, 'char', 0, 115),
(145, 'dj pon3', NULL, 'char', 0, 115),
(146, 'dj-pon3', NULL, 'char', 0, 115),
(147, 'pinkie', NULL, 'char', 0, 23),
(148, 'diabetty', NULL, 'char', 0, 51),
(149, 'big mac', NULL, 'char', 0, 66),
(150, 'big macintosh', NULL, 'char', 0, 66),
(151, 'maud', NULL, 'char', 0, 82),
(152, 'dr. hooves', NULL, 'char', 0, 134),
(153, 'dr hooves', NULL, 'char', 0, 134),
(154, 'angel', NULL, 'char', 0, 155),
(155, 'angel bunny', NULL, 'char', 1, NULL),
(156, 'bunny', NULL, 'spec', 1, NULL),
(157, 'doctor whooves', NULL, 'char', 0, 134),
(158, 'coloratura', NULL, 'char', 2, NULL),
(159, 'babs', NULL, 'char', 0, 132),
(160, 'applebloom', NULL, 'char', 0, 46),
(161, 'starlight', NULL, 'char', 0, 54),
(162, 'moon dancer', NULL, 'char', 1, NULL),
(163, 'party favour', NULL, 'char', 0, 53),
(164, 'ditzy doo', NULL, 'char', 0, 50),
(165, 'cherilee', NULL, 'char', 0, 133),
(167, 'ditzy', NULL, 'char', 0, 50),
(168, 's04e25', NULL, 'ep', 0, NULL),
(169, 's04e26', NULL, 'ep', 0, NULL),
(170, 'centaur', NULL, 'spec', 4, NULL),
(171, 'lord tirek', NULL, 'char', 4, NULL),
(172, 'tirek', NULL, 'char', 0, 171),
(173, 's04e25-26', NULL, 'ep', 5, NULL),
(174, 'amulet', NULL, NULL, 0, 62),
(175, 'scorpan''s medallion', NULL, NULL, 1, NULL),
(176, 'trixie lulamoon', NULL, 'char', 1, NULL),
(177, 'rose', NULL, 'char', 1, NULL),
(178, 'roseluck', NULL, 'char', 0, 177),
(179, 'flower trio', 'Flower-themed trio consisting of Rose, Daisy and Lily Valley.', 'cat', 3, NULL),
(180, 's06e03', NULL, 'ep', 3, NULL),
(181, 's06e04', NULL, 'ep', 5, NULL),
(182, 's06e05', NULL, 'ep', 4, NULL),
(183, 's06e06', NULL, 'ep', 4, NULL),
(184, 's05e01', NULL, 'ep', 0, NULL),
(185, 's06e01-02', NULL, 'ep', 5, NULL),
(186, 'princess flurry heart', NULL, 'char', 1, NULL),
(187, 'twilight velvet', NULL, 'char', 1, NULL),
(188, 's06e02', NULL, 'ep', 2, NULL),
(189, 'night light', NULL, 'char', 1, NULL),
(190, 'trenderhoof', NULL, 'char', 1, NULL),
(191, 's04e13', NULL, 'ep', 2, NULL),
(192, 's04e14', NULL, 'ep', 5, NULL),
(193, 'zipporwhill', NULL, 'char', 1, NULL),
(194, 'ziporwhill', NULL, 'char', 0, 193),
(195, 'zipporwhil', NULL, 'char', 0, 193),
(196, 'shining armour', NULL, 'char', 0, 77),
(197, 'princess mi amore cadenza', NULL, 'char', 0, 128),
(198, 'party cannon', NULL, NULL, 1, NULL),
(199, 'street rat', NULL, 'char', 1, NULL),
(200, 'hot fuzz', NULL, 'char', 0, NULL),
(201, 'copper top', NULL, 'char', 1, NULL),
(202, 'bulk biceps', NULL, 'char', 1, NULL),
(203, 'tender taps', NULL, 'char', 1, NULL),
(204, 'hoofer steps', NULL, 'char', 1, NULL),
(205, 'cloudchaser', NULL, 'char', 0, 362),
(206, 'thunderlane', NULL, 'char', 1, NULL),
(207, 'thunderclap', NULL, 'char', 1, NULL),
(208, 'flitter', NULL, 'char', 1, NULL),
(209, 's02e22', NULL, 'ep', 2, NULL),
(210, 'twilight sky', NULL, 'char', 1, NULL),
(212, 'pony tones outfit', NULL, 'app', 1, NULL),
(213, 'pony tones', NULL, 'cat', 3, NULL),
(214, 'ponytones', NULL, 'cat', 0, 213),
(215, 's06e07', NULL, 'ep', 5, NULL),
(216, 's06e08', NULL, 'ep', 3, NULL),
(217, 's06e09', NULL, 'ep', 3, NULL),
(218, 'torch song', NULL, 'char', 1, NULL),
(219, 'toe tapper', NULL, 'char', 1, NULL),
(220, 'minty bubblegum', NULL, 'char', 1, NULL),
(221, 'zebra', NULL, 'spec', 1, NULL),
(222, 'zecora', NULL, 'char', 1, NULL),
(223, 'octavia', NULL, 'char', 0, 260),
(224, 'bon bon', NULL, 'char', 1, NULL),
(225, 'sweetie drops', NULL, 'char', 1, NULL),
(226, 'cheerelie', NULL, 'char', 0, 133),
(227, 'cheereliee', NULL, 'char', 0, 133),
(228, 'cherelee', NULL, 'char', 0, 133),
(229, 'cheerile', NULL, 'char', 0, 133),
(230, 'alligator', NULL, 'spec', 1, NULL),
(231, 'gummy', NULL, 'char', 1, NULL),
(232, 'orange frog', NULL, 'char', 1, NULL),
(233, 's03e03', NULL, 'ep', 1, NULL),
(234, 'cutie mark crusader cape', NULL, 'app', 1, NULL),
(235, 'fake timberwolf', NULL, NULL, 1, NULL),
(236, 's03e09', NULL, 'ep', 1, NULL),
(237, 'cutie mark crusaders', NULL, 'cat', 0, 45),
(238, 'winona', NULL, 'char', 1, NULL),
(239, 'canine', NULL, 'spec', 1, NULL),
(240, 'owl', NULL, 'spec', 1, NULL),
(241, 'owlowiscious', NULL, 'char', 1, NULL),
(242, 'owloysius', NULL, 'char', 0, 241),
(243, 'dog', NULL, 'spec', 0, 239),
(244, 'owlicious', NULL, 'char', 0, 241),
(245, 'owliscius', NULL, 'char', 0, 241),
(246, 'owliscious', NULL, 'char', 0, 241),
(247, 'creatures', NULL, 'cat', 0, 385),
(248, 'frog', NULL, 'spec', 1, NULL),
(249, 'princess ember', NULL, 'char', 1, NULL),
(250, 'tank', NULL, 'char', 1, NULL),
(251, 'tortoise', NULL, 'spec', 1, NULL),
(252, 'turtle', NULL, 'spec', 0, 251),
(253, 'aligator', NULL, 'spec', 0, 230),
(254, 'cat', NULL, 'spec', 0, 255),
(255, 'feline', NULL, 'spec', 1, NULL),
(256, 'opalescence', NULL, 'char', 1, NULL),
(257, 'opal', NULL, 'char', 0, 256),
(258, 'apple family', NULL, 'cat', 5, NULL),
(259, 'braeburn', NULL, 'char', 1, NULL),
(260, 'octavia melody', NULL, 'char', 1, NULL),
(261, 'pig', NULL, 'spec', 3, NULL),
(262, 'dragon lord torch', NULL, 'char', 1, NULL),
(263, 'soarin''', NULL, 'char', 1, NULL),
(264, 'fleur-de-lis', NULL, 'char', 0, 329),
(265, 'fancypants', NULL, 'char', 0, 330),
(266, 'snips', NULL, 'char', 1, NULL),
(267, 'snails', NULL, 'char', 1, NULL),
(268, 'king sombra', NULL, 'char', 1, NULL),
(269, 'sombra', NULL, 'char', 0, 268),
(270, 's06e10', NULL, 'ep', 8, NULL),
(271, 's06e11', NULL, 'ep', 4, NULL),
(272, 'apple jack', NULL, 'char', 0, 22),
(273, 'raven', NULL, 'char', 1, NULL),
(274, 'bonbon', NULL, 'char', 0, 224),
(276, 's06e12', NULL, 'ep', 5, NULL),
(277, 'ms. peachbottom', NULL, 'char', 1, NULL),
(278, 'ms peachbottom', NULL, 'char', 0, 277),
(279, 'peachbottom', NULL, 'char', 0, 277),
(280, 's03e12', NULL, 'ep', 2, NULL),
(281, 'ms. harshwhinny', NULL, 'char', 1, NULL),
(282, 'ms harshwhinny', NULL, 'char', 0, 281),
(283, 'harshwhinny', NULL, 'char', 0, 281),
(284, 's04e05', NULL, 'ep', 1, NULL),
(285, 'misty fly', NULL, 'char', 1, NULL),
(286, 'sunshower raindrops', NULL, 'char', 1, NULL),
(287, 'sunshower', NULL, 'char', 0, 286),
(288, 'raindrops', NULL, 'char', 0, 286),
(289, 'donkey', NULL, 'spec', 2, NULL),
(290, 'cranky doodle donkey', NULL, 'char', 1, NULL),
(291, 'cranky', NULL, 'char', 0, 290),
(292, 'miss pommel', NULL, 'char', 1, NULL),
(293, 'matilda', NULL, 'char', 1, NULL),
(294, 'plaid stripes', NULL, 'char', 1, NULL),
(295, 'mr. stripes', NULL, 'char', 1, NULL),
(296, 'buried lede', NULL, 'char', 1, NULL),
(297, 'rainbow dash''s robe', NULL, 'app', 1, NULL),
(298, 'aloe', NULL, 'char', 1, NULL),
(299, 'lotus blossom', NULL, 'char', 1, NULL),
(300, 'lotus', NULL, 'char', 0, 299),
(301, 'spa ponies', NULL, 'cat', 2, NULL),
(302, 'caramel', NULL, 'char', 1, NULL),
(304, 'birch bucket', NULL, 'char', 1, NULL),
(305, 'spoiled rich', NULL, 'char', 1, NULL),
(306, 's05e18', NULL, 'ep', 8, NULL),
(307, 'pegasi', NULL, 'spec', 0, 3),
(308, 'zephyr breeze', NULL, 'char', 1, NULL),
(309, 'mr. shy', NULL, 'char', 1, NULL),
(310, 'mrs. shy', NULL, 'char', 1, NULL),
(311, 'twilight''s crown', NULL, 'app', 1, NULL),
(312, 's05e10', NULL, 'ep', 1, NULL),
(313, 'link', NULL, 'char', 0, 314),
(314, 'quarter hearts', NULL, 'char', 1, NULL),
(327, 'mrs. sparkle', NULL, 'char', 0, 187),
(328, 'mr. sparkle', NULL, 'char', 0, 189),
(329, 'fleur dis lee', NULL, 'char', 1, NULL),
(330, 'fancy pants', NULL, 'char', 1, NULL),
(331, 'soarin', NULL, 'char', 0, 263),
(332, 'ice wind', NULL, 'char', 0, 285),
(338, 'crown', NULL, NULL, 1, NULL),
(339, 'penny curve', NULL, 'char', 1, NULL),
(340, 'princess', NULL, 'cat', 0, 59),
(341, 'princesses', NULL, 'cat', 0, 59),
(342, 'coriander cumin', NULL, 'char', 1, NULL),
(343, 'saffron masala', NULL, 'char', 1, NULL),
(344, 'daring do', NULL, 'char', 1, NULL),
(345, 'a.k. yearling', NULL, 'char', 1, NULL),
(346, 'doctor caballeron', NULL, 'char', 1, NULL),
(347, 'unnamed pony', NULL, 'cat', 1, NULL),
(348, 'coco', NULL, 'char', 0, 292),
(349, 'flim', NULL, 'char', 1, NULL),
(350, 'flam', NULL, 'char', 1, NULL),
(351, 'stallion', NULL, 'gen', 0, 11),
(352, 'flim flam brothers', NULL, 'char', 1, NULL),
(353, 'mare', NULL, 'gen', 0, 12),
(354, 'fleur', NULL, 'char', 0, 329),
(355, 'zesty gourmand', NULL, 'char', 1, NULL),
(356, 'gordon ramsay', NULL, 'char', 1, NULL),
(357, 'lucky clover', NULL, 'char', 1, NULL),
(358, 'cup cake', NULL, 'char', 1, NULL),
(359, 'mrs. cake', NULL, 'char', 1, NULL),
(360, 'mr. cake', NULL, 'char', 1, NULL),
(361, 'carrot cake', NULL, 'char', 1, NULL),
(362, 'cloud chaser', NULL, 'char', 1, NULL),
(363, 'pumpkin cake', NULL, 'char', 1, NULL),
(364, 'pound cake', NULL, 'char', 1, NULL),
(365, 'stormwalker', NULL, 'char', 0, 362),
(366, 'daisy', NULL, 'char', 1, NULL),
(367, 'flower wishes', NULL, 'char', 0, 366),
(368, 'lily', NULL, 'char', 0, 369),
(369, 'lily valley', NULL, 'char', 1, NULL),
(370, 'cmc', NULL, 'cat', 0, 45),
(371, 's05e17', NULL, 'ep', 2, NULL),
(372, 'dr whooves', NULL, 'char', 0, 134),
(373, 'amethyst star', NULL, 'char', 1, NULL),
(374, 's06e13', NULL, 'ep', 4, NULL),
(375, 's06e14', NULL, 'ep', 2, NULL),
(376, 's06e15', NULL, 'ep', 2, NULL),
(377, 's06e16', NULL, 'ep', 8, NULL),
(378, 's06e17', NULL, 'ep', 7, NULL),
(380, 'cherry berry', NULL, 'char', 1, NULL),
(381, 'gummy snap', NULL, 'char', 0, 231),
(382, 's04e02', NULL, 'ep', 1, NULL),
(383, 'comet trail', NULL, 'char', 1, NULL),
(384, 'dinky', NULL, 'char', 0, 72),
(385, 'creature', NULL, 'cat', 5, NULL),
(386, 'quibble pants', NULL, 'char', 1, NULL),
(387, 's06e19', NULL, 'ep', 5, NULL),
(388, 'cipactli', NULL, 'char', 1, NULL),
(389, 'mrs shy', NULL, 'char', 0, 310),
(390, 'caballeron', NULL, 'char', 0, 346),
(391, 'crackle pop', NULL, 'char', 1, NULL),
(392, 'cheerleader', NULL, NULL, 1, NULL),
(393, 'filly scout uniform', NULL, 'app', 1, NULL),
(394, 'bon-bon', NULL, 'char', 0, 224),
(395, 's06e18', NULL, 'ep', 2, NULL),
(396, 's06e20', NULL, 'ep', 2, NULL),
(397, 's06e21', NULL, 'ep', 0, NULL),
(398, 'thorax', NULL, 'char', 2, NULL),
(399, 'changeling', NULL, 'spec', 1, NULL),
(400, 'crystal hoof', NULL, 'char', 1, NULL),
(401, 'crystal pony', NULL, 'spec', 1, NULL),
(402, 'guard armor', NULL, 'app', 1, NULL),
(403, 'rainbow rogue', NULL, 'app', 1, NULL),
(404, 'bard pie outfit', NULL, 'app', 1, NULL),
(405, 'garbunkle', NULL, 'char', 1, NULL),
(406, 'sir mcbiggen', NULL, 'char', 1, NULL),
(407, 'captain wuzz', NULL, 'char', 1, NULL),
(408, 'false', NULL, 'ep', 0, NULL),
(409, 's04e23', NULL, 'ep', 0, NULL),
(410, 's04e22', NULL, 'ep', 0, NULL),
(411, 's04e21', NULL, 'ep', 0, NULL),
(412, 'ponyville buckball team', NULL, 'app', 1, NULL),
(413, 'gabby', NULL, 'char', 1, NULL),
(414, 'griffon', NULL, 'spec', 1, NULL),
(415, 'petunia paleo', NULL, 'char', 1, NULL),
(416, 'mrs. paleo', NULL, 'char', 1, NULL),
(417, 'mr. paleo', NULL, 'char', 1, NULL),
(418, 'blue note', NULL, 'char', 1, NULL),
(419, 's06e22', NULL, 'ep', 0, NULL),
(420, 's06e23', NULL, 'ep', 0, NULL),
(421, 's06e24', NULL, 'ep', 0, NULL),
(422, 's06e25', NULL, 'ep', 0, NULL),
(423, 'gladmane', NULL, 'char', 1, NULL);


--
-- Name: tags_tid_seq; Type: SEQUENCE SET; Schema: public; Owner: mlpvc-rr
--

SELECT pg_catalog.setval('tags_tid_seq', 423, true);


--
-- Name: appearance_relations_source_target; Type: CONSTRAINT; Schema: public; Owner: mlpvc-rr
--

ALTER TABLE ONLY appearance_relations
    ADD CONSTRAINT appearance_relations_source_target UNIQUE (source, target);


--
-- Name: appearances_id; Type: CONSTRAINT; Schema: public; Owner: mlpvc-rr
--

ALTER TABLE ONLY appearances
    ADD CONSTRAINT appearances_id PRIMARY KEY (id);


--
-- Name: colorgroups_groupid; Type: CONSTRAINT; Schema: public; Owner: mlpvc-rr
--

ALTER TABLE ONLY colorgroups
    ADD CONSTRAINT colorgroups_groupid PRIMARY KEY (groupid);


--
-- Name: colorgroups_groupid_label; Type: CONSTRAINT; Schema: public; Owner: mlpvc-rr
--

ALTER TABLE ONLY colorgroups
    ADD CONSTRAINT colorgroups_groupid_label UNIQUE (groupid, label);


--
-- Name: tagged_tid_ponyid; Type: CONSTRAINT; Schema: public; Owner: mlpvc-rr
--

ALTER TABLE ONLY tagged
    ADD CONSTRAINT tagged_tid_ponyid PRIMARY KEY (tid, ponyid);


--
-- Name: tags_tid; Type: CONSTRAINT; Schema: public; Owner: mlpvc-rr
--

ALTER TABLE ONLY tags
    ADD CONSTRAINT tags_tid PRIMARY KEY (tid);


--
-- Name: colorgroups_ponyid; Type: INDEX; Schema: public; Owner: mlpvc-rr
--

CREATE INDEX colorgroups_ponyid ON colorgroups USING btree (ponyid);


--
-- Name: colors_groupid; Type: INDEX; Schema: public; Owner: mlpvc-rr
--

CREATE INDEX colors_groupid ON colors USING btree (groupid);


--
-- Name: tags_synonym_of; Type: INDEX; Schema: public; Owner: mlpvc-rr
--

CREATE INDEX tags_synonym_of ON tags USING btree (synonym_of);


--
-- Name: appearance_relations_source_fkey; Type: FK CONSTRAINT; Schema: public; Owner: mlpvc-rr
--

ALTER TABLE ONLY appearance_relations
    ADD CONSTRAINT appearance_relations_source_fkey FOREIGN KEY (source) REFERENCES appearances(id) ON UPDATE CASCADE ON DELETE CASCADE;


--
-- Name: appearance_relations_target_fkey; Type: FK CONSTRAINT; Schema: public; Owner: mlpvc-rr
--

ALTER TABLE ONLY appearance_relations
    ADD CONSTRAINT appearance_relations_target_fkey FOREIGN KEY (target) REFERENCES appearances(id) ON UPDATE CASCADE ON DELETE CASCADE;


--
-- Name: colorgroups_ponyid_fkey; Type: FK CONSTRAINT; Schema: public; Owner: mlpvc-rr
--

ALTER TABLE ONLY colorgroups
    ADD CONSTRAINT colorgroups_ponyid_fkey FOREIGN KEY (ponyid) REFERENCES appearances(id) ON UPDATE CASCADE ON DELETE CASCADE;


--
-- Name: colors_groupid_fkey; Type: FK CONSTRAINT; Schema: public; Owner: mlpvc-rr
--

ALTER TABLE ONLY colors
    ADD CONSTRAINT colors_groupid_fkey FOREIGN KEY (groupid) REFERENCES colorgroups(groupid) ON UPDATE CASCADE ON DELETE CASCADE;


--
-- Name: tagged_ponyid_fkey; Type: FK CONSTRAINT; Schema: public; Owner: mlpvc-rr
--

ALTER TABLE ONLY tagged
    ADD CONSTRAINT tagged_ponyid_fkey FOREIGN KEY (ponyid) REFERENCES appearances(id) ON UPDATE CASCADE ON DELETE CASCADE;


--
-- Name: tagged_tid_fkey; Type: FK CONSTRAINT; Schema: public; Owner: mlpvc-rr
--

ALTER TABLE ONLY tagged
    ADD CONSTRAINT tagged_tid_fkey FOREIGN KEY (tid) REFERENCES tags(tid) ON UPDATE CASCADE ON DELETE CASCADE;


--
-- Name: tags_synonym_of_fkey; Type: FK CONSTRAINT; Schema: public; Owner: mlpvc-rr
--

ALTER TABLE ONLY tags
    ADD CONSTRAINT tags_synonym_of_fkey FOREIGN KEY (synonym_of) REFERENCES tags(tid) ON UPDATE CASCADE ON DELETE SET NULL;


--
-- Name: public; Type: ACL; Schema: -; Owner: postgres
--

REVOKE ALL ON SCHEMA public FROM PUBLIC;
REVOKE ALL ON SCHEMA public FROM postgres;
GRANT ALL ON SCHEMA public TO postgres;
GRANT ALL ON SCHEMA public TO PUBLIC;


--
-- Name: appearances; Type: ACL; Schema: public; Owner: mlpvc-rr
--

REVOKE ALL ON TABLE appearances FROM PUBLIC;
REVOKE ALL ON TABLE appearances FROM "mlpvc-rr";
GRANT ALL ON TABLE appearances TO "mlpvc-rr";
GRANT ALL ON TABLE appearances TO postgres;


--
-- Name: colorgroups; Type: ACL; Schema: public; Owner: mlpvc-rr
--

REVOKE ALL ON TABLE colorgroups FROM PUBLIC;
REVOKE ALL ON TABLE colorgroups FROM "mlpvc-rr";
GRANT ALL ON TABLE colorgroups TO "mlpvc-rr";
GRANT ALL ON TABLE colorgroups TO postgres;


--
-- Name: colors; Type: ACL; Schema: public; Owner: mlpvc-rr
--

REVOKE ALL ON TABLE colors FROM PUBLIC;
REVOKE ALL ON TABLE colors FROM "mlpvc-rr";
GRANT ALL ON TABLE colors TO "mlpvc-rr";
GRANT ALL ON TABLE colors TO postgres;


--
-- Name: tagged; Type: ACL; Schema: public; Owner: mlpvc-rr
--

REVOKE ALL ON TABLE tagged FROM PUBLIC;
REVOKE ALL ON TABLE tagged FROM "mlpvc-rr";
GRANT ALL ON TABLE tagged TO "mlpvc-rr";
GRANT ALL ON TABLE tagged TO postgres;


--
-- Name: tags; Type: ACL; Schema: public; Owner: mlpvc-rr
--

REVOKE ALL ON TABLE tags FROM PUBLIC;
REVOKE ALL ON TABLE tags FROM "mlpvc-rr";
GRANT ALL ON TABLE tags TO "mlpvc-rr";
GRANT ALL ON TABLE tags TO postgres;


--
-- PostgreSQL database dump complete
--

