--
-- PostgreSQL database dump
--

-- Dumped from database version 9.5.2
-- Dumped by pg_dump version 9.5.2

SET statement_timeout = 0;
SET lock_timeout = 0;
SET client_encoding = 'UTF8';
SET standard_conforming_strings = on;
SET check_function_bodies = false;
SET client_min_messages = warning;
SET row_security = off;

--
-- Name: plpgsql; Type: EXTENSION; Schema: -; Owner: 
--

CREATE EXTENSION IF NOT EXISTS plpgsql WITH SCHEMA pg_catalog;


--
-- Name: EXTENSION plpgsql; Type: COMMENT; Schema: -; Owner: 
--

COMMENT ON EXTENSION plpgsql IS 'PL/pgSQL procedural language';


SET search_path = public, pg_catalog;

SET default_tablespace = '';

SET default_with_oids = false;

--
-- Name: appearances; Type: TABLE; Schema: public; Owner: mlpvc-rr
--

CREATE TABLE appearances (
    id integer NOT NULL,
    "order" integer,
    label character varying(70) NOT NULL,
    notes text NOT NULL,
    cm_favme character varying(20),
    ishuman boolean NOT NULL,
    added timestamp with time zone DEFAULT now(),
    cm_preview character varying(255),
    cm_dir boolean
);


ALTER TABLE appearances OWNER TO "mlpvc-rr";

--
-- Name: appearances_id_seq; Type: SEQUENCE; Schema: public; Owner: mlpvc-rr
--

CREATE SEQUENCE appearances_id_seq
    START WITH 1
    INCREMENT BY 1
    NO MINVALUE
    NO MAXVALUE
    CACHE 1;


ALTER TABLE appearances_id_seq OWNER TO "mlpvc-rr";

--
-- Name: appearances_id_seq; Type: SEQUENCE OWNED BY; Schema: public; Owner: mlpvc-rr
--

ALTER SEQUENCE appearances_id_seq OWNED BY appearances.id;


--
-- Name: colorgroups; Type: TABLE; Schema: public; Owner: mlpvc-rr
--

CREATE TABLE colorgroups (
    groupid integer NOT NULL,
    ponyid integer NOT NULL,
    label character varying(255) NOT NULL,
    "order" integer DEFAULT 0 NOT NULL
);


ALTER TABLE colorgroups OWNER TO "mlpvc-rr";

--
-- Name: colorgroups_groupid_seq; Type: SEQUENCE; Schema: public; Owner: mlpvc-rr
--

CREATE SEQUENCE colorgroups_groupid_seq
    START WITH 1
    INCREMENT BY 1
    NO MINVALUE
    NO MAXVALUE
    CACHE 1;


ALTER TABLE colorgroups_groupid_seq OWNER TO "mlpvc-rr";

--
-- Name: colorgroups_groupid_seq; Type: SEQUENCE OWNED BY; Schema: public; Owner: mlpvc-rr
--

ALTER SEQUENCE colorgroups_groupid_seq OWNED BY colorgroups.groupid;


--
-- Name: colors; Type: TABLE; Schema: public; Owner: mlpvc-rr
--

CREATE TABLE colors (
    groupid integer NOT NULL,
    "order" integer,
    label character varying(255) NOT NULL,
    hex character(7)
);


ALTER TABLE colors OWNER TO "mlpvc-rr";

--
-- Name: tagged; Type: TABLE; Schema: public; Owner: mlpvc-rr
--

CREATE TABLE tagged (
    tid integer NOT NULL,
    ponyid integer NOT NULL
);


ALTER TABLE tagged OWNER TO "mlpvc-rr";

--
-- Name: tags; Type: TABLE; Schema: public; Owner: mlpvc-rr
--

CREATE TABLE tags (
    tid integer NOT NULL,
    name character varying(25) NOT NULL,
    title character varying(255),
    type character varying(4),
    uses integer DEFAULT 0 NOT NULL,
    synonym_of integer
);


ALTER TABLE tags OWNER TO "mlpvc-rr";

--
-- Name: tags_tid_seq; Type: SEQUENCE; Schema: public; Owner: mlpvc-rr
--

CREATE SEQUENCE tags_tid_seq
    START WITH 1
    INCREMENT BY 1
    NO MINVALUE
    NO MAXVALUE
    CACHE 1;


ALTER TABLE tags_tid_seq OWNER TO "mlpvc-rr";

--
-- Name: tags_tid_seq; Type: SEQUENCE OWNED BY; Schema: public; Owner: mlpvc-rr
--

ALTER SEQUENCE tags_tid_seq OWNED BY tags.tid;


--
-- Name: id; Type: DEFAULT; Schema: public; Owner: mlpvc-rr
--

ALTER TABLE ONLY appearances ALTER COLUMN id SET DEFAULT nextval('appearances_id_seq'::regclass);


--
-- Name: groupid; Type: DEFAULT; Schema: public; Owner: mlpvc-rr
--

ALTER TABLE ONLY colorgroups ALTER COLUMN groupid SET DEFAULT nextval('colorgroups_groupid_seq'::regclass);


--
-- Name: tid; Type: DEFAULT; Schema: public; Owner: mlpvc-rr
--

ALTER TABLE ONLY tags ALTER COLUMN tid SET DEFAULT nextval('tags_tid_seq'::regclass);


--
-- Data for Name: appearances; Type: TABLE DATA; Schema: public; Owner: mlpvc-rr
--

INSERT INTO appearances VALUES
(0, 0, 'Universal colors', 'These colors apply to most characters in the show. Use these unless a different color is specified.
<strong>Eye Shines:</strong> Use for eye reflections, sclera and teeth.
<strong>Eye Pupil:</strong> Use for eye pupil, eyelashes, eye outlines and on eyelids (for emotional turmoil at ~5-15% opacity)', NULL, false, '2015-12-03 16:57:59.671+01', NULL, NULL),
(1, 1, 'Twilight Sparkle', 'Far legs use darker colors.', 'd64bqyo', false, '2015-08-24 21:04:32+02', 'https://t13.deviantart.net/8twEAhylviCkDzLHlRSYTwHK--w=/fit-in/300x900/filters:no_upscale():origin()/pre01/05dd/th/pre/i/2016/057/8/c/twi_cm_01_by_yanoda-d9t73dw.png', false),
(2, 2, 'Applejack', '', 'd64bqyo', false, '2015-09-21 20:46:54+02', 'https://t00.deviantart.net/8If9-kBD7ov_ynkptkglfKzMN8Q=/fit-in/300x900/filters:no_upscale():origin()/pre09/0137/th/pre/i/2016/057/3/1/aj_cm_01_by_yanoda-d9t73dl.png', true),
(3, 3, 'Fluttershy', '', 'd64bqyo', false, '2015-09-21 20:54:47+02', 'https://t08.deviantart.net/1iZycwET2sN-PJlza0A2LAYrNoE=/fit-in/300x900/filters:no_upscale():origin()/pre00/871e/th/pre/i/2016/057/2/f/fs_cm_01_by_yanoda-d9t73fr.png', true),
(4, 4, 'Pinkie Pie', 'Far legs use darker colors.', 'd64bqyo', false, '2015-09-21 20:52:26+02', 'https://t09.deviantart.net/GnocLI7ZiKlshvMhY6HfvA6jzAg=/fit-in/300x900/filters:no_upscale():origin()/pre08/b7e1/th/pre/i/2016/057/8/c/pp_cm_01_by_yanoda-d9t73fg.png', false),
(5, 5, 'Rainbow Dash', '', 'd64bqyo', false, '2015-09-21 21:01:33+02', 'https://t13.deviantart.net/m2KYnWjhbnJXtkCpkDZpCZ9BcZ8=/fit-in/300x900/filters:no_upscale():origin()/pre07/a75b/th/pre/i/2016/057/9/9/rd_cm_01_by_yanoda-d9t73ee.png', false),
(6, 6, 'Rarity', '', 'd64bqyo', false, '2015-09-21 21:18:24+02', 'https://t01.deviantart.net/fZRfRW57fKrGw-eZ2--1lO8f4f0=/fit-in/300x900/filters:no_upscale():origin()/pre00/b9a8/th/pre/i/2016/057/4/5/rar_cm_01_by_yanoda-d9t73ex.png', false),
(7, 7, 'Spike', '', NULL, false, '2015-09-21 21:43:59+02', NULL, NULL),
(9, 14, 'Princess Luna', '', NULL, false, '2015-09-29 20:55:38+02', NULL, NULL),
(10, 39, 'Minuette', 'For convenience, the color of the glass on her cutie mark is solid rather than transparent, thus the sand should be above.', NULL, false, '2015-07-25 16:49:44+02', NULL, NULL),
(11, 61, 'Derpy / Muffins', '', NULL, false, '2015-08-26 05:53:49+02', NULL, NULL),
(12, 42, 'Lyra Heartstrings', '', NULL, false, '2015-08-26 06:08:33+02', NULL, NULL),
(13, 54, 'Whoa Nelly', 'Special eyeball color.
Cutie Mark head colors are different from normal ones.', NULL, false, '2015-09-17 05:43:22+02', NULL, NULL),
(14, 53, 'Fashion Plate', 'Far legs use darker colors.', NULL, false, '2015-09-17 06:02:26+02', NULL, NULL),
(15, 51, 'Sassy Saddles', '', NULL, false, '2015-09-17 06:22:20+02', NULL, NULL),
(16, 40, 'Twinkleshine', '', NULL, false, '2015-09-21 22:25:31+02', NULL, NULL),
(17, 41, 'Lemon Hearts', '', NULL, false, '2015-09-21 22:30:06+02', NULL, NULL),
(18, 74, 'Granny Smith', 'Far legs use darker colors.', NULL, false, '2015-09-21 22:37:57+02', NULL, NULL),
(19, 60, 'Fleetfoot', '', 'd97x7vd', false, '2015-09-21 22:58:56+02', NULL, true),
(20, 71, 'Stormy Flare', 'Only has one eye shine.
Far legs use darker colors.', 'd9acleq', false, '2015-09-22 07:20:14+02', NULL, false),
(21, 72, 'Wind Rider', 'Teeth use a different color than normal.', 'd9ao1qp', false, '2015-09-24 06:35:32+02', NULL, true),
(22, 49, 'Sugar Belle', 'Far legs use darker colors.', NULL, false, '2015-09-24 12:44:18+02', NULL, NULL),
(23, 8, 'Apple Bloom', 'Far legs use darker colors.
Cutie Mark colors subject to change on further episodes.', NULL, false, '2015-09-24 14:01:03+02', NULL, NULL),
(24, 9, 'Scootaloo', 'Far legs use darker colors.
Cutie Mark colors subject to change on further episodes.', NULL, false, '2015-09-24 14:06:23+02', NULL, NULL),
(25, 10, 'Sweetie Belle', 'Cutie Mark colors subject to change on further episodes.', NULL, false, '2015-09-24 14:09:41+02', NULL, NULL),
(26, 70, 'Night Glider', '', 'd8oovxh', false, '2015-09-26 17:03:43+02', NULL, true),
(27, 87, 'Double Diamond', '', NULL, false, '2015-09-26 19:22:19+02', NULL, NULL),
(28, 50, 'Party Favor', 'Magic aura color is unknown.', NULL, false, '2015-09-26 19:34:42+02', NULL, NULL),
(29, 48, 'Starlight Glimmer', 'Her cutie mark does not use pure white for the star fill.
Her S6 mane style includes an additional shadow fill color', 'd8old4s', false, '2015-09-26 20:01:51+02', NULL, true),
(30, 80, 'Coco Pommel', 'Far legs use darker colors.', NULL, false, '2015-09-26 23:18:32+02', NULL, NULL),
(31, 21, 'Suri Polomare', 'Far legs use darker colors.', NULL, false, '2015-09-30 07:35:59+02', NULL, NULL),
(32, 19, 'Trixie Lulamoon', 'Eyes don''t have iris highlights.', 'd9bxest', false, '2015-10-03 17:35:08+02', NULL, true),
(33, 104, 'Alicorn Amulet', '', NULL, false, '2015-10-03 18:22:13+02', NULL, NULL),
(34, 13, 'Princess Celestia', 'Make sure to use appropriate references when picking gradient angles and stops. They''ll differ based on the hair shape and angle.', NULL, false, '2015-10-03 21:26:50+02', NULL, NULL),
(35, 73, 'Big McIntosh', 'Far legs use darker colors.', 'd9zhgk0', false, '2015-10-04 21:11:42+02', NULL, true),
(36, 47, 'Moon Dancer', 'Far legs use darker colors.', 'd9vcpeu', false, '2015-10-05 07:17:36+02', NULL, true),
(37, 33, 'Dinky Doo', 'From S5E17.
Magic color is unknown.', NULL, false, '2015-10-06 05:39:35+02', NULL, NULL),
(38, 34, 'Ruby Pinch', 'From S5E17.
Magic color is unknown.', NULL, false, '2015-10-06 05:48:24+02', NULL, NULL),
(39, 31, 'Button Mash', 'From S5E18.
Far legs use LIGHTER outlines and fills.', NULL, false, '2015-10-15 05:32:38+02', NULL, NULL),
(40, 35, 'Lily Longsocks', 'From S5E18.', NULL, false, '2015-10-16 07:37:56+02', NULL, NULL),
(44, 15, 'Shining Armor', 'Far legs and hooves use darker colors.
Special eyeball color.', NULL, false, '2015-10-23 16:27:32+02', NULL, NULL),
(45, 38, 'Penny Curve', 'Vector Club Mascot', 'd9e7zgj', false, '2015-10-25 21:10:21+01', NULL, true),
(46, 81, 'Cheese Sandwich', '', 'd74od89', false, '2015-10-26 15:27:27+01', NULL, false),
(50, 84, 'Marble Pie', 'Two different hair outline colors.
Eye gradient should be adjusted (lower on eye) to make sure top highlight is easily distinguished from gradient.', 'd9eeci7', false, '2015-10-31 23:30:14+01', NULL, true),
(51, 83, 'Limestone Pie', '', 'd9eecqj', false, '2015-10-31 23:30:14+01', NULL, true),
(52, 82, 'Maud Pie', 'Far legs use darker colors.', 'd7apvq4', false, '2015-10-31 23:30:14+01', NULL, true),
(53, 85, 'Igneous Rock', 'Far legs use darker colors.', NULL, false, '2015-10-31 23:30:14+01', NULL, NULL),
(54, 86, 'Cloudy Quartz', '', NULL, false, '2015-10-31 23:43:48.197299+01', NULL, NULL),
(55, 59, 'Spitfire', 'Far legs use darker colors.', 'd5nzngs', false, '2015-11-04 23:58:36.915265+01', NULL, false),
(56, 20, 'Lightning Dust', 'Far legs use LIGHTER outlines and darker fills.
Eyes don''t have iris highlights.', 'd9fl30m', false, '2015-11-05 00:10:40.321984+01', NULL, true),
(57, 18, 'Discord', '', NULL, false, '2015-11-14 04:28:38.262247+01', NULL, NULL),
(58, 88, 'Tree Hugger', 'Darker highlight color matches the bottom iris gradient color.', 'd8u7pz5', false, '2015-11-14 05:07:04.439467+01', NULL, false),
(59, 89, 'Coloratura', '', 'd9hm2yd', false, '2015-11-24 05:28:54.164681+01', NULL, true),
(60, 90, 'Rara (Countess Outfit)', '', NULL, false, '2015-11-24 05:42:00.076945+01', NULL, NULL),
(61, 91, 'Svengallop', '', NULL, false, '2015-11-24 07:28:47.770494+01', NULL, NULL),
(62, 52, 'Sunburst', 'Far legs use darker colors. 
Has no iris highlights.
Glasses don''t seem to have lenses.', 'd9iyv1r', false, '2015-12-01 16:18:10.631048+01', NULL, true),
(63, NULL, 'Sunset Shimmer (EQG, RR)', 'Sunset''s colors from Equestria Girls and Rainbow Rocks.', NULL, true, '2015-12-05 19:17:59.882699+01', NULL, NULL),
(64, 98, 'Angel Bunny', '', NULL, false, '2015-12-18 07:39:19.313917+01', NULL, NULL),
(65, 68, 'Meadow Flower', '', 'd9ko8le', false, '2015-12-19 18:55:09.130305+01', NULL, false),
(66, 30, 'Pipsqueak', '', NULL, false, '2016-01-25 01:43:42.292322+01', NULL, NULL),
(67, 28, 'Silver Spoon', 'Far legs use darker colors.
Necklace highlights are not pure white.', NULL, false, '2016-01-25 03:40:31.20103+01', NULL, NULL),
(68, 65, 'Blossomforth', 'Imported from the old colour guide', 'd8geiw1', false, '2016-02-11 19:02:12.030258+01', NULL, true),
(69, 43, 'Vinyl Scratch / DJ Pon-3', 'Based on S5E9.', 'd9zhh0l', false, '2016-02-28 00:56:35.641502+01', NULL, true),
(70, 108, 'Wonderbolt Uniform', '', NULL, false, '2016-02-29 14:00:08.939447+01', NULL, NULL),
(71, 109, 'Wonderbolt Trainee Uniform', '', NULL, false, '2016-02-29 14:12:07.849625+01', NULL, NULL),
(72, 55, 'Sweet Biscuit', '', 'd9tl3qw', false, '2016-03-02 19:41:10.393913+01', NULL, true),
(73, 56, 'Say Cheese', '', 'd9ts8lk', false, '2016-03-02 19:45:22.316553+01', NULL, true),
(74, 29, 'Diamond Tiara', '', NULL, false, '2016-03-06 06:03:33.719822+01', NULL, NULL),
(75, 16, 'Princess Cadance', 'Far legs use darker colors.
Forelock has an outline with a unique color (Short Forelock Outline).', NULL, false, '2016-03-06 16:21:47.689961+01', NULL, NULL),
(76, 79, 'Mayor Mare', '', NULL, false, '2016-03-07 01:23:19.786499+01', NULL, NULL),
(77, 27, 'Twist', 'Far legs use darker colors.', NULL, false, '2016-03-07 03:53:42.051112+01', NULL, NULL),
(78, 11, 'Babs Seed', '', 'd8rnkgc', false, '2016-03-12 07:47:50.907346+01', NULL, true),
(79, 75, 'Cheerilee', '', NULL, false, '2016-03-12 08:12:21.28273+01', NULL, NULL),
(80, 76, 'Dr. Hooves / Time Turner', '', NULL, false, '2016-03-12 16:38:44.973718+01', NULL, NULL),
(81, 32, 'Featherweight', 'Eyes don''t have iris highlights.', NULL, false, '2016-03-13 15:23:00.43058+01', NULL, NULL),
(82, 22, 'Lord Tirek (1st Form)', 'The nose ring uses the accessory highlight color as the fill.', NULL, false, '2016-03-20 12:16:44.670192+01', NULL, NULL),
(83, 23, 'Lord Tirek (2nd Form)', 'The nose ring uses the accessory highlight color as the fill.', NULL, false, '2016-03-20 13:26:53.906391+01', NULL, NULL),
(84, 24, 'Lord Tirek (3rd Form)', 'The nose ring uses the accessory highlight color as the fill.
The difference between the second and third forms are the body colors.', NULL, false, '2016-03-20 14:35:46.946257+01', NULL, NULL),
(85, 25, 'Lord Tirek (4th Form)', 'The nose ring uses the accessory highlight color as the fill.
The difference between the third and final forms are the body and shadow colors.', NULL, false, '2016-03-20 15:15:11.582008+01', NULL, NULL),
(86, 105, 'Scorpan''s Medallion', '', NULL, false, '2016-03-20 16:08:58.951886+01', NULL, NULL),
(87, 44, 'Rose', 'Far legs use darker colors.', 'd9zhguu', false, '2016-03-25 23:41:37.557224+01', NULL, true),
(88, 17, 'Princess Flurry Heart', '', NULL, false, '2016-03-28 04:08:29.923679+02', NULL, NULL),
(89, 45, 'Twilight Velvet', '', NULL, false, '2016-03-28 05:04:19.54759+02', NULL, NULL),
(91, 46, 'Night Light', '', NULL, false, '2016-03-28 05:10:24.723284+02', NULL, NULL),
(92, 57, 'Trenderhoof', 'Based on S4E13.
Far legs use darker colors. 
Only has one iris highlight.', NULL, false, '2016-03-28 11:13:12.736184+02', NULL, NULL),
(93, 36, 'Zipporwhill', 'Based on S4E14.
Far legs use darker colors. 
Only has one iris highlight.
Glasses don''t seem to have lenses.', NULL, false, '2016-03-28 12:19:48.604527+02', NULL, NULL),
(94, 106, 'Party Cannon', '', NULL, false, '2016-04-04 00:24:37.699874+02', NULL, NULL),
(95, 92, 'Street Rat', '', NULL, false, '2016-04-04 00:47:18.446764+02', NULL, NULL),
(96, 93, 'Copper Top', '', NULL, false, '2016-04-04 01:58:03.047005+02', NULL, NULL),
(97, 67, 'Bulk Biceps', '', NULL, false, '2016-04-08 05:33:44.359968+02', NULL, NULL),
(98, 37, 'Tender Taps', 'Far legs use darker colors.
On the Cutie Mark, the spotlight''s base is layered on top of the spotlight.', NULL, false, '2016-04-10 15:03:53.212811+02', NULL, NULL),
(99, 94, 'Hoofer Steps', '', NULL, false, '2016-04-11 03:44:22.791443+02', NULL, NULL),
(100, 62, 'Cloudchaser', '', NULL, false, '2016-04-12 11:08:07.863358+02', NULL, NULL),
(101, 64, 'Thunderlane', '', NULL, false, '2016-04-12 11:13:23.928986+02', NULL, NULL),
(102, 69, 'Thunderclap', '', NULL, false, '2016-04-12 11:16:34.823028+02', NULL, NULL),
(103, 63, 'Flitter', '', NULL, false, '2016-04-12 11:21:48.892267+02', NULL, NULL),
(104, 66, 'Twilight Sky', 'Based on S2E22.
Far legs use darker colors.
Does not have iris highlights.', NULL, false, '2016-04-12 12:09:35.98652+02', NULL, NULL),
(105, 110, 'Pony Tones Outfit', '', NULL, false, '2016-04-12 13:16:04.154183+02', NULL, NULL),
(106, 95, 'Toe Tapper', 'Far legs use darker colors.
Only has one eye shine and one iris highlight located in the top part of the iris.', NULL, false, '2016-04-14 00:34:43.797733+02', NULL, NULL),
(107, 96, 'Torch Song', 'Far legs use darker colors.', NULL, false, '2016-04-14 01:19:10.125737+02', NULL, NULL),
(108, 58, 'Minty Bubblegum', 'Shadow fill is a guess based on Lyra''s colors, as well as bottom eye gradient color.
Magic aura color is unknown.
On the Cutie Mark, the gumballs are layered above the glass.', 'd9yydnz', false, '2016-04-14 04:09:51.571119+02', NULL, false),
(109, 111, 'Zecora', 'Based on S4E14.', NULL, false, '2016-04-14 13:36:00.618867+02', NULL, NULL),
(110, 78, 'Octavia Melody', '', NULL, false, '2016-04-14 23:29:54.839394+02', NULL, NULL),
(111, 77, 'Sweetie Drops / Bon Bon', '', NULL, false, '2016-04-15 00:28:54.267643+02', NULL, NULL),
(112, 99, 'Gummy', 'In 3/4 view, the top line on his far eye uses the "Far Eye Top Line" color instead of the normal gradient.', NULL, false, '2016-04-16 01:36:38.459294+02', NULL, NULL),
(113, 112, 'Orange Frog', '', NULL, false, '2016-04-16 10:47:17.651278+02', NULL, NULL),
(114, 12, 'Cutie Mark Crusader Cape', 'Based on S3E4.', NULL, false, '2016-04-16 11:06:58.316031+02', NULL, NULL),
(115, 107, 'Fake Timberwolf', '', NULL, false, '2016-04-16 12:17:28.841557+02', NULL, NULL),
(116, 100, 'Winona', '', NULL, false, '2016-04-17 00:21:19.215671+02', NULL, NULL),
(117, 101, 'Owlowiscious', '', NULL, false, '2016-04-17 01:18:42.416125+02', NULL, NULL),
(118, 113, 'Princess Ember', 'For bottom stroke on wings use Outline Bottom Gradient (only apply gradient to wing "spokes").
Diamond-like scale coloring is inconsistent between some shots but there''s up to four different colors in use, darkening near tail.', NULL, false, '2016-04-17 16:11:54.678374+02', NULL, NULL),
(119, 102, 'Tank', 'Far Legs use darker colors.
In some scenes, Tank uses an alternate set of colors for the tongue.
For accurate goggle lenses: Group together the Fill (100% Normal blending) and the Highlights (75% Color Dodge blending) and set the group to 50% opacity.
For a less accurate version, group together the Fill and the Highlights (both 100% opacity, Normal blending) and set the group to 50% opacity.', NULL, false, '2016-04-17 16:21:24.581344+02', NULL, NULL),
(120, 103, 'Opalescence', '', NULL, false, '2016-04-19 01:38:33.592805+02', NULL, NULL),
(121, 97, 'Braeburn', '', 'd9zls6n', false, '2016-04-19 16:48:33.321315+02', NULL, true),
(122, 114, 'Pig (Peach Skin)', '', NULL, false, '2016-04-20 15:38:25.304409+02', NULL, NULL),
(123, 115, 'Pig (Pink Skin)', 'Muddy Nostril color unknown', NULL, false, '2016-04-20 16:21:01.680143+02', NULL, NULL),
(124, 116, 'Pig (Dark Skin)', 'Muddy Nostril color unknown', NULL, false, '2016-04-20 17:29:20.143035+02', NULL, NULL),
(125, 26, 'Garble', '', NULL, false, '2016-04-21 07:40:41.421703+02', NULL, NULL);


--
-- Name: appearances_id_seq; Type: SEQUENCE SET; Schema: public; Owner: mlpvc-rr
--

SELECT pg_catalog.setval('appearances_id_seq', 125, true);


--
-- Data for Name: colorgroups; Type: TABLE DATA; Schema: public; Owner: mlpvc-rr
--

INSERT INTO colorgroups VALUES
(17, 1, 'Coat', 0),
(18, 1, 'Mane & Tail', 0),
(19, 1, 'Iris', 0),
(20, 1, 'Cutie Mark', 0),
(21, 1, 'Magic', 0),
(22, 11, 'Coat', 0),
(23, 11, 'Mane & Tail', 0),
(24, 11, 'Iris', 0),
(25, 11, 'Cutie Mark', 0),
(26, 12, 'Coat', 0),
(27, 12, 'Mane & Tail', 1),
(28, 12, 'Iris', 2),
(29, 12, 'Magic', 4),
(30, 12, 'Cutie Mark', 3),
(35, 13, 'Coat', 0),
(36, 13, 'Mane & Tail', 1),
(37, 13, 'Iris ', 2),
(38, 13, 'Cutie Mark', 3),
(39, 13, 'Magic', 4),
(40, 14, 'Coat', 0),
(41, 14, 'Mane & Tail', 1),
(42, 14, 'Iris', 2),
(43, 14, 'Cutie Mark', 3),
(44, 14, 'Bandana', 6),
(45, 14, 'Magic', 4),
(46, 14, 'Glasses', 5),
(47, 15, 'Coat', 0),
(48, 15, 'Mane & Tail', 1),
(49, 15, 'Iris', 2),
(51, 15, 'Dress', 4),
(52, 15, 'Saddle', 5),
(53, 15, 'Magic', 3),
(54, 2, 'Coat', 0),
(55, 2, 'Mane & Tail', 1),
(56, 2, 'Iris', 2),
(57, 2, 'Cutie Mark', 3),
(58, 2, 'Hat & Hair Tie', 4),
(59, 4, 'Coat', 0),
(60, 4, 'Mane & Tail', 1),
(61, 4, 'Iris', 2),
(62, 4, 'Cutie Mark', 3),
(63, 3, 'Coat', 0),
(64, 3, 'Mane & Tail', 1),
(65, 3, 'Iris', 2),
(66, 3, 'Cutie Mark', 3),
(67, 5, 'Coat', 0),
(68, 5, 'Mane & Tail', 1),
(69, 5, 'Iris', 2),
(70, 5, 'Cutie Mark', 3),
(71, 6, 'Coat', 0),
(72, 6, 'Mane & Tail', 1),
(73, 6, 'Iris', 2),
(74, 6, 'Cutie Mark', 3),
(75, 7, 'Body', 0),
(76, 7, 'Spikes', 1),
(77, 7, 'Iris', 3),
(78, 7, 'Ears', 2),
(79, 7, 'Mouth', 0),
(80, 6, 'Magic', 4),
(81, 10, 'Coat', 0),
(82, 10, 'Mane & Tail', 0),
(83, 10, 'Iris', 0),
(84, 10, 'Cutie Mark', 0),
(85, 16, 'Coat', 0),
(86, 16, 'Mane & Tail', 1),
(87, 16, 'Iris', 2),
(88, 16, 'Cutie Mark', 3),
(89, 17, 'Coat', 0),
(90, 17, 'Mane & Tail', 1),
(91, 17, 'Iris', 2),
(92, 17, 'Cutie Mark', 3),
(93, 18, 'Coat', 0),
(94, 18, 'Mane & Tail', 1),
(95, 18, 'Iris', 2),
(96, 18, 'Cutie Mark', 3),
(97, 18, 'Wrap', 4),
(98, 19, 'Coat', 0),
(99, 19, 'Mane & Tail', 1),
(100, 19, 'Iris', 2),
(101, 19, 'Cutie Mark', 3),
(102, 20, 'Coat', 0),
(103, 20, 'Mane & Tail', 1),
(104, 20, 'Iris', 2),
(105, 20, 'Cutie Mark', 3),
(106, 20, 'Earrings/Necklace', 5),
(107, 20, 'Sweater', 4),
(108, 21, 'Coat', 0),
(109, 21, 'Mane & Tail', 1),
(110, 21, 'Iris', 2),
(111, 21, 'Cutie Mark', 3),
(112, 21, 'Jacket', 5),
(113, 21, 'Scarf', 6),
(114, 21, 'Badge', 7),
(115, 21, 'Teeth', 4),
(116, 22, 'Coat', 0),
(117, 22, 'Mane & Tail', 1),
(118, 22, 'Iris', 2),
(119, 22, 'Cutie Mark', 3),
(120, 22, 'Magic', 4),
(121, 22, 'Hair Tie', 5),
(122, 23, 'Coat', 0),
(123, 23, 'Mane & Tail', 1),
(124, 23, 'Iris', 2),
(126, 24, 'Coat', 0),
(127, 24, 'Mane & Tail', 1),
(128, 24, 'Iris', 2),
(130, 23, 'Bow', 4),
(131, 25, 'Coat', 0),
(132, 25, 'Mane & Tail', 1),
(133, 25, 'Iris', 2),
(135, 26, 'Coat', 0),
(136, 26, 'Mane & Tail', 1),
(137, 26, 'Iris', 2),
(138, 26, 'Cutie Mark', 3),
(139, 27, 'Coat', 0),
(140, 27, 'Mane & Tail', 1),
(141, 27, 'Iris', 2),
(142, 27, 'Cutie Mark', 3),
(143, 27, 'Scarf', 4),
(144, 28, 'Coat', 0),
(145, 28, 'Mane & Tail', 1),
(146, 28, 'Iris', 2),
(147, 28, 'Cutie Mark', 3),
(164, 29, 'Coat', 0),
(165, 29, 'Mane & Tail', 1),
(166, 29, 'Iris', 2),
(167, 29, 'Cutie Mark', 3),
(168, 29, 'Magic', 5),
(169, 30, 'Coat', 0),
(170, 30, 'Mane & Tail', 1),
(171, 30, 'Iris', 2),
(172, 30, 'Cutie Mark', 3),
(173, 30, 'Neckpiece', 4),
(174, 30, 'Flower', 5),
(175, 9, 'Coat', 0),
(176, 9, 'Mane & Tail', 1),
(177, 9, 'Shoes', 6),
(178, 9, 'Regalia', 5),
(179, 9, 'Cutie Mark', 3),
(180, 9, 'Iris', 2),
(182, 31, 'Coat', 0),
(183, 31, 'Mane & Tail', 1),
(184, 31, 'Iris', 2),
(185, 31, 'Cutie Mark', 3),
(186, 31, 'Scarf', 4),
(187, 31, 'Headband', 5),
(188, 17, 'Magic', 4),
(189, 10, 'Magic ', 0),
(190, 16, 'Magic', 4),
(191, 32, 'Coat', 0),
(192, 32, 'Mane & Tail', 1),
(193, 32, 'Iris', 2),
(194, 32, 'Cutie Mark', 3),
(195, 32, 'Hat & Cloak', 4),
(196, 32, 'Gem', 5),
(197, 32, 'Magic', 6),
(198, 33, 'Head', 0),
(199, 33, 'Body', 1),
(200, 33, 'Wings', 2),
(201, 33, 'Gem', 4),
(202, 33, 'Wearer Changes', 5),
(203, 33, 'Straps', 3),
(204, 34, 'Coat', 0),
(205, 34, 'Mane & Tail', 1),
(206, 34, 'Iris', 2),
(207, 34, 'Cutie Mark', 3),
(208, 34, 'Magic', 4),
(209, 34, 'Regalia', 5),
(210, 34, 'Shoes', 6),
(211, 35, 'Coat', 0),
(212, 35, 'Mane & Tail', 2),
(213, 35, 'Iris', 3),
(214, 35, 'Freckles', 4),
(215, 35, 'Yoke', 5),
(216, 35, 'Cutie Mark', 6),
(217, 36, 'Coat', 0),
(218, 36, 'Mane & Tail', 1),
(219, 36, 'Iris', 2),
(220, 36, 'Cutie Mark', 3),
(221, 36, 'Sweater', 6),
(222, 36, 'Sweater Buttons / Hair Beads', 7),
(223, 36, 'Glasses', 5),
(224, 36, 'Magic', 4),
(225, 37, 'Coat', 0),
(226, 37, 'Mane & Tail', 1),
(227, 37, 'Iris', 2),
(229, 38, 'Coat', 0),
(230, 38, 'Mane & Tail', 1),
(231, 38, 'Iris', 2),
(233, 23, 'Cutie Mark', 3),
(234, 39, 'Coat', 0),
(235, 39, 'Mane & Tail', 1),
(236, 39, 'Iris', 2),
(238, 39, 'Beanie', 3),
(240, 40, 'Coat', 0),
(241, 40, 'Mane & Tail', 1),
(242, 40, 'Iris', 2),
(243, 40, 'Cutie Mark', 3),
(244, 24, 'Cutie Mark', 3),
(245, 25, 'Cutie Mark', 3),
(246, 25, 'Magic', 4),
(257, 44, 'Coat', 0),
(258, 44, 'Mane & Tail', 2),
(259, 44, 'Eye', 3),
(260, 44, 'Cutie Mark', 4),
(261, 44, 'Magic', 5),
(262, 45, 'Coat', 0),
(263, 45, 'Mane & Tail', 1),
(264, 45, 'Iris', 2),
(265, 45, 'Cutie Mark', 3),
(266, 45, 'Magic', 4),
(267, 46, 'Coat', 0),
(268, 46, 'Mane & Tail', 1),
(269, 46, 'Iris', 2),
(270, 46, 'Cutie Mark', 3),
(271, 46, 'Shirt', 4),
(272, 46, 'Glasses', 5),
(281, 50, 'Coat', 0),
(282, 50, 'Mane & Tail', 1),
(283, 50, 'Iris', 2),
(284, 50, 'Cutie Mark', 3),
(285, 51, 'Coat', 0),
(286, 51, 'Mane & Tail', 1),
(287, 51, 'Iris', 2),
(288, 51, 'Cutie Mark', 3),
(289, 52, 'Coat', 0),
(290, 52, 'Mane & Tail', 1),
(291, 52, 'Iris', 2),
(292, 52, 'Dress', 4),
(293, 53, 'Coat', 0),
(294, 53, 'Mane & Tail', 1),
(295, 53, 'Iris', 2),
(296, 53, 'Cutie Mark', 3),
(297, 53, 'Hat & Tie/Collar', 4),
(298, 54, 'Coat', 0),
(299, 54, 'Mane & Tail', 1),
(300, 54, 'Iris', 2),
(301, 54, 'Cutie Mark', 3),
(302, 54, 'Glasses', 4),
(303, 54, 'Neckpiece', 5),
(304, 52, 'Boulder', 5),
(305, 52, 'Cutie Mark', 3),
(306, 55, 'Coat', 0),
(307, 55, 'Mane & Tail', 1),
(308, 55, 'Iris', 2),
(309, 55, 'Cutie Mark', 3),
(310, 56, 'Coat', 0),
(311, 56, 'Mane & Tail', 1),
(312, 56, 'Iris', 2),
(313, 56, 'Cutie Mark', 3),
(314, 57, 'Head', 1),
(315, 57, 'Fang', 2),
(316, 57, 'Eyes', 3),
(317, 57, 'Horns', 4),
(318, 57, 'Body', 5),
(319, 57, 'Arms', 6),
(320, 57, 'Wings', 7),
(321, 57, 'Tail', 8),
(322, 57, 'Legs', 9),
(323, 58, 'Coat', 0),
(324, 58, 'Mane & Tail', 1),
(325, 58, 'Iris', 2),
(326, 58, 'Cutie Mark', 3),
(327, 58, 'Kerchief', 4),
(328, 59, 'Coat', 0),
(329, 59, 'Mane & Tail', 1),
(330, 59, 'Iris', 2),
(331, 59, 'Cutie Mark', 3),
(332, 60, 'Coat', 0),
(333, 60, 'Mane & Tail', 1),
(334, 60, 'Iris', 2),
(335, 60, 'Cutie Mark', 3),
(336, 60, 'Jacket', 4),
(337, 60, 'Shirt', 5),
(338, 60, 'Collar & Hoof Bands', 6),
(339, 60, 'Veil', 7),
(340, 61, 'Coat', 0),
(341, 61, 'Mane & Tail', 1),
(342, 61, 'Iris', 2),
(344, 61, 'Glasses', 3),
(345, 61, 'Suit', 4),
(346, 61, 'Shirt', 5),
(347, 61, 'Tie', 6),
(348, 61, 'Vest', 7),
(349, 61, 'Tail band', 8),
(350, 62, 'Coat', 0),
(351, 62, 'Mane & Tail', 1),
(352, 62, 'Iris', 2),
(353, 62, 'Cutie Mark', 3),
(354, 0, 'Teeth & Mouth', 1),
(355, 63, 'Skin', 1),
(356, 63, 'Hair', 2),
(357, 63, 'Shirt', 3),
(358, 63, 'Jacket', 4),
(359, 63, 'Skirt', 5),
(360, 63, 'Boots', 6),
(361, 63, 'Eyes', 7),
(362, 63, 'Cutie Mark', 8),
(363, 29, 'Cutie Mark (Equalized)', 4),
(364, 29, 'Hairbands (as filly)', 6),
(365, 64, 'Body', 1),
(366, 64, 'Eyes', 2),
(367, 64, 'Nose & Whiskers', 3),
(368, 65, 'Coat', 0),
(369, 65, 'Mane & Tail', 1),
(370, 65, 'Iris', 2),
(371, 65, 'Cutie Mark', 3),
(372, 66, 'Coat', 0),
(373, 66, 'Mane & Tail', 1),
(374, 66, 'Iris', 2),
(376, 67, 'Coat', 0),
(377, 67, 'Mane & Tail', 1),
(378, 67, 'Iris', 2),
(379, 67, 'Glasses', 4),
(380, 67, 'Necklace', 5),
(381, 68, 'Mane & Tail', 1),
(382, 68, 'Coat', 0),
(383, 68, 'Iris', 2),
(384, 68, 'Cutie Mark', 3),
(385, 9, 'Magic', 4),
(386, 0, 'Eye', 2),
(387, 0, 'Tears', 3),
(388, 35, 'Hooves', 1),
(389, 69, 'Coat', 0),
(390, 69, 'Mane & Tail', 1),
(391, 69, 'Iris', 2),
(392, 69, 'Cutie Mark', 3),
(393, 69, 'Magic', 4),
(396, 69, 'Glasses', 5),
(397, 69, 'Headphones', 6),
(398, 70, 'Costume', 0),
(400, 70, 'Goggles', 2),
(402, 71, 'Costume', 0),
(404, 71, 'Goggles', 2),
(406, 44, 'Hooves', 1),
(407, 72, 'Coat', 0),
(408, 72, 'Mane & Tail', 1),
(409, 72, 'Iris', 2),
(410, 72, 'Cutie Mark', 3),
(411, 73, 'Coat', 0),
(412, 73, 'Mane & Tail', 1),
(413, 73, 'Iris', 2),
(414, 73, 'Cutie Mark', 3),
(415, 67, 'Cutie Mark', 3),
(416, 74, 'Coat', 0),
(417, 74, 'Mane & Tail', 1),
(418, 74, 'Iris', 2),
(419, 74, 'Cutie Mark', 3),
(420, 74, 'Tiara', 4),
(421, 75, 'Coat', 0),
(422, 75, 'Mane & Tail', 1),
(423, 75, 'Iris', 2),
(424, 75, 'Cutie Mark', 3),
(425, 75, 'Regalia', 5),
(426, 76, 'Coat', 0),
(427, 76, 'Mane & Tail', 1),
(428, 76, 'Iris', 2),
(429, 76, 'Cutie Mark', 3),
(430, 76, 'Collar', 4),
(431, 76, 'Glasses', 5),
(432, 75, 'Magic', 4),
(433, 77, 'Coat', 0),
(434, 77, 'Mane & Tail', 1),
(435, 77, 'Iris', 2),
(436, 77, 'Cutie Mark', 3),
(437, 77, 'Glasses', 4),
(438, 78, 'Coat', 0),
(439, 78, 'Mane & Tail', 1),
(440, 78, 'Iris', 2),
(441, 78, 'Cutie Mark', 3),
(442, 79, 'Coat', 0),
(443, 79, 'Mane & Tail', 1),
(444, 79, 'Iris', 2),
(445, 79, 'Cutie Mark', 3),
(446, 80, 'Coat', 0),
(447, 80, 'Mane & Tail', 1),
(448, 80, 'Iris', 2),
(449, 80, 'Cutie Mark', 3),
(450, 80, 'Bow Tie', 4),
(451, 81, 'Coat', 0),
(452, 81, 'Mane & Tail', 1),
(453, 81, 'Iris', 2),
(454, 81, 'Cutie Mark', 3),
(455, 82, 'Equine Body', 1),
(456, 82, 'Hair & Tail', 2),
(457, 82, 'Eyes', 3),
(459, 82, 'Cloak', 5),
(460, 82, 'Accessories', 4),
(465, 82, 'Humanoid Body', 0),
(467, 83, 'Hair & Tail', 2),
(468, 83, 'Eyes', 3),
(469, 83, 'Accessories', 4),
(470, 83, 'Equine Body', 1),
(471, 83, 'Humanoid Body', 0),
(472, 84, 'Hair & Tail', 2),
(473, 84, 'Accessories', 4),
(474, 84, 'Eyes', 3),
(475, 84, 'Humanoid Body', 0),
(476, 84, 'Equine Body', 1),
(477, 85, 'Humanoid Body', 0),
(478, 85, 'Eyes', 3),
(479, 85, 'Accessories', 4),
(480, 85, 'Hair & Tail', 2),
(481, 85, 'Equine Body', 1),
(482, 86, 'Medallion', 1),
(483, 86, 'Necklace', 2),
(484, 87, 'Coat', 0),
(485, 87, 'Mane & Tail', 1),
(486, 87, 'Iris', 2),
(487, 87, 'Cutie Mark', 3),
(488, 88, 'Coat', 0),
(489, 88, 'Mane & Tail', 1),
(490, 88, 'Iris', 2),
(492, 88, 'Diaper', 3),
(493, 62, 'Glasses', 4),
(494, 62, 'Cloak', 5),
(495, 62, 'Magic', 6),
(496, 89, 'Coat', 0),
(497, 89, 'Mane & Tail', 1),
(498, 89, 'Iris', 2),
(499, 89, 'Cutie Mark', 3),
(500, 91, 'Coat', 0),
(501, 91, 'Mane & Tail', 1),
(502, 91, 'Iris', 2),
(503, 91, 'Cutie Mark', 3),
(504, 92, 'Coat', 0),
(505, 92, 'Mane & Tail', 1),
(506, 92, 'Iris', 2),
(507, 92, 'Cutie Mark', 3),
(508, 92, 'Magic', 4),
(509, 92, 'Hipster Glasses', 5),
(510, 92, 'Hipster Sweater', 6),
(511, 93, 'Coat', 0),
(512, 93, 'Mane & Tail', 1),
(513, 93, 'Iris', 2),
(514, 93, 'Cutie Mark', 3),
(515, 93, 'Glasses', 4),
(516, 93, 'Tiara', 5),
(517, 94, 'Barrel', 1),
(518, 94, 'Fuse', 2),
(519, 94, 'Wheels', 3),
(520, 95, 'Coat', 0),
(521, 95, 'Mane & Tail', 1),
(522, 95, 'Iris', 2),
(523, 95, 'Cutie Mark', 3),
(524, 95, 'Mouth', 4),
(525, 95, 'Shirt', 5),
(526, 95, 'Belt', 6),
(527, 95, 'Medallion', 7),
(528, 95, 'Earring', 8),
(529, 96, 'Coat', 0),
(530, 96, 'Mane & Tail', 1),
(531, 96, 'Iris', 2),
(532, 96, 'Cutie Mark', 3),
(533, 96, 'Shirt', 4),
(534, 96, 'Hat', 5),
(535, 96, 'Sunglasses', 6),
(536, 97, 'Coat', 0),
(537, 97, 'Mane & Tail', 1),
(538, 97, 'Iris', 2),
(539, 97, 'Cutie Mark', 3),
(540, 97, 'Mouth', 4),
(541, 97, 'Earring', 5),
(542, 98, 'Coat', 0),
(543, 98, 'Mane & Tail', 1),
(544, 98, 'Iris', 2),
(545, 98, 'Cutie Mark', 3),
(546, 99, 'Coat', 0),
(547, 99, 'Mane & Tail', 1),
(548, 99, 'Iris', 2),
(549, 99, 'Cutie Mark', 3),
(550, 99, 'Outfit', 4),
(551, 100, 'Coat', 0),
(552, 100, 'Mane & Tail', 1),
(553, 100, 'Iris', 2),
(554, 100, 'Cutie Mark', 3),
(555, 101, 'Coat', 0),
(556, 101, 'Mane & Tail', 1),
(557, 101, 'Iris', 2),
(558, 101, 'Cutie Mark', 3),
(559, 102, 'Coat', 0),
(560, 102, 'Mane & Tail', 1),
(561, 102, 'Iris', 2),
(562, 102, 'Cutie Mark', 3),
(563, 102, 'Bands', 4),
(564, 103, 'Coat', 0),
(565, 103, 'Mane & Tail', 1),
(566, 103, 'Iris', 3),
(567, 103, 'Cutie Mark', 4),
(568, 103, 'Bow', 2),
(569, 104, 'Coat', 0),
(570, 104, 'Mane & Tail', 1),
(571, 104, 'Iris', 2),
(572, 104, 'Cutie Mark', 3),
(573, 105, 'Shirt', 1),
(574, 106, 'Coat', 0),
(575, 106, 'Mane & Tail', 1),
(576, 106, 'Iris', 2),
(577, 106, 'Cutie Mark', 3),
(578, 107, 'Coat', 0),
(579, 107, 'Mane & Tail', 1),
(580, 107, 'Iris', 2),
(581, 107, 'Cutie Mark', 3),
(582, 108, 'Coat', 0),
(583, 108, 'Mane & Tail', 1),
(584, 108, 'Iris', 2),
(585, 108, 'Cutie Mark', 3),
(586, 109, 'Coat', 0),
(587, 109, 'Mane & Tail', 1),
(588, 109, 'Iris', 2),
(589, 109, 'Jewellery', 3),
(590, 110, 'Coat', 0),
(591, 110, 'Mane & Tail', 1),
(592, 110, 'Iris', 2),
(593, 110, 'Cutie Mark', 3),
(594, 110, 'Collar', 4),
(595, 111, 'Coat', 0),
(596, 111, 'Mane & Tail', 1),
(597, 111, 'Iris', 2),
(598, 111, 'Cutie Mark', 3),
(599, 108, 'Bubblegum ', 4),
(600, 112, 'Body', 1),
(601, 112, 'Eyes', 2),
(602, 112, 'Mouth', 3),
(603, 64, 'Mouth', 4),
(604, 113, 'Body', 0),
(605, 113, 'Legs', 2),
(606, 114, 'Cape', 1),
(607, 114, 'Patch', 2),
(608, 115, 'Head Log', 1),
(609, 115, 'Head Details', 2),
(610, 115, 'Body Log', 3),
(611, 115, 'Leg Logs', 4),
(612, 115, 'Tail', 5),
(613, 116, 'Body', 1),
(614, 116, 'Face', 2),
(615, 116, 'Mouth', 3),
(616, 116, 'Collar', 4),
(617, 117, 'Body', 1),
(618, 117, 'Face', 2),
(619, 105, 'Bowtie', 2),
(620, 105, 'Trim', 3),
(621, 113, 'Leaves', 1),
(622, 119, 'Body', 1),
(623, 119, 'Carapace', 2),
(624, 119, 'Plastron', 3),
(625, 119, 'Mouth', 4),
(626, 119, 'Goggles', 5),
(627, 119, 'Copter', 6),
(628, 118, 'Body', 1),
(629, 118, 'Wings', 2),
(630, 118, 'Spines, Tail and Horns', 3),
(631, 118, 'Eyes', 4),
(632, 118, 'Mouth', 5),
(633, 120, 'Body', 1),
(634, 120, 'Face', 2),
(635, 120, 'Mouth', 3),
(636, 120, 'Bow', 4),
(637, 120, 'Collar', 5),
(638, 121, 'Coat', 0),
(639, 121, 'Mane & Tail', 1),
(640, 121, 'Iris', 2),
(641, 121, 'Cutie Mark', 3),
(643, 121, 'Shoulder Clothing', 4),
(644, 121, 'Hat', 5),
(645, 122, 'Body', 1),
(646, 122, 'Eyes', 2),
(647, 122, 'Snout', 3),
(648, 123, 'Body', 1),
(649, 123, 'Eyes', 2),
(650, 123, 'Snout', 3),
(651, 122, 'Mud', 4),
(652, 123, 'Mud', 4),
(653, 124, 'Body', 1),
(654, 124, 'Eyes', 2),
(655, 124, 'Snout', 3),
(656, 124, 'Mud', 4),
(657, 125, 'Body', 1),
(658, 125, 'Eyes and Face', 2);


--
-- Name: colorgroups_groupid_seq; Type: SEQUENCE SET; Schema: public; Owner: mlpvc-rr
--

SELECT pg_catalog.setval('colorgroups_groupid_seq', 658, true);


--
-- Data for Name: colors; Type: TABLE DATA; Schema: public; Owner: mlpvc-rr
--

INSERT INTO colors VALUES
(17, 0, 'Outline', '#A46BBD'),
(17, 1, 'Fill', '#CC9CDF'),
(17, 2, 'Shadow Outline', '#9156A9'),
(17, 3, 'Shadow Fill', '#BF89D1'),
(18, 0, 'Outline', '#132248'),
(18, 1, 'Fill', '#243870'),
(18, 2, 'Stripe 1', '#652D87'),
(18, 3, 'Stripe 2', '#EA428B'),
(19, 0, 'Gradient Top', '#1E093C'),
(19, 1, 'Gradient Bottom', '#662F89'),
(19, 2, 'Highlight Top', '#8D5DA4'),
(19, 3, 'Highlight Bottom', '#CCB2D3'),
(20, 0, 'Large Star', '#EA428B'),
(20, 1, 'Small Stars', '#FFFFFF'),
(21, 0, 'Aura', '#EA428B'),
(22, 0, 'Outline', '#7F859F'),
(22, 1, 'Fill', '#B5BBC7'),
(22, 2, 'Shadow Fill', '#ADB1BE'),
(23, 0, 'Outline', '#D6CD6B'),
(23, 1, 'Fill', '#E7E6A7'),
(24, 0, 'Gradient Top', '#D1973D'),
(24, 1, 'Gradient Bottom/Highlight Top', '#D9E985'),
(24, 2, 'Highlight Bottom', '#E1EBB0'),
(25, 0, 'Bubble', '#CECEEA'),
(25, 1, 'Bubble Highlight', '#D5E9F0'),
(26, 0, 'Outline', '#3EA679'),
(26, 1, 'Fill', '#8DEBCD'),
(26, 2, 'Shadow Fill', '#6ACDA9'),
(27, 0, 'Outline 1', '#7AD9D7'),
(27, 1, 'Outline 2', '#55C1C1'),
(27, 2, 'Fill 1', '#EBEBEB'),
(27, 3, 'Fill 2', '#A5D7D7'),
(28, 0, 'Gradient Top', '#D56315'),
(28, 1, 'Gradient Bottom', '#E3C752'),
(28, 2, 'Highlight Top', '#EAEA6B'),
(28, 3, 'Highlight Bottom', '#ECECCF'),
(29, 0, 'Aura', '#C49159'),
(30, 0, 'Outline', '#AF821A'),
(30, 1, 'Fill', '#E1B046'),
(30, 2, 'Highlight', '#F2D297'),
(30, 3, 'Strings', '#50B18C'),
(35, 0, 'Outline', '#81CFBD'),
(35, 1, 'Fill', '#A1FFE9'),
(35, 2, 'Shadow Fill', '#90E4D0'),
(36, 0, 'Outline', '#80D940'),
(36, 1, 'Fill', '#D6FF58'),
(37, 0, 'Gradient Top', '#A84E0D'),
(37, 1, 'Gradient Bottom', '#EE8B2D'),
(37, 2, 'Highlight Top', '#F2AA75'),
(37, 3, 'Highlight Bottom', '#F5B98D'),
(37, 4, 'Sclera', '#F9FFCB'),
(38, 0, 'Main Star Fills', '#FFFFFF'),
(38, 1, 'Small Star Fills', '#D78F4F'),
(38, 2, 'Head Outline', '#76C1AD'),
(38, 3, 'Head Fill', '#BEFFF0'),
(38, 4, 'Head Shadow', '#92DECF'),
(38, 5, 'Mane Outline', '#80D940'),
(38, 6, 'Mane Fill', '#D6FF58'),
(38, 7, 'Eyeball Fill', '#F8FCC6'),
(38, 8, 'Iris (no gradient)', '#DF8C37'),
(39, 0, 'Aura', '#E69A44'),
(40, 0, 'Outline', '#1D4555'),
(40, 1, 'Fill', '#2F7A98'),
(40, 2, 'Shadow Outline', '#203A45'),
(40, 3, 'Shadow Fill', '#2D5B6C'),
(41, 0, 'Outline', '#5E5A5A'),
(41, 1, 'Fill 1', '#B0B0B0'),
(41, 2, 'Fill 2', '#797979'),
(42, 0, 'Gradient Top', '#2F8CB0'),
(42, 1, 'Gradient Bottom', '#ADD7E6'),
(43, 0, 'Stars', '#EED255'),
(44, 0, 'Outline', '#9F1D3A'),
(44, 1, 'Main Fill', '#D44350'),
(44, 2, 'Thick Stripe', '#B1374F'),
(44, 3, 'Thin Stripe', '#E49355'),
(45, 0, 'Aura', '#F7DF53'),
(46, 0, 'Frame Outline', '#919DA4'),
(46, 1, 'Frame Fill', '#FFFFFF'),
(46, 2, 'Lens Top (85% Opacity)', '#260F1C'),
(46, 3, 'Lens Bottom (85% Opacity)', '#C06588'),
(47, 0, 'Main Outline', '#4596B0'),
(47, 1, 'Inside Outlines (Ear, Horn)', '#57ACD4'),
(47, 2, 'Fill', '#B1EAFF'),
(48, 0, 'Outline', '#A3413E'),
(48, 1, 'Main Outer Fill', '#EB7F51'),
(48, 2, 'Outer Fill 1', '#E9D271'),
(48, 3, 'Outer Fill 2', '#FFAC89'),
(48, 4, 'Outer Fill 3 (at front)', '#EA5E5E'),
(48, 5, 'Inside Outline Stroke', '#95346D'),
(48, 6, 'Inside Fill Gradient Top', '#CE53B9'),
(48, 7, 'Inside Fill Gradient Bottom', '#88387D'),
(48, 8, 'Inside Fill Line', '#75326F'),
(49, 0, 'Gradient Top', '#F5973C'),
(49, 1, 'Gradient Bottom', '#F5B27D'),
(49, 2, 'Highlight Top', '#FADBAB'),
(49, 3, 'Highlight Bottom', '#FBEDD4'),
(49, 4, 'Eyeshadow', '#564C9A'),
(51, 0, 'Outline', '#1E1A24'),
(51, 1, 'Fill 1', '#5D4D68'),
(51, 2, 'Fill 2', '#3B2D45'),
(51, 3, 'Stud Fill 1', '#FFFFCB'),
(51, 4, 'Stud Fill 2', '#F4D05B'),
(52, 0, 'Outline', '#E8AD34'),
(52, 1, 'Fill 1', '#F5CF5D'),
(52, 2, 'Fill 2', '#F9E457'),
(52, 3, 'Fill 3', '#FAE356'),
(52, 4, 'Seat fill', '#FFFBAA'),
(52, 5, 'Seat Decoration Fill 1', '#8F35B4'),
(52, 6, 'Seat Decoration Fill 2', '#AC5DCB'),
(52, 7, 'Stud Fill 1', '#FFFFCB'),
(52, 8, 'Stud Fill 2', '#F4D05B'),
(53, 0, 'Aura', '#F6EF95'),
(54, 0, 'Outline', '#EF6F2F'),
(54, 1, 'Fill', '#FABA62'),
(54, 2, 'Shadow Fill', '#F0AA52'),
(54, 3, 'Freckles', '#FFFFFF'),
(55, 0, 'Outline', '#E7D462'),
(55, 1, 'Fill', '#FAF5AB'),
(56, 0, 'Gradient Top', '#287916'),
(56, 1, 'Gradient Bottom', '#61BA4E'),
(56, 2, 'Highlight Top', '#78D863'),
(56, 3, 'Highlight Bottom', '#CAECC4'),
(57, 0, 'Apples', '#EC3F41'),
(57, 1, 'Leaves', '#6BB944'),
(58, 0, 'Outline', '#B2884D'),
(58, 1, 'Fill', '#CA9A56'),
(58, 2, 'Hair Tie', '#EC3F41'),
(59, 0, 'Outline', '#E880B0'),
(59, 1, 'Fill', '#F5B7D0'),
(59, 2, 'Shadow Outline', '#DD6FA4'),
(59, 3, 'Shadow Fill', '#E89CBF'),
(60, 0, 'Outline', '#BB1C76'),
(60, 1, 'Fill', '#EB458B'),
(61, 0, 'Gradient Top', '#196E91'),
(61, 1, 'Gradient Bottom', '#7DD0F1'),
(61, 2, 'Highlight Top', '#9CDCF4'),
(61, 3, 'Highlight Bottom', '#DCF3FD'),
(62, 0, 'Fill 1', '#7ED0F2'),
(62, 1, 'Fill 2', '#FAF5AB'),
(63, 0, 'Outline', '#E9D461'),
(63, 1, 'Fill', '#FAF5AB'),
(63, 2, 'Shadow Fill', '#F3E488'),
(64, 0, 'Outline', '#E581B1'),
(64, 1, 'Fill', '#F3B5CF'),
(65, 0, 'Gradient Top', '#02534D'),
(65, 1, 'Gradient Bottom', '#02ACA4'),
(65, 2, 'Highlight Top', '#3CBEB7'),
(65, 3, 'Highlight Bottom', '#84D2D4'),
(66, 0, 'Wings', '#F3B5CF'),
(66, 1, 'Body', '#69C8C3'),
(67, 0, 'Outline', '#6BABDA'),
(67, 1, 'Fill', '#9BDBF5'),
(67, 2, 'Shadow Fill', '#88C4E9'),
(68, 0, 'Outline/Fill 1', '#1B98D1'),
(68, 1, 'Fill 2', '#EC4141'),
(68, 2, 'Fill 3', '#EF7135'),
(68, 3, 'Fill 4', '#FAF5AB'),
(68, 4, 'Fill 5', '#5FBB4E'),
(68, 5, 'Fill 6', '#632E86'),
(69, 0, 'Gradient Top', '#580D36'),
(69, 1, 'Gradient Bottom', '#BC1D75'),
(69, 2, 'Highlight Top', '#D9539D'),
(69, 3, 'Highlight Bottom', '#FCB6DF'),
(70, 0, 'Cloud Outline/Blue Streak', '#1B98D1'),
(70, 1, 'Cloud Fill', '#FFFFFF'),
(70, 2, 'Red Streak', '#EC4141'),
(70, 3, 'Yellow Streak', '#FDE85F'),
(71, 0, 'Outline', '#BDC1C2'),
(71, 1, 'Fill', '#EAEEF0'),
(71, 2, 'Shadow Fill', '#DFE4E3'),
(72, 0, 'Outline/Gradient Dark Fill', '#4A1767'),
(72, 1, 'Gradient Light Fill', '#794897'),
(72, 2, 'Fill', '#5E50A0'),
(73, 0, 'Gradient Top', '#20476B'),
(73, 1, 'Gradient Bottom', '#3977B8'),
(73, 2, 'Highlight Top', '#5693CF'),
(73, 3, 'Highlight Bottom', '#76ADE5'),
(73, 4, 'Eyeshadow', '#B8E1F0'),
(74, 0, 'Outline', '#2696CB'),
(74, 1, 'Fill', '#7DD1F5'),
(75, 0, 'Purple Outline', '#985E9F'),
(75, 1, 'Purple Fill', '#C290C6'),
(75, 2, 'Green Outline', '#96CE7D'),
(75, 3, 'Green Fill', '#D5EBAD'),
(75, 4, 'Soles', '#AF72B6'),
(76, 0, 'Outline', '#2E992E'),
(76, 1, 'Fill', '#50C356'),
(77, 0, 'Gradient Top', '#277915'),
(77, 1, 'Gradient Bottom', '#5EBA4A'),
(77, 2, 'Highlight Top', '#77D963'),
(77, 3, 'Highlight Bottom', '#CAECC3'),
(78, 0, 'Outline', '#DCF188'),
(78, 1, 'Fill', '#AFD95E'),
(79, 0, 'Teeth', '#94B5B3'),
(79, 1, 'Tongue', '#F997C8'),
(79, 2, 'Mouth', '#973365'),
(80, 0, 'Aura', '#82C1DC'),
(81, 0, 'Outline', '#457BBB'),
(81, 1, 'Fill', '#81C3EA'),
(81, 2, 'Shadow Fill', '#7ABAE5'),
(82, 0, 'Dark Outline', '#303296'),
(82, 1, 'Dark Fill', '#393CB0'),
(82, 2, 'Light Outline', '#9E9FDC'),
(82, 3, 'Light Fill', '#CED0EC'),
(83, 0, 'Gradient Top', '#1F205D'),
(83, 1, 'Gradient Bottom', '#526BCB'),
(83, 2, 'Highlight Top', '#AAAAF8'),
(83, 3, 'Highlight Bottom', '#DBDCFC'),
(84, 0, 'Base', '#DBBF0F'),
(84, 1, 'Base Highlight', '#FBEB98'),
(84, 2, 'Glass', '#BFEAF8'),
(84, 3, 'Sand', '#D4CF97'),
(85, 0, 'Outline', '#BEB789'),
(85, 1, 'Fill', '#F9FAED'),
(85, 2, 'Shadow Fill', '#E0DEC1'),
(86, 0, 'Outline', '#DE83CD'),
(86, 1, 'Fill', '#F8AAE5'),
(87, 0, 'Gradient Top', '#015B56'),
(87, 1, 'Gradient Bottom', '#6BF0ED'),
(87, 2, 'Highlight Top', '#B1F0F4'),
(87, 3, 'Highlight Bottom', '#D5F9FB'),
(88, 0, 'Stars', '#B6E0F7'),
(89, 0, 'Outline', '#EFBD3B'),
(89, 1, 'Fill', '#FBFC63'),
(89, 2, 'Shadow Fill', '#F7E253'),
(90, 0, 'Outline', '#3695B5'),
(90, 1, 'Fill 1', '#68B5CF'),
(90, 2, 'Fill 2', '#7BCBE1'),
(91, 0, 'Gradient Top', '#580D36'),
(91, 1, 'Gradient Bottom', '#BC1D75'),
(91, 2, 'Highlight Top', '#D9539D'),
(91, 3, 'Highlight Bottom', '#FCB6DF'),
(92, 0, 'Blue Outline', '#63B5CB'),
(92, 1, 'Blue Fill', '#A2D7E1'),
(92, 2, 'Green Outline', '#96DC51'),
(92, 3, 'Green Fill', '#BAEF85'),
(93, 0, 'Outline', '#ACC849'),
(93, 1, 'Fill', '#D2EA91'),
(93, 2, 'Shadow Outline', '#A4C040'),
(93, 3, 'Shadow Fill', '#BDD56C'),
(94, 0, 'Outline', '#ADD9D5'),
(94, 1, 'Fill', '#FFFFFF'),
(95, 0, 'Gradient Top', '#EC565C'),
(95, 1, 'Gradient Bottom', '#F49A43'),
(96, 0, 'Plate Fill 1', '#9AA596'),
(96, 1, 'Plate Fill 2', '#A2AF9D'),
(96, 2, 'Plate Fill 3', '#B2BEAC'),
(96, 3, 'Pie Fill 1', '#B68145'),
(96, 4, 'Pie Fill 2', '#D29752'),
(96, 5, 'Pie Fill 3', '#E4A95A'),
(96, 6, 'Pie Fill 4', '#FBB963'),
(97, 0, 'Outline', '#F58950'),
(97, 1, 'Fill', '#FABA63'),
(97, 2, 'Apples', '#EB575A'),
(97, 3, 'Stems', '#7CA42A'),
(97, 4, 'Frill Outline', '#ADD9D5'),
(97, 5, 'Frill Fill', '#FFFFFF'),
(98, 0, 'Outline', '#3DBAC9'),
(98, 1, 'Fill', '#8BD8DF'),
(98, 2, 'Shadow Fill', '#6ECAD5'),
(99, 0, 'Outline', '#A6E9F9'),
(99, 1, 'Fill', '#FFFFFF'),
(99, 2, 'Blue Fill', '#D4F3FF'),
(100, 0, 'Gradient Top', '#320041'),
(100, 1, 'Gradient Bottom', '#F990D1'),
(100, 2, 'Highlight Top', '#D53AB6'),
(100, 3, 'Highlight Bottom', '#FFCAE9'),
(101, 0, 'Air Wave', '#FFFF98'),
(101, 1, 'Horseshoe', '#3797C7'),
(101, 2, 'Horseshoe Dots', '#FFFFFF'),
(102, 0, 'Outline', '#D8971C'),
(102, 1, 'Fill', '#F3E365'),
(102, 2, 'Shadow Outline', '#C18719'),
(102, 3, 'Shadow Fill', '#DACB5A'),
(103, 0, 'Outline', '#AC240B'),
(103, 1, 'Fill 1', '#FA8A24'),
(103, 2, 'Fill 2', '#DF5C0A'),
(104, 0, 'Gradient Top', '#B74729'),
(104, 1, 'Gradient Bottom', '#F48F66'),
(104, 2, 'Eyeshadow', '#7FA2C3'),
(105, 0, 'Outline', '#AA4300'),
(105, 1, 'Fill 1', '#E37B00'),
(105, 2, 'Fill 2', '#FFBF36'),
(106, 0, 'Outline', '#75C0C8'),
(106, 1, 'Fill', '#DEF2F0'),
(107, 0, 'Outline', '#552E66'),
(107, 1, 'Fill 1', '#743E8A'),
(107, 2, 'Fill 2', '#A775BE'),
(107, 3, 'Shadow Outline', '#4A295A'),
(107, 4, 'Shadow Fill 1', '#69377D'),
(107, 5, 'Shadow Fill 2', '#9568AA'),
(108, 0, 'Outline', '#6BABDA'),
(108, 1, 'Fill', '#9CDBF5'),
(108, 2, 'Shadow Fill', '#89C7EB'),
(109, 0, 'Outline', '#52574C'),
(109, 1, 'Fill 1', '#8E9783'),
(109, 2, 'Fill 2', '#777B6C'),
(109, 3, 'Shadow Fill', '#585B52'),
(110, 0, 'Gradient Top', '#CB9932'),
(110, 1, 'Gradient Bottom', '#FFEBA5'),
(110, 2, 'Eyebrows', '#53564D'),
(111, 0, 'Helmet Fill 1', '#48412C'),
(111, 1, 'Helmet Fill 2', '#7C704C'),
(111, 2, 'Helmet Fill 3', '#C1AE73'),
(111, 3, 'Helmet Shadow Fill', '#1E1D11'),
(111, 4, 'Strap Fill', '#629672'),
(111, 5, 'Strap Holes', '#35462A'),
(111, 6, 'Wing Outline', '#D3D8A0'),
(111, 7, 'Wing Fill', '#F7F8DC'),
(111, 8, 'Goggles Rim', '#313131'),
(111, 9, 'Goggles Fill 1', '#3AD0F5'),
(111, 10, 'Goggles Fill 2', '#D7F5FB'),
(111, 11, 'Goggles Fill 3 (At rim)', '#2BA9C4'),
(112, 0, 'Outline', '#324649'),
(112, 1, 'Fill 1', '#507276'),
(112, 2, 'Fill 2', '#A9AE82'),
(112, 3, 'Sleeve Patch', '#BEC99D'),
(112, 4, 'Zipper Outline', '#77ACA8'),
(112, 5, 'Zipper Fill', '#C2DFE3'),
(112, 6, 'Fur Outline', '#41585B'),
(112, 7, 'Fur Fill', '#AAAE82'),
(113, 0, 'Outline', '#D7D78C'),
(113, 1, 'Fill', '#FAFFEE'),
(114, 0, 'Outline', '#8E6E21'),
(114, 1, 'Fill 1', '#E2D23B'),
(114, 2, 'Fill 2', '#EFE89A'),
(115, 0, 'Outline', '#A3C6BC'),
(115, 1, 'Fill', '#FFFFFF'),
(116, 0, 'Outline', '#FF80C6'),
(116, 1, 'Fill', '#FFC3E5'),
(116, 2, 'Shadow Outline', '#F673B8'),
(116, 3, 'Shadow Fill', '#FFB0D8'),
(117, 0, 'Outline', '#533251'),
(117, 1, 'Fill', '#955495'),
(118, 0, 'Gradient Top', '#681D46'),
(118, 1, 'Gradient Bottom', '#CD2F89'),
(118, 2, 'Highlight Top', '#EB64B1'),
(118, 3, 'Highlight Bottom', '#FFBFE7'),
(119, 0, 'Candy 1', '#FF81BA'),
(119, 1, 'Candy 2', '#FFAD89'),
(119, 2, 'Candy 3', '#FFD77C'),
(119, 3, 'Candy Highlight', '#FFFFFF'),
(119, 4, 'Cup Top', '#7FC9C7'),
(119, 5, 'Cup Fill 1', '#A2E3BE'),
(119, 6, 'Cup Fill 2', '#BFF7C6'),
(119, 7, 'Cupcake Fill 1', '#C477C6'),
(119, 8, 'Cupcake Fill 2', '#E0A5E0'),
(119, 9, 'Cherry Fill', '#FF696D'),
(119, 10, 'Cherry Stroke', '#C8454F'),
(119, 11, 'Cherry Stem', '#57334E'),
(120, 0, 'Magic', '#47C0CC'),
(121, 0, 'Outline 1', '#13A9A9'),
(121, 1, 'Fill 1', '#0FDAD9'),
(121, 2, 'Outline 2', '#89CBC8'),
(121, 3, 'Fill 2', '#D1FFEC'),
(122, 0, 'Outline', '#D9C574'),
(122, 1, 'Fill', '#F3F49B'),
(122, 2, 'Shadow Outline', '#D5C167'),
(122, 3, 'Shadow Fill', '#E6DC7F'),
(123, 0, 'Outline', '#C52452'),
(123, 1, 'Fill', '#F5415F'),
(124, 0, 'Gradient Top', '#ED585A'),
(124, 1, 'Gradient Bottom', '#FBA93F'),
(124, 2, 'Highlight Top', '#FCC657'),
(124, 3, 'Highlight Bottom', '#FEE27A'),
(126, 0, 'Outline', '#F37033'),
(126, 1, 'Fill', '#F9B764'),
(126, 2, 'Shadow Outline', '#EA6B2B'),
(126, 3, 'Shadow Fill', '#F0AA56'),
(127, 0, 'Outline', '#BD1F77'),
(127, 1, 'Fill', '#BF5D93'),
(128, 0, 'Gradient Top', '#482562'),
(128, 1, 'Gradient Bottom', '#B28EC0'),
(128, 2, 'Highlight Top', '#C5A6D0'),
(128, 3, 'Highlight Bottom', '#E7CEE4'),
(130, 0, 'Outline', '#C72965'),
(130, 1, 'Fill 1', '#F35F91'),
(130, 2, 'Fill 2', '#EC438C'),
(131, 0, 'Outline', '#CEC8D1'),
(131, 1, 'Fill', '#EFEDED'),
(131, 2, 'Shadow Fill', '#E0DDE3'),
(132, 0, 'Outline', '#785B88'),
(132, 1, 'Fill 1', '#B28DC1'),
(132, 2, 'Fill 2', '#F6B8D2'),
(133, 0, 'Gradient Top', '#629558'),
(133, 1, 'Gradient Bottom', '#AED79E'),
(133, 2, 'Highlight Top', '#CBE4BE'),
(133, 3, 'Highlight Bottom', '#F4F8ED'),
(135, 0, 'Outline', '#2F5173'),
(135, 1, 'Fill', '#4C7DAF'),
(135, 2, 'Shadow Fill', '#406C93'),
(136, 0, 'Outline', '#9BAAE8'),
(136, 1, 'Fill 1', '#E1E6FA'),
(136, 2, 'Fill 2', '#C4CFF4'),
(136, 3, 'Fill 3', '#FFFFFF'),
(137, 0, 'Gradient Top', '#1378AB'),
(137, 1, 'Gradient Middle', '#47CFFF'),
(137, 2, 'Gradient Bottom', '#6EDCFF'),
(137, 3, 'Highlight Top', '#90E2FF'),
(137, 4, 'Highlight Bottom', '#D5F3FF'),
(138, 0, 'Moon 1', '#385E83'),
(138, 1, 'Moon 2', '#FFFFCB'),
(138, 2, 'Feather Center', '#D6E4FF'),
(138, 3, 'Feather Fill 1', '#97ABEB'),
(138, 4, 'Feather Fill 2', '#6A8AD2'),
(138, 5, 'Feather Fill 3', '#44608D'),
(139, 0, 'Outline', '#BFD1E1'),
(139, 1, 'Fill', '#FFFFFF'),
(139, 2, 'Shadow Outline', '#B2C7D2'),
(139, 3, 'Shadow Fill', '#D6E3E5'),
(140, 0, 'Outline', '#A6BFD8'),
(140, 1, 'Fill 1', '#F2FBFF'),
(140, 2, 'Fill 2', '#FFFFFF'),
(141, 0, 'Gradient Top', '#2B4E99'),
(141, 1, 'Gradient Middle', '#6E9FFF'),
(141, 2, 'Gradient Bottom', '#B0EBFF'),
(142, 0, 'Fill', '#87B1E6'),
(142, 1, 'Inner Strokes', '#BEDBFA'),
(143, 0, 'Outline', '#603860'),
(143, 1, 'Fill', '#9B579B'),
(144, 0, 'Outline', '#75C3D3'),
(144, 1, 'Fill', '#C7F0F2'),
(144, 2, 'Shadow Fill', '#A7DEE6'),
(145, 0, 'Outline', '#366395'),
(145, 1, 'Fill 1', '#4886CE'),
(145, 2, 'Fill 2', '#62A8E1'),
(146, 0, 'Gradient Top', '#2B4E99'),
(146, 1, 'Gradient Middle', '#6E9FFF'),
(146, 2, 'Gradient Bottom', '#B0EBFF'),
(147, 0, 'Balloon Fill 1', '#EB5095'),
(147, 1, 'Balloon Fill 2', '#F36AAB'),
(147, 2, 'Balloon Fill 3', '#F88FC2'),
(147, 3, 'Balloon Fill 4', '#FFD3E9'),
(147, 4, 'Confetti 1', '#7F6DAF'),
(147, 5, 'Confetti 2', '#FFAE75'),
(147, 6, 'Confetti 3', '#FFD269'),
(147, 7, 'Confetti 4', '#FFFFFF'),
(164, 0, 'Outline', '#C394D7'),
(164, 1, 'Fill', '#F2C7F8'),
(164, 2, 'Shadow Fill', '#DDB1EB'),
(165, 0, 'Outline', '#562875'),
(165, 1, 'Fill 1', '#69328F'),
(165, 2, 'Fill 2', '#8640B4'),
(165, 3, 'Fill 3', '#9BE9D8'),
(165, 4, 'Shadow Fill (new mane style)', '#5F2D7F'),
(166, 0, 'Gradient Top', '#241A7C'),
(166, 1, 'Gradient Bottom', '#98A2EF'),
(166, 2, 'Highlight Top', '#8587EC'),
(166, 3, 'Highlight Bottom', '#B9BAFC'),
(167, 0, 'Star Fill 1', '#B765B8'),
(167, 1, 'Star Fill 2', '#FFFFF0'),
(167, 2, 'Trail Fill 1', '#08BAB7'),
(167, 3, 'Trail Fill 2', '#9BE9D8'),
(168, 0, 'Aura', '#9BE9D8'),
(169, 0, 'Outline', '#E9CDA4'),
(169, 1, 'Fill', '#FBF4DF'),
(169, 2, 'Shadow Outline', '#DEC098'),
(169, 3, 'Shadow Fill', '#EFE2CA'),
(170, 0, 'Outline', '#45C8D5'),
(170, 1, 'Fill 1', '#96E5EF'),
(170, 2, 'Fill 2', '#CCF9F9'),
(171, 0, 'Gradient Top', '#26A9BF'),
(171, 1, 'Gradient Bottom', '#D7FFFA'),
(171, 2, 'Highlight Top', '#C3F4FF'),
(171, 3, 'Highlight Bottom', '#EFFFFF'),
(172, 0, 'Hat Fill 1', '#D39CD1'),
(172, 1, 'Hat Fill 2', '#B674BC'),
(172, 2, 'Hat Fill 3', '#FBFBFB'),
(172, 3, 'Plume Fill', '#FF5555'),
(172, 4, 'Plume Shadow', '#F24C4C'),
(173, 0, 'Collar Outline', '#985C9D'),
(173, 1, 'Collar Fill 1', '#D39CD1'),
(173, 2, 'Collar Fill 2', '#FBFBFB'),
(173, 3, 'Collar Shadow Fill', '#B674BC'),
(173, 4, 'Tie Outline', '#E64E07'),
(173, 5, 'Tie Fill', '#FF7D74'),
(174, 0, 'Main Outline', '#E64E07'),
(174, 1, 'Main Fill 1', '#FF7D74'),
(174, 2, 'Main Fill 2', '#FFA085'),
(174, 3, 'Blossom Outline', '#6C3F6B'),
(174, 4, 'Blossom Outside Fill', '#985C9D'),
(174, 5, 'Blossom Inside Fill 1', '#955E9C'),
(174, 6, 'Blossom Inside Fill 2', '#D39CD1'),
(175, 0, 'Outline', '#151730'),
(175, 1, 'Fill', '#38407C'),
(175, 2, 'Shadow Fill', '#30376C'),
(176, 0, 'Outline', '#8952E1'),
(176, 1, 'Edge Fill (50% Opacity)', '#473CC7'),
(176, 2, 'Main Fill', '#1C4FC2'),
(176, 3, 'Stars', '#FFFFFF'),
(177, 0, 'Outline', '#9791F1'),
(177, 1, 'Fill', '#C4BFF9'),
(177, 2, 'Shadow Outline', '#7E79CB'),
(177, 3, 'Shadow Fill', '#9F9DCE'),
(178, 0, 'Outline', '#9F9DCE'),
(178, 1, 'Fill', '#000000'),
(178, 2, 'Moon', '#FFFFFF'),
(179, 0, 'Dark Side of the Moon', '#000000'),
(179, 1, 'Moon', '#FFFFFF'),
(180, 0, 'Gradient Top', '#0E6183'),
(180, 1, 'Gradient Bottom', '#06A79F'),
(180, 2, 'Highlight Top', '#61E9D1'),
(180, 3, 'Highlight Bottom', '#9AFCFD'),
(180, 4, 'Eyeshadow', '#7696ED'),
(182, 0, 'Outline', '#FA9EDE'),
(182, 1, 'Fill', '#FFD9FB'),
(182, 2, 'Shadow Outline', '#F591D7'),
(182, 3, 'Shadow Fill', '#FDBBEC'),
(183, 0, 'Outline', '#6B5584'),
(183, 1, 'Fill', '#9775B8'),
(184, 0, 'Gradient Top', '#584239'),
(184, 1, 'Gradient Middle', '#A87A66'),
(184, 2, 'Gradient Bottom', '#DFB77D'),
(184, 3, 'Highlight Top', '#CEA06F'),
(184, 4, 'Highlight Bottom', '#E2C6AB'),
(185, 0, 'Button 1 main', '#9776B8'),
(185, 1, 'Button 1 holes', '#43324C'),
(185, 2, 'Button 1 rim', '#72528C'),
(185, 3, 'Button 2 main', '#FFF8D8'),
(185, 4, 'Button 2 holes', '#8E734D'),
(185, 5, 'Button 2 rim', '#EFDEAD'),
(185, 6, 'Button 3 main', '#C4F5FF'),
(185, 7, 'Button 3 holes', '#2F6E87'),
(185, 8, 'Button 3 rim', '#6ABFE3'),
(186, 0, 'Outline', '#5EC3EF'),
(186, 1, 'Main fill', '#C3F6FF'),
(186, 2, 'Stripes', '#7CD7F9'),
(186, 3, 'Dots', '#FBFBFB'),
(187, 0, 'Outline', '#F6DDA5'),
(187, 1, 'Fill', '#FFF9D8'),
(188, 0, 'Aura', '#D9539D'),
(189, 0, 'Aura', '#E8DA9C'),
(190, 0, 'Aura', '#6BF0ED'),
(191, 0, 'Outline', '#338FCC'),
(191, 1, 'Fill', '#6CB2EA'),
(191, 2, 'Shadow Fill', '#5DAAE3'),
(192, 0, 'Outline', '#92CDF4'),
(192, 1, 'Fill 1', '#B8E0F9'),
(192, 2, 'Fill 2', '#D8EEFB'),
(193, 0, 'Gradient Top', '#3A2851'),
(193, 1, 'Gradient Middle', '#6E4386'),
(193, 2, 'Gradient Bottom', '#E0A0D3'),
(194, 0, 'Wand Star Outline', '#B7E0FA'),
(194, 1, 'Wand Star Fill', '#71A2CD'),
(194, 2, 'Wand Handle Fill 1', '#6EA3D3'),
(194, 3, 'Wand Handle Fill 2', '#ADCCEA'),
(194, 4, 'Trail Fill', '#82DEF4'),
(194, 5, 'Trail Stars', '#FFFFFF'),
(195, 0, 'Outline', '#7B5ACE'),
(195, 1, 'Fill', '#9C82DA'),
(195, 2, 'Stars 1', '#FAF99D'),
(195, 3, 'Stars 2', '#82DDF4'),
(195, 4, 'Stars 3', '#B7E0F9'),
(195, 5, 'Stars 4', '#D7ECFA'),
(196, 0, 'Outline', '#2C84A0'),
(196, 1, 'Center Fill', '#BFEFFA'),
(196, 2, 'Fill 1', '#32A2BA'),
(196, 3, 'Fill 2', '#3ABDDC'),
(196, 4, 'Fill 3', '#82DDF4'),
(196, 5, 'Fill 4', '#A7F8E0'),
(196, 6, 'Fill 5', '#CDF1FB'),
(196, 7, 'Center Highlights', '#D9F9FF'),
(197, 0, 'Aura', '#E3B2DA'),
(198, 0, 'Outline', '#161515'),
(198, 1, 'Fill', '#5E5E5E'),
(198, 2, 'Horn Inner Strokes', '#B7B7B7'),
(198, 3, 'Eye Stroke', '#6E0000'),
(198, 4, 'Eye Fill', '#DA0000'),
(199, 0, 'Outline', '#161515'),
(199, 1, 'Fill 1', '#434343'),
(199, 2, 'Fill 2', '#5E5E5E'),
(199, 3, 'Fill 3', '#8C8C8C'),
(200, 0, 'Outline', '#161515'),
(200, 1, 'Fill', '#333333'),
(200, 2, 'Red Outline', '#6E0000'),
(200, 3, 'Red Fill 1', '#B10000'),
(200, 4, 'Red Fill 2', '#DA0000'),
(200, 5, 'Red Fill 3', '#FF080B'),
(201, 0, 'Outline', '#6E0000'),
(201, 1, 'Center Fill', '#FFB3B3'),
(201, 2, 'Fill 1', '#B10000'),
(201, 3, 'Fill 2', '#FF080B'),
(201, 4, 'Fill 3', '#FF9292'),
(202, 0, 'Magic Aura/Eye Aura', '#FF080B'),
(202, 1, 'Iris', '#B10000'),
(203, 0, 'Outline', '#161515'),
(203, 1, 'Fill 1', '#434343'),
(203, 2, 'Fill 2', '#333333'),
(203, 3, 'Highlight', '#B7B7B7'),
(204, 0, 'Outline', '#EECFE1'),
(204, 1, 'Fill', '#FEF7FB'),
(204, 2, 'Shadow Fill', '#F2E6E9'),
(205, 0, 'Gradient Outline 1', '#3D9DC4'),
(205, 1, 'Gradient Outline 2', '#48BAA9'),
(205, 2, 'Gradient Outline 3', '#7A9BDE'),
(205, 3, 'Gradient Outline 4', '#D085D0'),
(205, 4, 'Gradient Dark Fill 1', '#44B1CE'),
(205, 5, 'Gradient Light Fill 1', '#8CDEE4'),
(205, 6, 'Gradient Dark Fill 2', '#50CDA5'),
(205, 7, 'Gradient Light Fill 2', '#CBF5C0'),
(205, 8, 'Gradient Dark Fill 3', '#80A4EE'),
(205, 9, 'Gradient Light Fill 3', '#AEDEFC'),
(205, 10, 'Gradient Dark Fill 4', '#E599F2'),
(205, 11, 'Gradient Light Fill 4', '#F2C4FD'),
(206, 0, 'Gradient Top', '#5F2F7A'),
(206, 1, 'Gradient Bottom', '#E68CE3'),
(206, 2, 'Highlight Top', '#CB7DD0'),
(206, 3, 'Highlight Bottom', '#D8A0D9'),
(207, 0, 'Sun Center', '#FDF5B7'),
(207, 1, 'Sun Edge', '#FDD68F'),
(207, 2, 'Sun Rays', '#FAC18A'),
(208, 0, 'Aura', '#FEFD96'),
(209, 0, 'Outline & Trim', '#E9BF6E'),
(209, 1, 'Fill', '#FFE398'),
(209, 2, 'Gem Outline', '#6E3B7F'),
(209, 3, 'Gem Center Fill', '#C671D0'),
(209, 4, 'Gem Shine', '#DE9FE2'),
(209, 5, 'Gem Saturated Fill', '#BE62C8'),
(209, 6, 'Gem Main Fill', '#9E5DB5'),
(209, 7, 'Gem Dark Fill', '#824997'),
(210, 0, 'Outline', '#EECFE1'),
(210, 1, 'Fill', '#FFEFBC'),
(210, 2, 'Shadow Fill', '#F5E1C7'),
(211, 0, 'Outline', '#A32141'),
(211, 1, 'Fill', '#E64A57'),
(211, 2, 'Shadow Outline', '#9E164C'),
(211, 3, 'Shadow Fill', '#D0335C'),
(212, 0, 'Outline', '#F08E43'),
(212, 1, 'Fill', '#FBBA62'),
(213, 0, 'Gradient Top', '#267A14'),
(213, 1, 'Gradient Bottom', '#5FBB4B'),
(214, 0, 'Fill', '#FFF6AD'),
(215, 0, 'Yoke Outline', '#876235'),
(215, 1, 'Yoke Fill 1', '#C8954D'),
(215, 2, 'Yoke Fill 2', '#AE8241'),
(215, 3, 'Post Fill 1', '#A2AF9D'),
(215, 4, 'Post Fill 2', '#919E8D'),
(215, 5, 'Post Fill 3', '#C2D9C4'),
(215, 6, 'Post Fill 4 (screwtop on back)', '#6E7969'),
(216, 0, 'Apple Fill 1', '#87D557'),
(216, 1, 'Apple Fill 2', '#B6F677'),
(216, 2, 'Apple Fill 3', '#5EBA4A'),
(216, 3, 'Seeds', '#AD8341'),
(216, 4, 'Apple Stem 1', '#DAFF87'),
(216, 5, 'Apple Stem 2 (=Apple Fill 1)', '#87D557'),
(216, 6, 'Apple Leaf 1 (=Apple Fill 3)', '#5EBA4A'),
(216, 7, 'Apple Leaf 2', '#309438'),
(217, 0, 'Outline', '#DBBD5D'),
(217, 1, 'Fill', '#F9F8D3'),
(217, 2, 'Shadow Outline', '#C4A953'),
(217, 3, 'Shadow Fill', '#E0DEBE'),
(217, 4, 'Eyebrows', '#9D2544'),
(218, 0, 'Outline', '#9D2544'),
(218, 1, 'Fill', '#E0535D'),
(218, 2, 'Stripe 1', '#78549A'),
(218, 3, 'Stripe 2', '#AD90D0'),
(219, 0, 'Gradient Top', '#200B3E'),
(219, 1, 'Gradient Bottom', '#622E87'),
(219, 2, 'Highlight Top', '#8B5DA4'),
(219, 3, 'Highlight Bottom', '#CBB2D3'),
(220, 0, 'Moon', '#663E64'),
(220, 1, 'Stars', '#C670B7'),
(221, 0, 'Outline', '#1D1C2B'),
(221, 1, 'Fill 1', '#454163'),
(221, 2, 'Fill 2', '#34324C'),
(221, 3, 'Shadow Fill 1', '#3D3B56'),
(221, 4, 'Shadow Fill 2', '#2F2D44'),
(222, 0, 'Outline', '#CF6995'),
(222, 1, 'Fill', '#FCA1CB'),
(223, 0, 'Frame', '#181723'),
(223, 1, 'Frame Highlight', '#565175'),
(223, 2, 'Pin Outline', '#B5B2D1'),
(223, 3, 'Pin Fill', '#F0F2F8'),
(223, 4, 'Tape Outline', '#87BACB'),
(223, 5, 'Tape Fill', '#F8F9F1'),
(223, 6, 'Lens (80% to 25% Opacity)', '#BEDAF4'),
(224, 0, 'Aura', '#E3BFD0'),
(225, 0, 'Outline', '#A985D3'),
(225, 1, 'Fill', '#CDB8E6'),
(225, 2, 'Shadow Fill', '#BFA3DF'),
(226, 0, 'Outline', '#D3B76A'),
(226, 1, 'Fill 1', '#F7F0A6'),
(226, 2, 'Fill 2', '#F8F8D5'),
(227, 0, 'Gradient Top', '#C79835'),
(227, 1, 'Gradient Bottom', '#FCF89A'),
(227, 2, 'Highlight Top', '#FAFAB4'),
(227, 3, 'Highlight Bottom', '#FFFFDB'),
(229, 0, 'Outline', '#D76CA0'),
(229, 1, 'Fill', '#E8A3C5'),
(229, 2, 'Shadow Fill', '#E48CB7'),
(230, 0, 'Outline', '#A3376E'),
(230, 1, 'Fill 1', '#C24D87'),
(230, 2, 'Fill 2', '#CF78A4'),
(231, 0, 'Gradient Top', '#78952C'),
(231, 1, 'Gradient Bottom', '#D3EAAB'),
(231, 2, 'Highlight Top', '#C6F2A6'),
(231, 3, 'Highlight Bottom', '#EFFBD5'),
(233, 0, 'Shield Outline', '#AB3266'),
(233, 1, 'Shield Fill 1: AB Mane Fill', '#F5415F'),
(233, 2, 'Shield Fill 2: SB Mane Fill', '#F6B8D2'),
(233, 3, 'Shield Fill 3: Sc Mane Fill', '#BF5D93'),
(233, 4, 'Apple Fill', '#A02699'),
(233, 5, 'Heart Fill', '#FD41F8'),
(234, 0, 'Outline', '#845223'),
(234, 1, 'Fill', '#C58E4F'),
(234, 2, 'Shadow Outline', '#855C37'),
(234, 3, 'Shadow Fill', '#BE9061'),
(235, 0, 'Outline', '#613213'),
(235, 1, 'Fill 1', '#C44933'),
(235, 2, 'Fill 2', '#E47743'),
(236, 0, 'Gradient Top', '#B34236'),
(236, 1, 'Gradient Bottom', '#FF814D'),
(236, 2, 'Highlight Top', '#FE9863'),
(236, 3, 'Highlight Bottom', '#FFEAD1'),
(238, 0, 'Hat Outline', '#7A3F3F'),
(238, 1, 'Hat Fill 1', '#FAC443'),
(238, 2, 'Hat Fill 2', '#FBFBB4'),
(238, 3, 'Hat Fill 3', '#F35356'),
(238, 4, 'Hat Fill 4', '#FFFFFF'),
(238, 5, 'Propeller Outline', '#63A214'),
(238, 6, 'Propeller Fill', '#A3E34C'),
(238, 7, 'Rotor Outline', '#746DC3'),
(238, 8, 'Rotor Fill', '#BEBDF7'),
(240, 0, 'Outline', '#EF60A1'),
(240, 1, 'Fill', '#FFB2D3'),
(240, 2, 'Shadow Fill', '#FA92BE'),
(241, 0, 'Outline', '#7A2682'),
(241, 1, 'Fill 1', '#B739A6'),
(241, 2, 'Fill 2', '#A031A8'),
(241, 3, 'Hair Tie', '#51C8B8'),
(242, 0, 'Gradient Top', '#128B8F'),
(242, 1, 'Gradient Bottom', '#4AB1C4'),
(242, 2, 'Highlight Top', '#8EEDF5'),
(242, 3, 'Highlight Bottom', '#DDEFF5'),
(243, 0, 'Body Fill', '#FCEECF'),
(243, 1, 'Body Shadow Fill', '#EBCE96'),
(243, 2, 'Eye', '#49341D'),
(243, 3, 'Nose', '#7A4A52'),
(243, 4, 'Quills Fill', '#996448'),
(243, 5, 'Quills Highlight 1', '#F1C2A7'),
(243, 6, 'Quills Highlight 2', '#7E4B3E'),
(244, 0, 'Shield Outline', '#AB3266'),
(244, 1, 'Shield Fill 1: AB Mane Fill', '#F5415F'),
(244, 2, 'Shield Fill 2: SB Mane Fill', '#F6B8D2'),
(244, 3, 'Shield Fill 3: Sc Mane Fill', '#BF5D93'),
(244, 4, 'Wing Fill', '#A02699'),
(244, 5, 'Lightning Bolt Fill', '#FD41F8'),
(245, 0, 'Shield Outline', '#AB3266'),
(245, 1, 'Shield Fill 1: AB Mane Fill', '#F5415F'),
(245, 2, 'Shield Fill 2: SB Mane Fill', '#F6B8D2'),
(245, 3, 'Shield Fill 3: Sc Mane Fill', '#BF5D93'),
(245, 4, 'Star Fill', '#A02699'),
(245, 5, 'Eight Note Fill', '#FD41F8'),
(246, 0, 'Aura', '#C4FBB0'),
(257, 0, 'Outline', '#9C9AAD'),
(257, 1, 'Fill', '#FFFFFF'),
(257, 2, 'Shadow Outline', '#9291A3'),
(257, 3, 'Shadow Fill', '#F1F1F1'),
(258, 0, 'Outline', '#101C2F'),
(258, 1, 'Fill', '#325394'),
(258, 2, 'Stripe 1', '#57C4DD'),
(258, 3, 'Stripe 2', '#243871'),
(259, 0, 'Eyeball', '#E8F8F9'),
(259, 1, 'Gradient Top', '#1A4859'),
(259, 2, 'Gradient Bottom', '#63D1E9'),
(259, 3, 'Highlight Top', '#3CBDF1'),
(259, 4, 'Highlight Bottom', '#B1E8F2'),
(260, 0, 'Stars', '#6698CA'),
(260, 1, 'Shield Outline', '#111B26'),
(260, 2, 'Shield Fill', '#243871'),
(260, 3, 'Shield Star Pattern', '#ED6C9C'),
(261, 0, 'Aura (Same as Twilight''s)', '#EA428B'),
(262, 0, 'Outline', '#9CBDDB'),
(262, 1, 'Fill', '#E6EFFC'),
(262, 2, 'Shadow Fill', '#D7E3F4'),
(263, 0, 'Outline', '#2864BC'),
(263, 1, 'Fill 1', '#3DA9FF'),
(263, 2, 'Fill 2', '#94D4FF'),
(264, 0, 'Gradient Top', '#FF8D38'),
(264, 1, 'Gradient Bottom', '#F6DF58'),
(264, 2, 'Highlight Top', '#F9E98C'),
(264, 3, 'Highlight Bottom', '#FCF1BD'),
(265, 0, 'Pen Nib Outline', '#C4AA1D'),
(265, 1, 'Pen Nib Fill', '#FCDF58'),
(265, 2, 'Node Fill', '#3DA9FF'),
(265, 3, 'Path Fill', '#000000'),
(266, 0, 'Aura', '#FCDF58'),
(267, 0, 'Outline', '#AC6600'),
(267, 1, 'Fill', '#FFB240'),
(267, 2, 'Shadow Outline', '#9D5700'),
(267, 3, 'Shadow Fill', '#F7A731'),
(268, 0, 'Outline', '#251100'),
(268, 1, 'Fill', '#683A00'),
(269, 0, 'Gradient Top', '#275D00'),
(269, 1, 'Gradient Bottom', '#8CEA4D'),
(270, 0, 'Crust', '#744126'),
(270, 1, 'Bread', '#E1D4AC'),
(270, 2, 'Crust spots', '#BE916D'),
(270, 3, 'Bread spots', '#8E7A50'),
(270, 4, 'Grill marks', '#25150D'),
(270, 5, 'Cheese', '#FFFF13'),
(270, 6, 'Toasting Gradient (0 to 85%)', '#000000'),
(271, 0, 'Outline', '#9C8300'),
(271, 1, 'Fill', '#FFBE39'),
(272, 0, 'Frame', '#000000'),
(281, 0, 'Outline', '#778282'),
(281, 1, 'Fill', '#C2CDCD'),
(281, 2, 'Shadow Fill', '#A1ADAD'),
(282, 0, 'Outline', '#2C3838'),
(282, 1, 'Inner Outline', '#405252'),
(282, 2, 'Fill 1', '#607878'),
(282, 3, 'Fill 2', '#819B93'),
(283, 0, 'Gradient Top', '#713A9D'),
(283, 1, 'Gradient Bottom', '#B792DD'),
(283, 2, 'Highlight Top', '#B795E9'),
(283, 3, 'Highlight Bottom', '#EDE6F4'),
(284, 0, 'Fill 1', '#9D8CB0'),
(284, 1, 'Fill 2', '#88799C'),
(285, 0, 'Outline', '#545173'),
(285, 1, 'Fill', '#9495B9'),
(285, 2, 'Shadow Fill', '#77769B'),
(286, 0, 'Outline', '#6B7B7E'),
(286, 1, 'Fill', '#C7CECF'),
(287, 0, 'Gradient Top', '#9AA41C'),
(287, 1, 'Gradient Bottom', '#DDE261'),
(287, 2, 'Highlight Top', '#F2EE86'),
(287, 3, 'Highlight Bottom', '#FBFADF'),
(288, 0, 'Lime Fill 1', '#619623'),
(288, 1, 'Lime Fill 2', '#90BA40'),
(288, 2, 'Lime Fill 3', '#DDEA79'),
(288, 3, 'Stone Fill 1', '#FFFFFF'),
(288, 4, 'Stone Fill 2', '#CCCED2'),
(289, 0, 'Outline', '#8A8995'),
(289, 1, 'Fill', '#B8B7BE'),
(289, 2, 'Shadow Outline', '#7B7C83'),
(289, 3, 'Shadow Fill', '#A4A4A8'),
(290, 0, 'Outline', '#554373'),
(290, 1, 'Fill', '#9885B7'),
(291, 0, 'Gradient Top', '#196E5D'),
(291, 1, 'Gradient Bottom', '#99EAD7'),
(291, 2, 'Highlight Top', '#ADDEDF'),
(291, 3, 'Highlight Bottom', '#DFF1F2'),
(291, 4, 'Eyeshadow (Matches Mane Fill)', '#9885B7'),
(292, 0, 'Outline', '#395B6E'),
(292, 1, 'Fill', '#53829F'),
(292, 2, 'Shadow Outline', '#355063'),
(292, 3, 'Shadow Fill', '#4B748F'),
(292, 4, 'Belt', '#3B4144'),
(293, 0, 'Outline', '#8A5838'),
(293, 1, 'Fill', '#C39D4D'),
(293, 2, 'Shadow Outline', '#9E6E41'),
(293, 3, 'Shadow Fill', '#C0974D'),
(294, 0, 'Outline', '#666666'),
(294, 1, 'Fill 1', '#989898'),
(294, 2, 'Fill 2', '#CCCCCC'),
(295, 0, 'Gradient Top', '#B48A25'),
(295, 1, 'Gradient Bottom', '#FAE695'),
(296, 0, 'Handle Outline', '#602A1D'),
(296, 1, 'Handle Fill', '#924623'),
(296, 2, 'Pickaxe Outline', '#646D6D'),
(296, 3, 'Pickaxe Fill', '#849492'),
(297, 0, 'Hat/Tie Outline', '#232323'),
(297, 1, 'Hat/Tie Fill', '#404040'),
(297, 2, 'Collar Outline', '#656565'),
(297, 3, 'Collar Fill/Hat Fill 2', '#CCCCCC'),
(298, 0, 'Outline', '#A9A9A7'),
(298, 1, 'Fill', '#D8DDEA'),
(298, 2, 'Shadow Fill', '#C1C5C9'),
(299, 0, 'Outline', '#223937'),
(299, 1, 'Fill', '#508383'),
(300, 0, 'Gradient Top', '#218691'),
(300, 1, 'Gradient Bottom', '#91CFE1'),
(300, 2, 'Highlight Top', '#A3EBEB'),
(300, 3, 'Highlight Bottom', '#EBFAF8'),
(301, 0, 'Rock Fill 1', '#85B7B9'),
(301, 1, 'Rock Fill 2', '#A4D0D4'),
(301, 2, 'Rock Fill 3', '#BCE3E1'),
(301, 3, 'Cracks', '#1C484C'),
(302, 0, 'Frame/Chain Outline', '#D2AB0F'),
(302, 1, 'Chain Fill', '#EED33B'),
(302, 2, 'Lens Fill 1 (75% Opacity)', '#87D1E7'),
(302, 3, 'Lens Fill 2 (75% Opacity)', '#A0DAF0'),
(303, 0, 'Collar Outline', '#000000'),
(303, 1, 'Collar Fill 1', '#343434'),
(303, 2, 'Collar Fill 2', '#FFFFFF'),
(303, 3, 'Pendant Outline', '#D2AB0F'),
(303, 4, 'Pendant Fill 1', '#EED33B'),
(303, 5, 'Pendant Fill 2', '#54BEBA'),
(303, 6, 'Collar Shadow Fill 1', '#252525'),
(303, 7, 'Collar Shadow Fill 2', '#C0C0C0'),
(304, 0, 'Fill 1', '#638081'),
(304, 1, 'Fill 2', '#3A4A4D'),
(305, 0, 'Top Light Fill', '#B6C8CB'),
(305, 1, 'Top Medium Fill', '#9AB0B7'),
(305, 2, 'Top Dark Fill', '#85A2A7'),
(305, 3, 'Front Light Fill', '#698D95'),
(305, 4, 'Front Medium Fill', '#547176'),
(305, 5, 'Front Dark Fill', '#42585E'),
(305, 6, 'Bottom Fill', '#30474B'),
(305, 7, 'Light Details', '#7C949A'),
(305, 8, 'Medium Details', '#476168'),
(305, 9, 'Dark Details', '#26383B'),
(305, 10, 'Very Dark Details', '#192425'),
(306, 0, 'Outline', '#BEB205'),
(306, 1, 'Fill', '#F8EA62'),
(306, 2, 'Shadow Outline', '#A89E0E'),
(306, 3, 'Shadow Fill', '#DDCE52'),
(307, 0, 'Outline', '#AA4400'),
(307, 1, 'Fill 1', '#ED7B00'),
(307, 2, 'Fill 2', '#FBBE33'),
(308, 0, 'Gradient Top', '#422300'),
(308, 1, 'Gradient Bottom', '#CF6E00'),
(308, 2, 'Highlight Top', '#D36E00'),
(308, 3, 'Highlight Bottom', '#FACC83'),
(308, 4, 'Eyelid Highlight', '#FFFFAE'),
(309, 0, 'Outline', '#AA4400'),
(309, 1, 'Fill 1', '#ED7B00'),
(309, 2, 'Fill 2', '#FBBE33'),
(309, 3, 'Fill 3', '#F8EA62'),
(310, 0, 'Outline', '#37B5B4'),
(310, 1, 'Fill', '#8BEAD5'),
(310, 2, 'Shadow Outline', '#4CBDBE'),
(310, 3, 'Shadow Fill', '#79DCD0'),
(311, 0, 'Outline', '#CF7314'),
(311, 1, 'Fill 1', '#F6AC05'),
(311, 2, 'Fill 2', '#F5D758'),
(312, 0, 'Gradient Top', '#A65A26'),
(312, 1, 'Gradient Middle', '#EB8F24'),
(312, 2, 'Gradient Bottom', '#FDAD35'),
(313, 0, 'Lightning Bolt', '#FFFFFF'),
(313, 1, 'Side Stars', '#FDE687'),
(313, 2, 'Middle Star', '#FAF99D'),
(314, 0, 'Outline', '#6E6956'),
(314, 1, 'Fill', '#ACA793'),
(314, 2, 'Beard/Eyebrow Outline', '#E1DACA'),
(314, 3, 'Beard/Eyebrow Fill', '#FFFFFF'),
(314, 4, 'Ear inside', '#E7B4D5'),
(314, 5, 'Mane Outline', '#000000'),
(314, 6, 'Mane Fill', '#252525'),
(315, 0, 'Outline', '#D4CD9D'),
(315, 1, 'Fill', '#F7F4D0'),
(316, 0, 'Sclera', '#EAE13D'),
(316, 1, 'Iris/Pupil', '#D53338'),
(317, 0, 'Antler Fill', '#F7F3D3'),
(317, 1, 'Horn Outline', '#7DB6D5'),
(317, 2, 'Horn Fill', '#CAF3F2'),
(318, 0, 'Outline', '#321F1A'),
(318, 1, 'Fill', '#68413D'),
(319, 0, 'Talon Outline', '#BB9415'),
(319, 1, 'Talon Fill', '#EAE13D'),
(319, 2, 'Paw Outline', '#B99C1A'),
(319, 3, 'Paw Fill', '#EBD379'),
(319, 4, 'Paw Pad', '#65423B'),
(320, 0, 'Feathered Wing Outline', '#1187B2'),
(320, 1, 'Feathered Wing Fill', '#16A4D8'),
(320, 2, 'Bat Wing Outline', '#3A3752'),
(320, 3, 'Bat Wing Fill', '#5F5D87'),
(321, 0, 'Outline', '#7A3333'),
(321, 1, 'Fill', '#AA4747'),
(321, 2, 'Scales Outline', '#925A5A'),
(321, 3, 'Scales Fill', '#E8B4D3'),
(321, 4, 'Scale Marks', '#FFB8C6'),
(321, 5, 'Tail Puff Outline', '#E1DACA'),
(321, 6, 'Tail Puff Fill', '#FFFFFF'),
(322, 0, 'Hoof Leg Outline', '#88682A'),
(322, 1, 'Hoof Leg Fill', '#C0994E'),
(322, 2, 'Hoof Outline', '#2E270F'),
(322, 3, 'Hoof Fill', '#563F27'),
(322, 4, 'Talon Leg Outline', '#439939'),
(322, 5, 'Talon Leg Fill', '#75C76C'),
(322, 6, 'Talon Leg Scale Marks', '#BCED9F'),
(322, 7, 'Talon Outline', '#D6CE9C'),
(322, 8, 'Talon Fill', '#F8F2D0'),
(323, 0, 'Outline', '#64A152'),
(323, 1, 'Fill', '#B9DF80'),
(323, 2, 'Shadow Fill', '#95C66D'),
(323, 3, 'Eyebrows', '#D74A4F'),
(324, 0, 'Outline', '#D74A4F'),
(324, 1, 'Fill', '#EE7676'),
(324, 2, 'Stripes', '#F19C73'),
(325, 0, 'Gradient Top', '#5A2878'),
(325, 1, 'Gradient Bottom/Highlight Top', '#C9A5E0'),
(325, 2, 'Highlight Bottom', '#EFE4F4'),
(326, 0, 'Tree Fill 1', '#EB4549'),
(326, 1, 'Tree Fill 2', '#C93538'),
(326, 2, 'Trunk', '#664648'),
(326, 3, 'Knot', '#422728'),
(327, 0, 'Outline', '#F8AA3D'),
(327, 1, 'Fill', '#FECC65'),
(327, 2, 'Flower Petals', '#FFFFFF'),
(327, 3, 'Flower Centers', '#FD9932'),
(328, 0, 'Outline', '#91B4B0'),
(328, 1, 'Fill', '#DCF3E9'),
(328, 2, 'Shadow Fill', '#BCD8D1'),
(329, 0, 'Outline', '#211A32'),
(329, 1, 'Main Fill 1/Gradient End 1', '#3E3860'),
(329, 2, 'Main Fill 2', '#292447'),
(329, 3, 'Stripes/Gradient End 2', '#339CAB'),
(330, 0, 'Gradient Top', '#12595D'),
(330, 1, 'Gradient Bottom', '#46B6BA'),
(330, 2, 'Highlight Top', '#BAF1DB'),
(330, 3, 'Highlight Bottom', '#8ADFD0'),
(331, 0, 'Star', '#F1D55F'),
(331, 1, 'Note 1', '#F69D40'),
(331, 2, 'Note 2', '#43AB8A'),
(331, 3, 'Note 3', '#4498B1'),
(331, 4, 'Note 4', '#B485C8'),
(331, 5, 'Note 5', '#D35E5E'),
(332, 0, 'Outline', '#91B4B0'),
(332, 1, 'Fill', '#DCF3E9'),
(332, 2, 'Shadow Fill', '#BCD8D1'),
(333, 0, 'Outline/Stripe', '#DDB5F9'),
(333, 1, 'Outside Fill', '#F6F0FB'),
(333, 2, 'Inside Fill 1', '#EAD0FA'),
(333, 3, 'Inside Fill 2', '#775F9E'),
(334, 0, 'Gradient Top', '#12595D'),
(334, 1, 'Gradient Bottom', '#46B6BA'),
(334, 2, 'Highlight Top', '#BAF1DB'),
(334, 3, 'Highlight Bottom', '#8ADFD0'),
(335, 0, 'Star', '#F1D55F'),
(335, 1, 'Note 1', '#F69D40'),
(335, 2, 'Note 2', '#43AB8A'),
(335, 3, 'Note 3', '#4498B1'),
(335, 4, 'Note 4', '#B485C8'),
(335, 5, 'Note 5', '#D35E5E'),
(336, 0, 'Outline', '#661568'),
(336, 1, 'Main/Inside Fill', '#961F98'),
(336, 2, 'Liner Fill', '#871D89'),
(336, 3, 'Liner Stroke', '#3C3160'),
(336, 4, 'Button Outline', '#AD9DDC'),
(336, 5, 'Button Fill 1', '#EBE7F6'),
(336, 6, 'Button Fill 2', '#FFFFFF'),
(337, 0, 'Outline', '#50288C'),
(337, 1, 'Fill', '#7A32D6'),
(338, 0, 'Collar/Band Strap', '#302C46'),
(338, 1, 'Collar Bead Fill 1', '#41E8D4'),
(338, 2, 'Collar Bead Fill 2', '#87F0E5'),
(338, 3, 'Hoof Band Stud Outline', '#AD9DDC'),
(338, 4, 'Hoof Band Stud Fill 1', '#EBE7F6'),
(338, 5, 'Hoof Band Stud Fill 2', '#FFFFFF'),
(338, 6, 'Color Band Fill 1', '#7932D6'),
(338, 7, 'Color Band Fill 2', '#8B4ADA'),
(338, 8, 'Color Band Fill 3', '#9383E2'),
(338, 9, 'Color Band Fill 4', '#AD9CDC'),
(338, 10, 'Color Band Fill 5', '#E8E6F9'),
(338, 11, 'Color Band Fill 6', '#41E8D4'),
(339, 0, 'Headband', '#000000'),
(339, 1, 'Stroke', '#2C223E'),
(339, 2, 'Fill (75% Opacity)', '#2C223E'),
(339, 3, 'Headband Stud Outline', '#AD9DDC'),
(339, 4, 'Headband Stud Fill 1', '#EBE7F6'),
(339, 5, 'Headband Stud Fill 2', '#FFFFFF'),
(340, 0, 'Outline', '#BEC8B8'),
(340, 1, 'Fill', '#F0F3EE'),
(341, 0, 'Outline', '#E57573'),
(341, 1, 'Inside Stroke', '#F8E2D8'),
(341, 2, 'Fill 1', '#EFB69C'),
(341, 3, 'Fill 2', '#F6D8C8'),
(342, 0, 'Gradient Top', '#562B0C'),
(342, 1, 'Gradient Middle', '#994C18'),
(342, 2, 'Gradient Bottom', '#F0E3AB'),
(344, 0, 'Frame Outline', '#543520'),
(344, 1, 'Frame Fill', '#79554E'),
(344, 2, 'Lens Fill 1 (50% Opacity)', '#80ECEC'),
(344, 3, 'Lens Fill 2 (50% Opacity)', '#2CB9C6'),
(345, 0, 'Outline', '#172E5D'),
(345, 1, 'Fill 1', '#23629C'),
(345, 2, 'Fill 2', '#1C5183'),
(346, 0, 'Outline', '#A8DADA'),
(346, 1, 'Fill', '#D1ECED'),
(346, 2, 'Pinstripe', '#FFFFFF'),
(347, 0, 'Outline', '#581326'),
(347, 1, 'Fill 1', '#A12147'),
(347, 2, 'Fill 2', '#831E3C'),
(348, 0, 'Outline', '#C2921E'),
(348, 1, 'Fill', '#E2B443'),
(349, 0, 'Outline', '#AC6534'),
(349, 1, 'Fill', '#BF7741'),
(350, 0, 'Outline', '#F99000'),
(350, 1, 'Fill', '#FEBC40'),
(350, 2, 'Shadow Outline', '#DE8200'),
(350, 3, 'Shadow Fill', '#E3A939'),
(350, 4, 'Marking Outline', '#BABA94'),
(350, 5, 'Marking Fill', '#FBFEDE'),
(350, 6, 'Shadow Marking Outline', '#A6A682'),
(350, 7, 'Shadow Marking Fill', '#E2E5C6'),
(351, 0, 'Outline', '#A63110'),
(351, 1, 'Fill', '#EB5926'),
(351, 2, 'Stripe 1', '#CE3D12'),
(351, 3, 'Stripe 2', '#DA4009'),
(351, 4, 'Stripe 3 (As adult, on crest)', '#F0651E'),
(352, 0, 'Gradient Top', '#0F4D6E'),
(352, 1, 'Gradient Bottom', '#2ECCCF'),
(353, 0, 'Sun', '#EE7C04'),
(353, 1, 'Ray 1', '#FDE065'),
(353, 2, 'Ray 2', '#FBFBDE'),
(353, 3, 'Sparkle 1', '#3F9DB0'),
(353, 4, 'Sparkle 2', '#A6DCDC'),
(354, 0, 'Teeth Outline', '#B0D8E7'),
(354, 1, 'Mouth Fill', '#BD1C77'),
(354, 2, 'Darker Mouth Fill', '#A41967'),
(354, 3, 'Darkest Mouth Fill', '#841555'),
(354, 4, 'Tongue', '#F17031'),
(354, 5, 'Tongue Stroke', '#BE4406'),
(355, 0, 'Outline', '#DE9E04'),
(355, 1, 'Fill', '#FDD678'),
(356, 0, 'Outline', '#7C110E'),
(356, 1, 'Fill 1', '#EC1B2E'),
(356, 2, 'Fill 2', '#E3CA1B'),
(357, 0, 'Outline', '#7D1E59'),
(357, 1, 'Fill', '#D2469F'),
(358, 0, 'Outline', '#1A1A1A'),
(358, 1, 'Fill', '#434343'),
(358, 2, 'Pocket Line', '#6C6C6C'),
(358, 3, 'Stud Outline', '#9FBEDF'),
(358, 4, 'Stud Fill', '#FFFFFF'),
(359, 0, 'Outline', '#BC5E02'),
(359, 1, 'Fill', '#FD8813'),
(359, 2, 'Stripe 1', '#FEF58C'),
(359, 3, 'Stripe 2', '#D2469F'),
(360, 0, 'Outline', '#1A1A1A'),
(360, 1, 'Main Fill', '#434343'),
(360, 2, 'Color Fill', '#DD308F'),
(361, 0, 'Iris Gradient Top', '#128C7E'),
(361, 1, 'Iris Gradient Bottom', '#7EF8D0'),
(361, 2, 'Highlight Top', '#D8FDF0'),
(361, 3, 'Highlight Bottom', '#96FBDB'),
(361, 4, 'Eyebrows', '#000000'),
(362, 0, 'Sunburst Red (on Book)', '#EC323F'),
(362, 1, 'Sunburst Red (on Shirt)', '#C91326'),
(362, 2, 'Sunburst Yellow Outline', '#E1CD1D'),
(362, 3, 'Sunburst Yellow Fill', '#FEF58C'),
(362, 4, 'Center Outline', '#FD8813'),
(362, 5, 'Center Fill 1', '#E3CA1B'),
(362, 6, 'Center Fill 2', '#EC323F'),
(363, 0, 'Cutie Mark', '#696969'),
(364, 0, 'Outline', '#036785'),
(364, 1, 'Fill', '#08BAB7'),
(365, 0, 'Outline', '#C2DBDB'),
(365, 1, 'Fill', '#FFFFFF'),
(365, 2, 'Foot Pads', '#DA80BE'),
(366, 0, 'Eyebrow', '#9DB5B2'),
(366, 1, 'Eye', '#000000'),
(366, 2, 'Highlight', '#FFFFFF'),
(367, 0, 'Nose', '#DA80BE'),
(367, 1, 'Philtrum', '#799A9A'),
(367, 2, 'Whiskers', '#CACACA'),
(368, 0, 'Outline', '#E880B0'),
(368, 1, 'Fill', '#F5B7D0'),
(368, 2, 'Shadow Outline', '#DD6FA4'),
(368, 3, 'Shadow Fill', '#E89CBF'),
(369, 0, 'Outline', '#D69A2A'),
(369, 1, 'Fill', '#EFD472'),
(369, 2, 'Fill 2', '#F4F3AA'),
(370, 0, 'Gradient Top', '#264D72'),
(370, 1, 'Gradient Middle', '#3399DA'),
(370, 2, 'Gradient Bottom', '#8DF1EF'),
(371, 0, 'Stem & Leaf', '#73A71F'),
(371, 1, 'Leaf Stroke', '#304127'),
(371, 2, 'Center Fill', '#624430'),
(371, 3, 'Center Outline', '#E28B34'),
(371, 4, 'Petals', '#F2DB73'),
(371, 5, 'Rays', '#B67136'),
(372, 0, 'Outline', '#A79B88'),
(372, 1, 'Fill', '#FFFFFF'),
(372, 2, 'Spot Outline', '#7D6043'),
(372, 3, 'Spot Fill', '#B08C69'),
(373, 0, 'Outline', '#451D17'),
(373, 1, 'Fill 1', '#6E4122'),
(373, 2, 'Fill 2', '#8C522D'),
(374, 0, 'Iris', '#451D17'),
(376, 0, 'Outline', '#7B939B'),
(376, 1, 'Fill', '#ABB8C1'),
(376, 2, 'Shadow Outline', '#6F8790'),
(376, 3, 'Shadow Fill', '#99A6B1'),
(377, 0, 'Outline', '#BACBD7'),
(377, 1, 'Fill 1', '#D9E4EA'),
(377, 2, 'Fill 2', '#EBEFF1'),
(377, 3, 'Braid Band Outline', '#D057B7'),
(377, 4, 'Braid Band Fill', '#EC76D3'),
(378, 0, 'Gradient Top', '#53377A'),
(378, 1, 'Gradient Bottom', '#A684D2'),
(378, 2, 'Highlight Top', '#AE7DD1'),
(378, 3, 'Highlight Bottom', '#B29BCF'),
(379, 0, 'Outline', '#15B0DF'),
(379, 1, 'Fill', '#BBFFFF'),
(379, 2, 'Lens Fill (40% opaque)', '#FFFFFF'),
(379, 3, 'Lens Highlight (33% opaque)', '#FFFFFF'),
(380, 0, 'Outline', '#92D7F2'),
(380, 1, 'Fill', '#BBFFFF'),
(380, 2, 'Highlight', '#FBECF4'),
(381, 0, 'Outline', '#DC6FB1'),
(381, 1, 'Fill 1', '#C62D9B'),
(381, 2, 'Fill 2', '#7EDE82'),
(382, 0, 'Outline', '#C3C4C2'),
(382, 1, 'Fill', '#F1EAEB'),
(382, 2, 'Shadow Fill', '#E0DDDB'),
(383, 0, 'Gradient Top', '#254D71'),
(383, 1, 'Gradient Middle', '#46ABDB'),
(383, 2, 'Gradient Bottom', '#91FCEE'),
(384, 0, 'Pink Flower Outline', '#DC6FB1'),
(384, 1, 'Pink Flower Fill', '#C62D9B'),
(384, 2, 'Blue Flower Outline', '#82DECF'),
(384, 3, 'Blue Flower Fill', '#B1ECEC'),
(384, 4, 'Flower Middle', '#F1FB9F'),
(385, 0, 'Aura', '#6196F5'),
(386, 0, 'Shines', '#FFFFFF'),
(386, 1, 'Pupil', '#000000'),
(387, 0, 'Fill (45% Opacity)', '#AFC2CF'),
(387, 1, 'Outline (45% Opacity)', '#D9ECFB'),
(388, 0, 'Outline', '#EACA79'),
(388, 1, 'Fill', '#FFF8AC'),
(388, 2, 'Shadow Outline', '#CF8D74'),
(388, 3, 'Shadow Fill', '#DFAD96'),
(389, 0, 'Outline', '#BEA2B0'),
(389, 1, 'Fill', '#FFFFE2'),
(389, 2, 'Shadow Fill', '#F5EEDC'),
(390, 0, 'Outline', '#1F3E7D'),
(390, 1, 'Fill 1', '#3167CC'),
(390, 2, 'Fill 2', '#05ECE6'),
(391, 0, 'Gradient Top', '#580D36'),
(391, 1, 'Gradient Bottom', '#BC1D75'),
(391, 2, 'Highlight Top', '#D9539D'),
(391, 3, 'Highlight Bottom', '#FCB6DF'),
(392, 0, 'Beamed Quavers', '#000000'),
(393, 0, 'Aura', '#CB4DB6'),
(396, 0, 'Rim Outline', '#656565'),
(396, 1, 'Rim Fill', '#000000'),
(396, 2, 'Lens Gradient Top', '#580C5E'),
(396, 3, 'Lens Gradient Middle', '#9B2CA6'),
(396, 4, 'Lens Gradient Bottom', '#E867CD'),
(396, 5, 'Lens Highlight Gradient Top', '#A336BB'),
(396, 6, 'Lens Highlight Gradient Bottom', '#E0A0F5'),
(397, 0, 'Case/Headband Outline', '#09717A'),
(397, 1, 'Case Fill 1/Headband Fill', '#01C7BA'),
(397, 2, 'Case Shadow Fill', '#03A08E'),
(397, 3, 'Case/Headband Highlight', '#00EAD8'),
(397, 4, 'Case Fill 2', '#D7E7F3'),
(397, 5, 'Case Highlight 2', '#EDF8FF'),
(397, 6, 'Logo Outline', '#5C1C5C'),
(397, 7, 'Logo Fill', '#993499'),
(397, 8, 'Ear Pad/Slider/Speaker Outline', '#A1A1A1'),
(397, 9, 'Ear Pad/Slider Fill', '#FFFFFF'),
(397, 10, 'Ear Pad/Slider Shadow Fill', '#C3C3C3'),
(398, 0, 'Outline', '#336DBF'),
(398, 1, 'Fill', '#3499C9'),
(398, 2, 'Lightning Fill', '#FFFF98'),
(398, 3, 'Shadow Fill', '#3285C4'),
(398, 4, 'Shadow Lightning Fill', '#A6BEAA'),
(400, 0, 'Outer Frame Fill', '#4D4D4D'),
(400, 1, 'Inner Frame Fill', '#313332'),
(400, 2, 'Strap Fill', '#FFFF98'),
(400, 3, 'Spitfire''s Strap Fill', '#FFFFBD'),
(400, 4, 'Lens Outline', '#06B2D7'),
(400, 5, 'Lens Fill', '#3BD0F5'),
(400, 6, 'Lens Highlight 1', '#74DFF7'),
(400, 7, 'Lens Highlight 2', '#D4F4FA'),
(402, 0, 'Outline', '#336DBF'),
(402, 1, 'Fill', '#3499C9'),
(402, 2, 'Yellow Fill', '#FFFF98'),
(404, 0, 'Frame Fill 1', '#DBD678'),
(404, 1, 'Frame Fill 2', '#8B792E'),
(404, 2, 'Strap Fill', '#3E3B43'),
(404, 3, 'Strap Inner Stroke', '#6B6775'),
(406, 0, 'Outline', '#2D3558'),
(406, 1, 'Fill', '#43558C'),
(406, 2, 'Shadow Outline', '#233250'),
(406, 3, 'Shadow Fill', '#3F5085'),
(407, 0, 'Outline', '#AAA48B'),
(407, 1, 'Fill', '#FFF5DB'),
(407, 2, 'Shadow Outline', '#928B76'),
(407, 3, 'Shadow Fill', '#D6CFBA'),
(408, 0, 'Outline', '#AE7444'),
(408, 1, 'Fill 1', '#D7B069'),
(408, 2, 'Fill 2', '#EEDA96'),
(409, 0, 'Gradient Top', '#2F9504'),
(409, 1, 'Gradient Bottom', '#E1F98D'),
(409, 2, 'Highlight Top', '#D6F473'),
(409, 3, 'Highlight Bottom', '#EDFBC9'),
(410, 0, 'Cookie Fill', '#D0AE66'),
(410, 1, 'Chocolate Fill', '#7E5B25'),
(411, 0, 'Outline', '#4E939A'),
(411, 1, 'Fill', '#9AE2E6'),
(411, 2, 'Shadow Outline', '#45848A'),
(411, 3, 'Shadow Fill', '#89CACD'),
(412, 0, 'Outline', '#401009'),
(412, 1, 'Fill 1', '#4A150D'),
(412, 2, 'Fill 2', '#631D15'),
(413, 0, 'Gradient Top', '#743913'),
(413, 1, 'Gradient Middle', '#CA8D6A'),
(413, 2, 'Gradient Bottom', '#EDB696'),
(413, 3, 'Highlight Top', '#EBD2A9'),
(413, 4, 'Highlight Bottom', '#FFFFFF'),
(414, 0, 'Fill 1', '#F1BA47'),
(414, 1, 'Fill 2', '#FFE36D'),
(415, 0, 'Spoon Outline', '#9AD7EA'),
(415, 1, 'Spoon Fill', '#D2FFF9'),
(415, 2, 'Heart Fill', '#EA77D4'),
(415, 3, 'Heart Highlight', '#FFE9FF'),
(416, 0, 'Outline', '#ED99D2'),
(416, 1, 'Fill', '#FDC3FC'),
(416, 2, 'Shadow Fill', '#F8B2EB'),
(417, 0, 'Outline', '#966FB8'),
(417, 1, 'Fill 1', '#BB99DC'),
(417, 2, 'Fill 2', '#FFFFFF'),
(418, 0, 'Gradient Top', '#235EAA'),
(418, 1, 'Gradient Middle', '#63A9DD'),
(418, 2, 'Gradient Bottom', '#A4EEF2'),
(418, 3, 'Highlight Top', '#A3C5E0'),
(418, 4, 'Highlight Bottom', '#FFFFFF'),
(419, 0, 'Tiara', '#718ABF'),
(420, 0, 'Fill 1', '#94A6D0'),
(420, 1, 'Fill 2', '#BFC9E2'),
(421, 0, 'Outline', '#FA99CA'),
(421, 1, 'Fill', '#FCCBE4'),
(421, 2, 'Shadow Outline', '#E189B5'),
(421, 3, 'Shadow Fill', '#E3B6CC'),
(421, 4, 'Wing Stroke Gradient Tip', '#A761F4'),
(421, 5, 'Wing Fill Gradient Tip', '#C697F4'),
(422, 0, 'Outline', '#8034BA'),
(422, 1, 'Purple Gradient Dark', '#732DA2'),
(422, 2, 'Purple Gradient Light', '#C6A1E1'),
(422, 3, 'Red Gradient Dark', '#D03092'),
(422, 4, 'Red Gradient Light', '#FAC6E1'),
(422, 5, 'Yellow Gradient Dark', '#F4E9A8'),
(422, 6, 'Yellow Gradient Light', '#FAF8E1'),
(422, 7, 'Short Forelock Outline', '#66288E'),
(423, 0, 'Gradient Top', '#532075'),
(423, 1, 'Gradient Bottom', '#C181DA'),
(423, 2, 'Highlight Top', '#BF94DE'),
(423, 3, 'Highlight Bottom', '#DEC9EE'),
(424, 0, 'Gem Fill 1', '#80CCDA'),
(424, 1, 'Gem Fill 2', '#8DFFFD'),
(424, 2, 'Gem Fill 3', '#50C9E4'),
(424, 3, 'Gem Fill 4', '#24BAD2'),
(424, 4, 'Adornments', '#E4C137'),
(425, 0, 'Outline', '#D3A82E'),
(425, 1, 'Fill', '#FAE37D'),
(425, 2, 'Crown Top Jewel/Gem Outline', '#653C76'),
(425, 3, 'Crown Top Jewel Fill', '#995DB1'),
(425, 4, 'Crown Top Jewel Highlight', '#DB9EE0'),
(425, 5, 'Crown Gem Fill 1', '#DEB0EE'),
(425, 6, 'Crown Gem Fill 2', '#B863C4'),
(425, 7, 'Crown Gem Fill 3', '#8541A9'),
(425, 8, 'Shadow Outline', '#BD9932'),
(425, 9, 'Shadow Fill', '#DFCB6E'),
(426, 0, 'Outline', '#B9A369'),
(426, 1, 'Fill', '#DECB9B'),
(426, 2, 'Shadow Fill', '#CFB882'),
(427, 0, 'Outline', '#BABDBA'),
(427, 1, 'Fill 1', '#E2E7E3'),
(427, 2, 'Fill 2', '#D0D5D2'),
(428, 0, 'Gradient Top', '#3441A8'),
(428, 1, 'Gradient Bottom', '#A5D6E8'),
(429, 0, 'Ribbon', '#3C68A9'),
(429, 1, 'Ribbon Edge', '#203E64'),
(429, 2, 'Scroll Main Fill 1', '#F5EEA5'),
(429, 3, 'Scroll Main Fill 2', '#DFD192'),
(429, 4, 'Scroll Shadow Fill 1', '#C5AE7C'),
(429, 5, 'Scroll Shadow Fill 2', '#B69C5E'),
(430, 0, 'Collar Outline', '#979797'),
(430, 1, 'Collar Fill', '#FFFFFF'),
(430, 2, 'Collar Shadow Fill', '#D0D5D0'),
(430, 3, 'Cravet Outline', '#007D7D'),
(430, 4, 'Cravet Fill', '#009999'),
(431, 0, 'Frame Outline', '#C7B420'),
(431, 1, 'Frame Fill', '#EEE569'),
(431, 2, 'Lens Fill 1 (67% Opacity)', '#AACAD2'),
(431, 3, 'Lens Fill 2 (67% Opacity)', '#C8DFE2'),
(431, 4, 'Lens Fill 3 (67% Opacity)', '#B9D4D7'),
(431, 5, 'Lens Side Fill 1 (67% Opacity)', '#7BADB5'),
(431, 6, 'Lens Side Fill 2 (67% Opacity)', '#84C5DC'),
(432, 0, 'Aura', '#75E8EE'),
(433, 0, 'Outline', '#CBAF8A'),
(433, 1, 'Fill', '#FDF2D8'),
(433, 2, 'Shadow Outline', '#B8A185'),
(433, 3, 'Shadow Fill', '#E5DBC6'),
(434, 0, 'Outline', '#AC0E0C'),
(434, 1, 'Fill', '#EA2B29'),
(435, 0, 'Gradient Top', '#8E5296'),
(435, 1, 'Gradient Middle', '#F671E6'),
(435, 2, 'Gradient Bottom', '#F7B0ED'),
(435, 3, 'Highlight Top', '#F887DE'),
(435, 4, 'Highlight Bottom', '#FED0F4'),
(436, 0, 'Outline', '#E86CD4'),
(436, 1, 'Fill 1', '#FC9FE9'),
(436, 2, 'Fill 2', '#FFFFFF'),
(437, 0, 'Outline', '#5E1EBA'),
(437, 1, 'Fill', '#894EE0'),
(437, 2, 'Lens Fill (15% Opacity)', '#FFFFFF'),
(438, 0, 'Outline', '#AE741D'),
(438, 1, 'Fill', '#DC9E41'),
(438, 2, 'Shadow Fill', '#CB8D33'),
(438, 3, 'Freckles', '#FBFDB3'),
(439, 0, 'Outline', '#C52452'),
(439, 1, 'Fill 1', '#F7415F'),
(439, 2, 'Fill 2', '#FA768D'),
(440, 0, 'Gradient Top', '#4A7A26'),
(440, 1, 'Gradient Middle', '#96C934'),
(440, 2, 'Gradient Bottom', '#DCF79B'),
(440, 3, 'Highlight Top', '#BAE159'),
(440, 4, 'Highlight Bottom', '#D9F596'),
(441, 0, 'Handle 2', '#98223B'),
(441, 1, 'Handle 1', '#AC1E30'),
(441, 2, 'Handle 1 Knob', '#5C8C27'),
(441, 3, 'Blade 1', '#ACD1D9'),
(441, 4, 'Blade 2', '#8EC0CD'),
(441, 5, 'Blade Pivot', '#6EB1B8'),
(441, 6, 'Handle Seed', '#573932'),
(442, 0, 'Outline', '#82285A'),
(442, 1, 'Fill', '#C05B92'),
(442, 2, 'Shadow Outline', '#782552'),
(442, 3, 'Shadow Fill', '#A64E80'),
(443, 0, 'Outline', '#E880B3'),
(443, 1, 'Fill 1', '#F5B5CF'),
(443, 2, 'Fill 2', '#F7D6E7'),
(444, 0, 'Gradient Top', '#609955'),
(444, 1, 'Gradient Bottom', '#ABD79D'),
(445, 0, 'Petals', '#F8D6E6'),
(445, 1, 'Centers', '#FFF6B0'),
(445, 2, 'Faces', '#9D6769'),
(446, 0, 'Shadow Fill', '#AF9A66'),
(446, 1, 'Fill', '#BFAA7A'),
(446, 2, 'Outline', '#98824C'),
(447, 0, 'Fill', '#524226'),
(447, 1, 'Outline', '#332919'),
(448, 0, 'Gradient Bottom', '#A9E6FF'),
(448, 1, 'Gradient Middle', '#6DA4FF'),
(448, 2, 'Gradient Top', '#1A3C84'),
(449, 0, 'Hourglass', '#BAE9FA'),
(449, 1, 'Sand', '#E2D678'),
(449, 2, 'Hourglass Highlights', '#F6F5EB'),
(449, 3, 'Bases Fill 1', '#F2E257'),
(449, 4, 'Bases Fill 2', '#F7EC9B'),
(450, 0, 'Collar Outline', '#A8C8BA'),
(450, 1, 'Collar Fill', '#FFFFFF'),
(450, 2, 'Bow Tie Outline', '#327A64'),
(450, 3, 'Bow Tie Fill', '#4DB593'),
(451, 0, 'Outline', '#B7AC8E'),
(451, 1, 'Fill', '#F2F5D9'),
(451, 2, 'Shadow Fill', '#EBE9CC'),
(452, 0, 'Outline', '#5F462D'),
(452, 1, 'Fill 1', '#906736'),
(452, 2, 'Fill 2', '#BB9557'),
(453, 0, 'Gradient Top', '#3D2D1D'),
(453, 1, 'Gradient Middle', '#8F6435'),
(453, 2, 'Gradient Bottom', '#E0C08F'),
(454, 0, 'Outline', '#B7D9D3'),
(454, 1, 'Fill', '#FFFFFF'),
(455, 0, 'Outline', '#2C2F35'),
(455, 1, 'Fill', '#454C54'),
(455, 2, 'Abdomen Lines', '#5F666E'),
(455, 3, 'Hoof Outline', '#707174'),
(455, 4, 'Hoof Fill', '#9A9DA2'),
(455, 5, 'Hoof Fill 2', '#828289'),
(456, 0, 'Outline', '#6E7178'),
(456, 1, 'Fill', '#A8A7AC'),
(457, 0, 'Sclera', '#000000'),
(457, 1, 'Iris/Pupil', '#CBCB00'),
(457, 2, 'Eyebrow', '#A8A8AC'),
(457, 3, 'Eyelashes', '#1B1B1B'),
(459, 0, 'Outline', '#101010'),
(459, 1, 'Fill', '#373737'),
(459, 2, 'Shadow Fill', '#222222'),
(460, 0, 'Outline', '#51677D'),
(460, 1, 'Fill', '#85919E'),
(460, 2, 'Highlight', '#A8B2B6'),
(465, 0, 'Outline', '#5B362D'),
(465, 1, 'Fill', '#824E44'),
(465, 2, 'Nostril', '#351E1B'),
(465, 3, 'Outline 2', '#1A1B1D'),
(465, 4, 'Fill 2', '#38393D'),
(465, 5, 'Torso Lines', '#5D5E62'),
(467, 0, 'Outline', '#8C8E94'),
(467, 1, 'Fill', '#D1D2D6'),
(468, 0, 'Sclera', '#000000'),
(468, 1, 'Iris/Pupil', '#FFFF00'),
(468, 2, 'Eyebrow', '#D0D2D6'),
(468, 3, 'Eyelashes', '#242623'),
(469, 0, 'Outline', '#688198'),
(469, 1, 'Fill', '#A5B6C6'),
(469, 2, 'Highlight', '#D4DEE5'),
(470, 0, 'Outline', '#000000'),
(470, 1, 'Fill', '#46474B'),
(470, 2, 'Shadow Fill', '#38393D'),
(470, 3, 'Hoof Outline', '#8A8F95'),
(470, 4, 'Hoof Fill', '#D1D2D6'),
(470, 5, 'Hoof Fill 2', '#ACAFB6'),
(470, 6, 'Hoof Shadow Outline', '#727376'),
(470, 7, 'Hoof Shadow Fill', '#A8A7AC'),
(470, 8, 'Hoof Shadow Fill 2', '#8B8C90'),
(471, 0, 'Outline', '#7A292A'),
(471, 1, 'Fill', '#AD423C'),
(471, 2, 'Nostril', '#541D1D'),
(471, 3, 'Outline 2', '#292C30'),
(471, 4, 'Fill 2', '#000000'),
(471, 5, 'Horn Outline', '#212226'),
(471, 6, 'Horn Fill', '#46474B'),
(471, 7, 'Torso Lines', '#565656'),
(472, 0, 'Outline', '#8C8E94'),
(472, 1, 'Fill', '#D1D2D6'),
(473, 0, 'Outline', '#688198'),
(473, 1, 'Fill', '#A5B6C6'),
(473, 2, 'Highlight', '#D0D9E0'),
(474, 0, 'Sclera', '#000000'),
(474, 1, 'Iris/Pupil', '#FFFF00'),
(474, 2, 'Eyebrow', '#D0D2D6'),
(474, 3, 'Eyelashes', '#242623'),
(475, 0, 'Outline', '#7A2636'),
(475, 1, 'Fill', '#A5334C'),
(475, 2, 'Nostril', '#541D1D'),
(475, 3, 'Outline 2', '#292C30'),
(475, 4, 'Fill 2', '#000000'),
(475, 5, 'Horn Outline', '#212226'),
(475, 6, 'Horn Fill', '#46474B'),
(475, 7, 'Torso Lines', '#565656'),
(476, 0, 'Outline', '#000000'),
(476, 1, 'Fill', '#262B2E'),
(476, 2, 'Shadow Fill', '#232429'),
(476, 3, 'Hoof Outline', '#8A8F95'),
(476, 4, 'Hoof Fill', '#D1D2D6'),
(476, 5, 'Hoof Fill 2', '#ACAFB6'),
(476, 6, 'Hoof Shadow Outline', '#727376'),
(476, 7, 'Hoof Shadow Fill', '#A8A7AC'),
(476, 8, 'Hoof Shadow Fill 2', '#8B8C90'),
(477, 0, 'Outline', '#731D26'),
(477, 1, 'Fill', '#B62645'),
(477, 2, 'Nostril', '#541D1D'),
(477, 3, 'Outline 2', '#292C30'),
(477, 4, 'Fill 2', '#000000'),
(477, 5, 'Horn Outline', '#212226'),
(477, 6, 'Horn Fill', '#46474B'),
(477, 7, 'Torso Lines', '#565656'),
(478, 0, 'Sclera', '#000000'),
(478, 1, 'Iris/Pupil', '#FFFF00'),
(478, 2, 'Eyebrow', '#D0D2D6'),
(478, 3, 'Eyelashes', '#242623'),
(479, 0, 'Outline', '#688198'),
(479, 1, 'Fill', '#A5B6C6'),
(479, 2, 'Highlight', '#D0D9E0'),
(480, 0, 'Outline', '#8C8E94'),
(480, 1, 'Fill', '#D1D2D6'),
(481, 0, 'Outline', '#000000'),
(481, 1, 'Fill', '#262B2E'),
(481, 2, 'Shadow Fill', '#232429'),
(481, 3, 'Hoof Outline', '#8A8F95'),
(481, 4, 'Hoof Fill', '#D1D2D6'),
(481, 5, 'Hoof Fill 2', '#ACAFB6'),
(481, 6, 'Hoof Shadow Outline', '#727376'),
(481, 7, 'Hoof Shadow Fill', '#B7B8BA'),
(481, 8, 'Hoof Shadow Fill 2', '#98999A'),
(482, 0, 'Outline', '#5E5509'),
(482, 1, 'Fill', '#E5CD15'),
(482, 2, 'Highlight', '#EBEB57'),
(482, 3, 'Trim', '#B09E0D'),
(482, 4, 'Trim Highlight', '#C6B10F'),
(482, 5, 'Shadow Fill', '#6D6308'),
(483, 0, 'Ring Outline', '#8C7E0C'),
(483, 1, 'Ring Fill', '#D0C423'),
(483, 2, 'String', '#404040'),
(484, 0, 'Outline', '#CCBC96'),
(484, 1, 'Fill', '#FFFBD3'),
(484, 2, 'Shadow Outline', '#B5A887'),
(484, 3, 'Shadow Fill', '#E1DEBA'),
(485, 0, 'Outline 1', '#992246'),
(485, 1, 'Outline 2', '#DB6589'),
(485, 2, 'Fill 1', '#B82C57'),
(485, 3, 'Fill 2', '#E2829D'),
(486, 0, 'Gradient Top', '#3C591E'),
(486, 1, 'Gradient Bottom', '#B8E78C'),
(486, 2, 'Highlight Top', '#D6ECB1'),
(486, 3, 'Highlight Bottom', '#FFFFFF'),
(487, 0, 'Rose Outline', '#9B2246'),
(487, 1, 'Rose Fill', '#D13868'),
(487, 2, 'Rose Shadow Fill', '#BA2B57'),
(487, 3, 'Leaf Outline', '#74A639'),
(487, 4, 'Leaf Fill', '#97CC62'),
(487, 5, 'Stem', '#4D7325'),
(488, 0, 'Outline + Wing Gr. Start', '#FFB8DA'),
(488, 1, 'Fill + Wing Gr. Start', '#FFF2FB'),
(488, 2, 'Shadow Fill', '#FBE2F1'),
(488, 3, 'Wing Outline Gradient End', '#E38EC8'),
(488, 4, 'Wing Fill Gradient End', '#FAC9E6'),
(489, 0, 'Outline', '#8C61AD'),
(489, 1, 'Stripe', '#57C4DD'),
(489, 2, 'Fill Gradient #1', '#F592C9'),
(489, 3, 'Fill Gradient #2', '#8A76C5'),
(490, 0, 'Gradient Top', '#2BA8B7'),
(490, 1, 'Gradient Bottom', '#8AE9E9'),
(490, 2, 'Highlight Top', '#9AE2D6'),
(490, 3, 'Highlight Bottom', '#FBFFFF'),
(492, 0, 'Outline', '#4ECBE5'),
(492, 1, 'Fill', '#93F3EF'),
(493, 0, 'Rim Outline', '#92ACB0'),
(493, 1, 'Rim Fill', '#BDDBD6'),
(493, 2, 'Muzzle Pad Fill', '#FCFFFF'),
(494, 0, 'Outline', '#00324D'),
(494, 1, 'Fill', '#0F5073'),
(494, 2, 'Shadow Fill', '#0C3E57'),
(494, 3, 'Star / Stripe 1', '#62DAC1'),
(494, 4, 'Stripe 2', '#D7FBF3'),
(494, 5, 'Brooch Center Outline', '#34A6A1'),
(494, 6, 'Brooch Center Fill', '#62DAC1'),
(494, 7, 'Brooch Extras Outline', '#BCEEE4'),
(494, 8, 'Brooch Extras Fill', '#FFFFFF'),
(495, 0, 'Aura', '#FEF78A'),
(496, 0, 'Outline', '#8E8CA2'),
(496, 1, 'Fill', '#DCDCDC'),
(497, 0, 'Outline', '#57357B'),
(497, 1, 'Fill', '#9567B6'),
(497, 2, 'Stripe', '#FFFFFF'),
(498, 0, 'Gradient Top', '#1B4959'),
(498, 1, 'Gradient Middle', '#67D1E8'),
(498, 2, 'Gradient Bottom', '#7CD8E9'),
(498, 3, 'Highlight Top', '#A8E5FB'),
(498, 4, 'Highlight Bottom', '#FBFFFF'),
(499, 0, 'Fill', '#55357A'),
(500, 0, 'Outline', '#2E608F'),
(500, 1, 'Fill', '#6398C9'),
(500, 2, 'Shadow Fill', '#4F83B2'),
(501, 0, 'Outline', '#142248'),
(501, 1, 'Fill', '#243871'),
(502, 0, 'Gradient Top', '#B0841D'),
(502, 1, 'Gradient Bottom', '#F8E38C'),
(503, 0, 'Fill 1', '#FFFFAB'),
(503, 1, 'Fill 2', '#FFFFFF'),
(504, 0, 'Outline', '#947345'),
(504, 1, 'Fill', '#CA9D5D'),
(504, 2, 'Shadow Outline', '#81653A'),
(504, 3, 'Shadow Fill', '#B08A53'),
(505, 0, 'Outline', '#FFCA5B'),
(505, 1, 'Fill 1', '#FFFFFF'),
(505, 2, 'Fill 2', '#FFF5A6'),
(506, 0, 'Gradient Top', '#6011B1'),
(506, 1, 'Gradient Middle', '#B863FF'),
(506, 2, 'Gradient Bottom', '#D4A7F6'),
(506, 3, 'Highlight', '#E6C5FF'),
(507, 0, 'Crosses', '#FFF5CE'),
(507, 1, 'Diamonds', '#FF931D'),
(508, 0, 'Aura', '#BF98E7'),
(509, 0, 'Frame', '#FFFFFF'),
(509, 1, 'Lens (38% Opacity)', '#99EDF3'),
(510, 0, 'Outline/Patch Outline', '#676E57'),
(510, 1, 'Fill', '#84916E'),
(510, 2, 'Outline 2', '#D57316'),
(510, 3, 'Fill 2/Patch Fill 1', '#FF931E'),
(510, 4, 'Patch Fill 2', '#A9B393'),
(510, 5, 'Comb Outline', '#D4BEA1'),
(510, 6, 'Comb Fill', '#FFFFFF'),
(510, 7, 'Shadow Outline', '#5C614D'),
(510, 8, 'Shadow Fill', '#738062'),
(510, 9, 'Shadow Outline 2', '#B56416'),
(510, 10, 'Shadow Fill 2', '#E4811B'),
(511, 0, 'Outline', '#C5BE93'),
(511, 1, 'Fill', '#FFFFDE'),
(511, 2, 'Shadow Outline', '#B4AD86'),
(511, 3, 'Shadow Fill', '#E8E7CB'),
(512, 0, 'Outline', '#6D6136'),
(512, 1, 'Fill', '#C5AC58'),
(513, 0, 'Gradient Top', '#4E9E7F'),
(513, 1, 'Gradient Bottom', '#92F4B5'),
(513, 2, 'Highlight', '#98FFB8'),
(514, 0, 'Paw Prints', '#6B633A'),
(515, 0, 'Frame', '#000000'),
(516, 0, 'Outline', '#85A1BE'),
(516, 1, 'Fill', '#D8E5EE'),
(516, 2, 'Highlight', '#F0F5F7'),
(517, 0, 'Body', '#7FD0F4'),
(517, 1, 'Shine', '#A8E1F8'),
(517, 2, 'Rim', '#4097BA'),
(517, 3, 'Inside Fill', '#15434D'),
(518, 0, 'Base', '#77376A'),
(518, 1, 'Shine', '#9B488B'),
(518, 2, 'Rope Fill', '#D7BB7A'),
(518, 3, 'Rope Lines', '#8C6837'),
(519, 0, 'Front Wheel Side', '#A1396C'),
(519, 1, 'Front Wheel Fill', '#77376A'),
(519, 2, 'Front Wheel Rim', '#F25595'),
(519, 3, 'Back Wheel Side', '#A1396C'),
(519, 4, 'Back Wheel Fill', '#441F3E'),
(519, 5, 'Back Wheel Rim', '#792D53'),
(519, 6, 'Flower Center Outline', '#C6871C'),
(519, 7, 'Flower Center Fill', '#EFB948'),
(519, 8, 'Flower Pedal Outline', '#ECCE7F'),
(519, 9, 'Flower Pedal Fill', '#FFF6AC'),
(520, 0, 'Outline', '#DAAC79'),
(520, 1, 'Fill', '#FFEFB9'),
(520, 2, 'Shadow Outline', '#B89267'),
(520, 3, 'Shadow Fill', '#D7CB9D'),
(520, 4, 'Stubble/Chest Hair', '#5F5872'),
(521, 0, 'Outline', '#56456B'),
(521, 1, 'Fill 1', '#7A7092'),
(521, 2, 'Fill 2', '#9086A3'),
(522, 0, 'Gradient Top', '#126BA6'),
(522, 1, 'Gradient Middle', '#2AADD0'),
(522, 2, 'Gradient Bottom', '#88CFEE'),
(523, 0, 'Side Fill/Rim Side', '#EFAB42'),
(523, 1, 'Side Shine', '#FFD248'),
(523, 2, 'Face Rim', '#FFEDA1'),
(523, 3, 'Face Fill', '#FFDA6C'),
(524, 0, 'Gold Tooth Outline', '#F3AB42'),
(524, 1, 'Gold Tooth Fill', '#FFDA6C'),
(524, 2, 'Mouth Fill', '#A25A72'),
(524, 3, 'Tongue Fill', '#E78226'),
(525, 0, 'Outline', '#D96374'),
(525, 1, 'Fill', '#FF9A97'),
(525, 2, 'Shadow Outline', '#B85563'),
(525, 3, 'Shadow Fill', '#D68080'),
(526, 0, 'Outline', '#8F5459'),
(526, 1, 'Fill', '#B26F51'),
(526, 2, 'Buckle Outline', '#F3AB43'),
(526, 3, 'Buckle Fill', '#FFDA6C'),
(527, 0, 'Cord/Outline', '#FAD753'),
(527, 1, 'Fill 1', '#FFF7C2'),
(527, 2, 'Fill 2', '#F3AB43'),
(528, 0, 'Outline', '#F0AB41'),
(528, 1, 'Fill 1', '#FFDB6C'),
(528, 2, 'Fill 2', '#FBF6B4'),
(529, 0, 'Outline', '#B29ABB'),
(529, 1, 'Fill', '#E8DBEF'),
(529, 2, 'Shadow Outline', '#948299'),
(529, 3, 'Shadow Fill', '#C6B8C9'),
(530, 0, 'Outline', '#F06B4A'),
(530, 1, 'Fill 1', '#FFA258'),
(530, 2, 'Fill 2', '#FFD17F'),
(531, 0, 'Gradient Top', '#4E948B'),
(531, 1, 'Gradient Bottom', '#63D7C0'),
(532, 0, 'Border / Shine', '#F8F275'),
(532, 1, 'Fill 1', '#F6F190'),
(532, 2, 'Fill 2', '#EBC22A'),
(533, 0, 'Outline', '#3B6B8F'),
(533, 1, 'Fill', '#5FA2C0'),
(533, 2, 'Shadow Outline', '#345A76'),
(533, 3, 'Shadow Fill', '#5087A3'),
(533, 4, 'Tie Outline', '#202A40'),
(533, 5, 'Tie Fill', '#2F3D5D'),
(533, 6, 'Sleeve Outline', '#202A40'),
(533, 7, 'Sleeve Fill', '#4E6A88'),
(533, 8, 'Shadow Sleeve Outline', '#1C2339'),
(533, 9, 'Shadow Sleeve Fill', '#425A70'),
(534, 0, 'Outline', '#202A40'),
(534, 1, 'Fill 1', '#2E3E5E'),
(534, 2, 'Fill 2', '#4D6A88'),
(534, 3, 'Brim', '#000000'),
(534, 4, 'Badge Outline', '#EDC029'),
(534, 5, 'Badge Fill', '#F8E77E'),
(535, 0, 'Fill', '#000000'),
(535, 1, 'Shine', '#656565'),
(536, 0, 'Outline', '#95BFCB'),
(536, 1, 'Fill', '#FBFBFB'),
(536, 2, 'Shadow Outline', '#93B5BD'),
(536, 3, 'Shadow Fill', '#F1F1F1'),
(536, 4, 'Hoof Outline', '#9C8126'),
(536, 5, 'Hoof Fill', '#D9BA61'),
(536, 6, 'Hoof Shadow Outline', '#947923'),
(536, 7, 'Hoof Shadow Fill', '#CEB15C'),
(536, 8, 'Vein Outline', '#C6DBE2'),
(537, 0, 'Outline', '#9D8026'),
(537, 1, 'Fill', '#D9BA61'),
(538, 0, 'Fill', '#FF0000'),
(539, 0, 'Fill 1', '#333333'),
(539, 1, 'Fill 2', '#CBCBCB'),
(539, 2, 'Outline', '#979797'),
(540, 0, 'Teeth Outline', '#BAAE75'),
(540, 1, 'Teeth Fill', '#ECE8B2'),
(540, 2, 'Gums', '#F39395'),
(540, 3, 'Inside Mouth', '#493565'),
(540, 4, 'Tongue Outline', '#DE5A5E'),
(540, 5, 'Tongue Fill', '#FF9898'),
(541, 0, 'Outline', '#E6D247'),
(541, 1, 'Fill', '#F9F165'),
(542, 0, 'Outline', '#EB792F'),
(542, 1, 'Fill', '#FDAB58'),
(542, 2, 'Shadow Outline', '#E65D1B'),
(542, 3, 'Shadow Fill', '#F58F42'),
(543, 0, 'Outline', '#774994'),
(543, 1, 'Fill 1', '#B072BE'),
(543, 2, 'Fill 2', '#985FAE'),
(544, 0, 'Gradient Top', '#4B1459'),
(544, 1, 'Gradient Bottom', '#AC72C5'),
(544, 2, 'Highlight Top', '#8324AC'),
(544, 3, 'Highlight Bottom', '#F0C6F0'),
(545, 0, 'Hat Fill', '#000000'),
(545, 1, 'Hat Top', '#2F3853'),
(545, 2, 'Hat Shine', '#A8AEDA'),
(545, 3, 'Hat Band', '#4F5B8A'),
(545, 4, 'Spotlight (60% Opacity)', '#FBFFD4'),
(545, 5, 'Spotlight Base', '#FCF5C7'),
(546, 0, 'Outline', '#B797D0'),
(546, 1, 'Fill', '#EADFF2'),
(546, 2, 'Shadow Outline', '#A287BB'),
(546, 3, 'Shadow Fill', '#D2C9DC'),
(547, 0, 'Outline', '#FFCC73'),
(547, 1, 'Fill 1', '#FFEBA6'),
(547, 2, 'Fill 2', '#FFDE8C'),
(547, 3, 'Hairband Outline', '#E976A9'),
(547, 4, 'Hairband Fill', '#F1A1CF'),
(548, 0, 'Gradient Top', '#902E75'),
(548, 1, 'Gradient Bottom', '#CF77B1'),
(548, 2, 'Highlight Top', '#CF72AF'),
(548, 3, 'Highlight Bottom', '#DF93BC'),
(548, 4, 'Eyeshadow', '#E4AFDB'),
(549, 0, 'Fill 1', '#705E99'),
(549, 1, 'Fill 2', '#CF8DB6'),
(549, 2, 'Lines', '#000000'),
(550, 0, 'Top Outline', '#342E46'),
(550, 1, 'Top Fill', '#4B4369'),
(550, 2, 'Top Shadow Outline', '#2C2940'),
(550, 3, 'Top Shadow Fill', '#443C5E'),
(550, 4, 'Skirt Outline', '#F8BEE4'),
(550, 5, 'Skirt Fill', '#FFF0F7'),
(550, 6, 'Leg Warmer/Belt Outline', '#E976A9'),
(550, 7, 'Leg Warmer/Belt Fill', '#F1A1CF'),
(550, 8, 'Leg Warmer Shadow Outline', '#D26A95'),
(550, 9, 'Leg Warmer Shadow Fill', '#DA90BA'),
(551, 0, 'Outline', '#7673CE'),
(551, 1, 'Fill', '#C0B6F3'),
(551, 2, 'Shadow Outline', '#696AB9'),
(551, 3, 'Shadow Fill', '#ACA3DA'),
(552, 0, 'Outline', '#81C2EF'),
(552, 1, 'Fill 1', '#BBEAFF'),
(552, 2, 'Fill 2', '#FFFFFF'),
(553, 0, 'Gradient Top', '#482648'),
(553, 1, 'Gradient Middle 1', '#A650A7'),
(553, 2, 'Gradient Middle 2', '#D078A7'),
(553, 3, 'Gradient Bottom', '#DE9FBF'),
(554, 0, 'Star', '#EDEAA9'),
(554, 1, 'Trail Fill 1', '#CFF1FF'),
(554, 2, 'Trail Fill 2', '#87C4EC'),
(554, 3, 'Sparkles', '#FFFFFF'),
(555, 0, 'Outline', '#2B2B2B'),
(555, 1, 'Fill', '#555555'),
(555, 2, 'Shadow Fill', '#434343'),
(556, 0, 'Outline', '#7CACAB'),
(556, 1, 'Fill', '#A9D5D4'),
(556, 2, 'Stripes', '#DBEDEB'),
(557, 0, 'Gradient Top', '#966535'),
(557, 1, 'Gradient Middle', '#CD9F2F'),
(557, 2, 'Gradient Bottom', '#F9E485'),
(558, 0, 'Lightning', '#F3EBA3'),
(558, 1, 'Cloud Fill', '#AAA8A9'),
(558, 2, 'Cloud Inner Stroke', '#C4C3C3'),
(558, 3, 'Trails', '#BFBFBF'),
(559, 0, 'Outline', '#272626'),
(559, 1, 'Fill', '#555555'),
(559, 2, 'Shadow Outline', '#1E1E20'),
(559, 3, 'Shadow Fill', '#424242'),
(560, 0, 'Outline', '#1EBCE2'),
(560, 1, 'Fill 1', '#83DAEF'),
(560, 2, 'Fill 2', '#C6F0FB'),
(561, 0, 'Gradient Top', '#056596'),
(561, 1, 'Gradient Middle', '#27ABE7'),
(561, 2, 'Gradient Bottom', '#5FC9F5'),
(562, 0, 'Stroke', '#9E9DAB'),
(562, 1, 'Fill', '#DCDBE3'),
(563, 0, 'Stroke', '#9A99AA'),
(563, 1, 'Fill', '#DBD9E2'),
(563, 2, 'Stripe', '#653599'),
(563, 3, 'Shadow Stroke', '#7B7D88'),
(563, 4, 'Shadow Fill', '#B1AFB7'),
(563, 5, 'Shadow Stripe', '#532B7C'),
(564, 0, 'Outline', '#9594D9'),
(564, 1, 'Fill', '#CCC3F3'),
(564, 2, 'Shadow Outline', '#8484C3'),
(564, 3, 'Shadow Fill', '#B8AFDA'),
(565, 0, 'Outline', '#5BCBC9'),
(565, 1, 'Fill', '#C4F3EB'),
(566, 0, 'Gradient Top', '#4E2B51'),
(566, 1, 'Gradient Middle', '#D078A7'),
(566, 2, 'Gradient Bottom', '#DD9EBD'),
(567, 0, 'Wings', '#E7EDF8'),
(567, 1, 'Head', '#5AACBB'),
(567, 2, 'Body', '#68C0BC'),
(567, 3, 'Body Stripes', '#91E5E2'),
(568, 0, 'Stroke', '#C65AE1'),
(568, 1, 'Fill', '#FF97FF'),
(569, 0, 'Outline', '#737373'),
(569, 1, 'Fill', '#989898'),
(569, 2, 'Shadow Outline', '#776D6D'),
(569, 3, 'Shadow Fill', '#858585'),
(570, 0, 'Outline', '#88DCEE'),
(570, 1, 'Fill', '#BCFFFF'),
(571, 0, 'Gradient Top', '#006596'),
(571, 1, 'Gradient Bottom', '#49C4F1'),
(572, 0, 'Stars', '#FFFFFF'),
(573, 0, 'Outline', '#176361'),
(573, 1, 'Fill 1/Button Fill', '#1998A1'),
(573, 2, 'Fill 2', '#FFFFFF'),
(573, 3, 'Shadow Outline', '#17585C'),
(573, 4, 'Shadow Fill 1', '#1A8A94'),
(573, 5, 'Shadow Fill 2', '#EAEAEA'),
(574, 0, 'Outline', '#437BCF'),
(574, 1, 'Fill', '#75B1ED'),
(574, 2, 'Shadow Outline', '#3E71BA'),
(574, 3, 'Shadow Fill', '#6BA1D7'),
(575, 0, 'Outline', '#243B50'),
(575, 1, 'Fill', '#375A7E'),
(576, 0, 'Gradient Top', '#BF942E'),
(576, 1, 'Gradient Bottom', '#FFED9C'),
(576, 2, 'Highlight', '#F6E38C'),
(577, 0, 'Musical Notes', '#FFFFFF'),
(578, 0, 'Outline', '#FFD16C'),
(578, 1, 'Fill', '#FFF9D0'),
(578, 2, 'Shadow Outline', '#E7BF61'),
(578, 3, 'Shadow Fill', '#E0DBB8'),
(579, 0, 'Outline', '#9F3760'),
(579, 1, 'Fill', '#D04B8D'),
(579, 2, 'Stripes', '#FF6E60'),
(579, 3, 'Beads 1', '#1AE7E4'),
(579, 4, 'Beads 2', '#9AEBEB'),
(580, 0, 'Gradient Top', '#661D47'),
(580, 1, 'Gradient Bottom', '#CF2F89'),
(580, 2, 'Highlight Top', '#EE64B3'),
(580, 3, 'Highlight Bottom', '#FFC0E8'),
(580, 4, 'Eyeshadow', '#F7A0C3'),
(581, 0, 'Hat Tip/Brim', '#CF4C8D'),
(581, 1, 'Hat Sideband', '#7E4061'),
(581, 2, 'Card Outline', '#C2E0DB'),
(581, 3, 'Card Fill 1', '#FFFFFF'),
(581, 4, 'Card Fill 2', '#19CBCB'),
(582, 0, 'Outline', '#5DD8A3'),
(582, 1, 'Fill', '#B3F2C6'),
(582, 2, 'Shadow Fill', '#93E4AC'),
(583, 0, 'Outline 1', '#ED20A1'),
(583, 1, 'Outline 2', '#FBA5C9'),
(583, 2, 'Fill 1', '#FB71AA'),
(583, 3, 'Fill 2', '#FCD1E4'),
(584, 0, 'Gradient Top', '#B01279'),
(584, 1, 'Gradient Bottom', '#FF6ED0'),
(584, 2, 'Highlight Top', '#FC8AE5'),
(584, 3, 'Highlight Bottom', '#FCCAF1'),
(585, 0, 'Machine Base', '#A25CC0'),
(585, 1, 'Machine Slot 1', '#D9E6E2'),
(585, 2, 'Machine Slot 2', '#AEBEBE'),
(585, 3, 'Machine Slot Fill 1', '#463C62'),
(585, 4, 'Machine Slot Fill 2', '#38314A'),
(585, 5, 'Glass Fill', '#D4F8FB'),
(585, 6, 'Glass Highlight (90% Opacity)', '#FFFFFF'),
(585, 7, 'Gumball 1', '#DF6C8F'),
(585, 8, 'Gumball 2', '#ECD359'),
(585, 9, 'Gumball 3', '#72D2D2'),
(585, 10, 'Gumball 4', '#ED8158'),
(586, 0, 'Outline', '#535257'),
(586, 1, 'Fill', '#E1DCE2'),
(586, 2, 'Markings', '#7D7B89'),
(586, 3, 'Hoof Fill', '#3D3C42'),
(586, 4, 'Shadow Fill', '#AEA8B6'),
(586, 5, 'Shadow Markings', '#6C6B7D'),
(586, 6, 'Hoof Shadow Fill', '#484452'),
(587, 0, 'Outline', '#535257'),
(587, 1, 'Fill 1', '#FFFFFF'),
(587, 2, 'Fill 2', '#7D7B89'),
(587, 3, 'Light Tail Stripe', '#E1DCE2'),
(588, 0, 'Gradient Top', '#18505B'),
(588, 1, 'Gradient Bottom', '#1A6C7D'),
(588, 2, 'Highlight Top', '#16A3BE'),
(588, 3, 'Highlight Bottom', '#2BCBE8'),
(589, 0, 'Jewellery Outline', '#A0833D'),
(589, 1, 'Jewellery Fill', '#FAC42D'),
(589, 2, 'Jewellery Highlight', '#FFFF64'),
(589, 3, 'Jewellery Reflection', '#D49F1D'),
(589, 4, 'Jewellery Shadow Outline', '#846E4E'),
(589, 5, 'Jewellery Shadow Fill', '#BA9947'),
(589, 6, 'Jewellery Shadow Highlight', '#C2BD6A'),
(589, 7, 'Jewellery Shadow Reflection', '#A1813A'),
(590, 0, 'Outline', '#666052'),
(590, 1, 'Fill', '#BAB8AF'),
(590, 2, 'Shadow Fill', '#A1A095'),
(591, 0, 'Outline', '#000000'),
(591, 1, 'Fill', '#343434'),
(591, 2, 'Stripe', '#656565'),
(592, 0, 'Gradient Top', '#491E59'),
(592, 1, 'Gradient Bottom', '#B465CB'),
(592, 2, 'Highlight Top', '#9852B0'),
(592, 3, 'Highlight Bottom', '#C98EDA'),
(593, 0, 'Treble Clef', '#A75CBE'),
(594, 0, 'Collar Outline', '#CCE2F6'),
(594, 1, 'Collar Fill', '#FFFFFF'),
(594, 2, 'Bowtie Outline', '#B456AA'),
(594, 3, 'Bowtie Fill', '#E490DC'),
(595, 0, 'Outline', '#B9AE4B'),
(595, 1, 'Fill', '#F7FBCF'),
(595, 2, 'Shadow Fill', '#EEECB8'),
(596, 0, 'Outline 1', '#282F53'),
(596, 1, 'Fill 1', '#365A93'),
(596, 2, 'Outline 2', '#E53D7A'),
(596, 3, 'Fill 2', '#FF8CDB'),
(597, 0, 'Gradient Top', '#195F65'),
(597, 1, 'Gradient Bottom', '#2BB1B9'),
(597, 2, 'Highlight Top', '#6DD0D8'),
(597, 3, 'Highlight Bottom', '#ADE3E6'),
(598, 0, 'Candy Outline', '#237AC1'),
(598, 1, 'Candy Fill 1', '#60CCFB'),
(598, 2, 'Candy Fill 2', '#FAFF5F'),
(598, 3, 'Candy Inner Fill', '#359FED'),
(599, 0, 'Outline', '#EF20A0'),
(599, 1, 'Fill (75% Opacity)', '#F771A6'),
(599, 2, 'Highlight', '#FFFFFF'),
(600, 0, 'Outline', '#329732'),
(600, 1, 'Fill', '#50C454'),
(600, 2, 'Outline 2', '#95D884'),
(600, 3, 'Fill 2', '#C2F0A3'),
(600, 4, 'Nostrils', '#30694C'),
(601, 0, 'Outline', '#9C40F6'),
(601, 1, 'Far Eye Top Line', '#CF8AFF'),
(601, 2, 'Lines Gradient Top', '#B04DF9'),
(601, 3, 'Lines Gradient Bottom', '#B96DF5'),
(601, 4, 'Gradient Top', '#7F17CB'),
(601, 5, 'Gradient Middle', '#C478F9'),
(601, 6, 'Gradient Bottom', '#E6CCFF'),
(602, 0, 'Tongue Gradient Tip', '#F16AC4'),
(602, 1, 'Tongue Gradient Base', '#A64688'),
(602, 2, 'Tongue Centre Stroke', '#AC369C'),
(602, 3, 'Gum Outline', '#C787C6'),
(602, 4, 'Gum Fill', '#FFB3FF'),
(602, 5, 'Fill', '#990033'),
(602, 6, 'Dark Fill', '#4A001D'),
(603, 0, 'Outline', '#526D6D'),
(603, 1, 'Fill', '#C13271'),
(603, 2, 'Tongue', '#F9A4E0'),
(603, 3, 'Teeth Separator', '#CDCDCD'),
(604, 0, 'Outline', '#C16A10'),
(604, 1, 'Fill', '#FF9933'),
(604, 2, 'Spots', '#E17B14'),
(604, 3, 'Inner Outline', '#FFF4B7'),
(604, 4, 'Inner Fill', '#FFC653'),
(605, 0, 'Foreleg Outline', '#71AE4C'),
(605, 1, 'Foreleg Fill', '#ADDA82'),
(605, 2, 'Hindleg Outline', '#2B5824'),
(605, 3, 'Hindleg Fill', '#408237'),
(606, 0, 'Outline', '#6B002C'),
(606, 1, 'Fill', '#990033'),
(607, 0, 'Outline', '#1A3188'),
(607, 1, 'Fill', '#2C4CD5'),
(607, 2, 'Pony', '#F0E485'),
(608, 0, 'Outer Lines', '#3E200D'),
(608, 1, 'Outer Fill', '#73401E'),
(608, 2, 'Lower Jaw Outer Fill', '#915B1E'),
(608, 3, 'Front Lines', '#93591C'),
(608, 4, 'Front Fill', '#AB7322'),
(608, 5, 'Inner Lines', '#B4833B'),
(608, 6, 'Inner Fill', '#C99858'),
(609, 0, 'Eye Fill', '#F5F1B0'),
(609, 1, 'Eye Shading', '#E1D072'),
(609, 2, 'Teeth Fill', '#D8CA7B'),
(609, 3, 'Front Tooth Fill', '#BFA94F'),
(609, 4, 'Teeth Shading', '#98913C'),
(609, 5, 'Antlers', '#321F0F'),
(609, 6, 'Leaf Outline', '#2B611E'),
(609, 7, 'Leaf Fill', '#3D8A30'),
(610, 0, 'Outer Lines', '#351E0F'),
(610, 1, 'Outer Fill', '#66391A'),
(610, 2, 'Front Lines', '#845115'),
(610, 3, 'Front Fill', '#98651F'),
(610, 4, 'Ropes', '#000000'),
(611, 0, 'Outer Lines', '#3E200D'),
(611, 1, 'Outer Fill', '#73401E'),
(611, 2, 'Top Lines', '#93591C'),
(611, 3, 'Top Fill', '#AB7322'),
(611, 4, 'Claws', '#3D2010'),
(612, 0, 'Fill', '#54371C'),
(612, 1, 'Tip 1', '#B9845F'),
(612, 2, 'Tip 2', '#CC9D80'),
(612, 3, 'Tip 3', '#CDB496'),
(612, 4, 'Leaf Outline', '#2B611E'),
(612, 5, 'Leaf Fill', '#3D8A30'),
(613, 0, 'Outline', '#583A25'),
(613, 1, 'Fill 1', '#9A6642'),
(613, 2, 'Fill 2', '#FFFFFF'),
(613, 3, 'Shadow Outline', '#44261E'),
(613, 4, 'Shadow Fill 1', '#6C472E'),
(613, 5, 'Shadow Fill 2', '#B2B2B2'),
(614, 0, 'Eye', '#000000'),
(614, 1, 'Highlight', '#FFFFFF'),
(614, 2, 'Nose', '#744E32'),
(614, 3, 'Whiskers', '#595959'),
(615, 0, 'Teeth', '#CBCBCB'),
(615, 1, 'Mouth', '#9B0000'),
(615, 2, 'Tongue', '#FF82BA'),
(616, 0, 'Outline', '#941D1D'),
(616, 1, 'Fill', '#BF2725'),
(616, 2, 'Tag Fill', '#DBC626'),
(616, 3, 'Tag Highlight', '#F1E76B'),
(617, 0, 'Outline', '#BEA66E'),
(617, 1, 'Fill', '#E0D39D'),
(617, 2, 'Outline 2', '#5F533E'),
(617, 3, 'Fill 2', '#91825F'),
(617, 4, 'Talon Outline', '#D97A1C'),
(617, 5, 'Talon Fill', '#FFAB59'),
(618, 0, 'Eyes', '#534838'),
(618, 1, 'Beak Outline', '#D97A1C'),
(618, 2, 'Beak Fill', '#FFAB59'),
(618, 3, 'Mouth', '#845245'),
(619, 0, 'Outline', '#398E96'),
(619, 1, 'Fill 1', '#43B6C0'),
(619, 2, 'Fill 2', '#FBECB3'),
(620, 0, 'Outline', '#EDC43C'),
(620, 1, 'Fill', '#F6D93D'),
(620, 2, 'Shadow Fill', '#E1C63B'),
(621, 0, 'Outline', '#529821'),
(621, 1, 'Fill', '#7FC04B'),
(622, 0, 'Eye Fill', '#1B3120'),
(622, 1, 'Eyebrow', '#000000'),
(622, 2, 'Outline', '#3E7353'),
(622, 3, 'Fill', '#63AB80'),
(622, 4, 'Leg Spots', '#67C294'),
(622, 5, 'Claw', '#AAF796'),
(622, 6, 'Shadow Fill', '#579B72'),
(622, 7, 'Shadow Leg Spots', '#5AAA80'),
(622, 8, 'Shadow Claw', '#8BCF86'),
(622, 9, 'Sole', '#4D8E66'),
(623, 0, 'Outline', '#3E7352'),
(623, 1, 'Fill', '#529B6F'),
(623, 2, 'Outer Circles', '#67C294'),
(623, 3, 'Middle Circles', '#AAF797'),
(623, 4, 'Inner Circles', '#DCFF93'),
(623, 5, 'Interior', '#0E1C0F'),
(623, 6, 'Bridge Outline', '#1C3121'),
(623, 7, 'Bridge Fill', '#2B4D33'),
(624, 0, 'Fill', '#AAF798'),
(624, 1, 'Lines', '#67C193'),
(624, 2, 'Leg Hole Fill', '#488A62'),
(625, 0, 'Fill', '#BD1C78'),
(625, 1, 'Dark Fill', '#4C0B30'),
(625, 2, 'Tongue', '#F27032'),
(625, 3, 'Alternate Tongue', '#FF6699'),
(625, 4, 'Alternate Tongue Stroke', '#FF2E7F'),
(626, 0, 'Lens Outline', '#856B2C'),
(626, 1, 'Lens Fill (See Notes)', '#A0CBD6'),
(626, 2, 'Lens Highlight (See Notes)', '#C8E9E0'),
(626, 3, 'Front Fill', '#AD8935'),
(626, 4, 'Side Fill 1', '#59461D'),
(626, 5, 'Side Fill 2/Strap Fill', '#403313'),
(627, 0, 'Shell/Propellor Outline', '#85ADC0'),
(627, 1, 'Shell/Propellor Fill', '#B3D7E5'),
(627, 2, 'Shell Highlight', '#E5F2F8'),
(627, 3, 'Rotor', '#1B0D24'),
(627, 4, 'Belt Outline', '#392914'),
(627, 5, 'Belt Fill', '#5D4123'),
(627, 6, 'Belt Buckle Outline', '#67ADCC'),
(627, 7, 'Belt Buckle Fill', '#B2D7E5'),
(627, 8, 'Magic Aura', '#FDF696'),
(628, 0, 'Outline', '#145086'),
(628, 1, 'Fill', '#4BC9DC'),
(628, 2, 'Shadow Fill (Legs)', '#3394B7'),
(628, 3, 'Shadow Fill (Wings)', '#41B0CB'),
(628, 4, 'Underbelly Outline', '#0FBBC3'),
(628, 5, 'Underbelly Fill', '#A3FAEC'),
(628, 6, 'Scales 1 (face, side, leg)', '#249DD6'),
(628, 7, 'Scales 2 (near-body tail)', '#2191C2'),
(628, 8, 'Scales 3 (middle of tail)', '#1385C0'),
(628, 9, 'Scales 4 (far end of tail)', '#116EB6'),
(629, 0, 'Outline Gradient Top', '#483484'),
(629, 1, 'Outline Gradient Bottom', '#5F53CC'),
(629, 2, 'Fill Gradient Top', '#6A53CB'),
(629, 3, 'Fill Gradient Bottom', '#81ADF7'),
(630, 0, 'Spines/Tail Outline', '#21315F'),
(630, 1, 'Spines/Tail Fill', '#30478F'),
(630, 2, 'Horn Outline', '#C0B5DF'),
(630, 3, 'Horn Fill', '#F8FAE3'),
(631, 0, 'Gradient Top', '#DE333D'),
(631, 1, 'Gradient Bottom', '#F8834F'),
(631, 2, 'Eyelid', '#1485BD'),
(631, 3, 'Eyebrow', '#213160'),
(631, 4, 'Under-eye Scales', '#83F2F8'),
(632, 0, 'Teeth Outline', '#AFD8CF'),
(632, 1, 'Teeth Fill', '#FFFFFF'),
(632, 2, 'Tongue', '#FD8531'),
(632, 3, 'Cheek', '#A95495'),
(632, 4, 'Throat', '#592D51'),
(633, 0, 'Outline', '#B4BACB'),
(633, 1, 'Fill', '#F0F2F4'),
(633, 2, 'Tail Fill', '#D7DDDF'),
(633, 3, 'Claws', '#66666F'),
(634, 0, 'Eye/Closed Mouth Outline', '#2E3640'),
(634, 1, 'Eyeshadow', '#B697C5'),
(634, 2, 'Eyeball', '#CFF379'),
(634, 3, 'Nose', '#FF9999'),
(634, 4, 'Whiskers', '#66666F'),
(635, 0, 'Open Mouth Outline', '#AE5682'),
(635, 1, 'Gums', '#FF979E'),
(635, 2, 'Fill', '#BF1D7A'),
(635, 3, 'Dark Fill', '#6F1148'),
(635, 4, 'Tongue', '#F17031'),
(635, 5, 'Tongue Stroke', '#BE4406'),
(636, 0, 'Bow Outline', '#674279'),
(636, 1, 'Bow Fill', '#9565A9'),
(636, 2, 'Bow Shadow Fill', '#815293'),
(637, 0, 'Fill', '#674279'),
(637, 1, 'Gem Fill', '#09B8CB'),
(637, 2, 'Gem Highlight', '#FFFFFF'),
(637, 3, 'Flower Petals', '#9565A9'),
(637, 4, 'Opal Main Fill', '#55E4F0'),
(637, 5, 'Opal Facet 1', '#0BB8CB'),
(637, 6, 'Opal Facet 2', '#DFEE5B'),
(637, 7, 'Opal Facet 3', '#A3F090'),
(637, 8, 'Opal Facet 4', '#F87CF9'),
(637, 9, 'Opal Highlight (60% Opacity)', '#FFFFFF'),
(638, 0, 'Outline', '#D0A02E'),
(638, 1, 'Fill', '#EDE58E'),
(638, 2, 'Shadow Outline', '#C4973B'),
(638, 3, 'Shadow Fill', '#D9C273'),
(639, 0, 'Outline', '#B27B29'),
(639, 1, 'Fill 1', '#DB9E44'),
(639, 2, 'Fill 2', '#E3CC6F'),
(640, 0, 'Gradient Top', '#275C00'),
(640, 1, 'Gradient Middle', '#3EA034'),
(640, 2, 'Gradient Bottom', '#8BE64E'),
(641, 0, 'Stem', '#41311A'),
(641, 1, 'Apple', '#DE3825'),
(643, 0, 'Outline', '#533619'),
(643, 1, 'Fill', '#9A642E'),
(643, 2, 'Stitches', '#D5A242'),
(644, 0, 'Outline 1', '#351E0F'),
(644, 1, 'Fill 1', '#4C3117'),
(644, 2, 'Outline 2', '#52361B'),
(644, 3, 'Fill 2', '#9A642E'),
(645, 0, 'Outline', '#DBC3B0'),
(645, 1, 'Fill', '#FEF7DD'),
(645, 2, 'Hair', '#ADA17D'),
(645, 3, 'Dewclaw', '#696969'),
(646, 0, 'Reflection', '#DBE3E8'),
(646, 1, 'Pupil', '#000000'),
(646, 2, 'Eyebrows', '#6E6A61'),
(646, 3, 'Bottom Line', '#D8C8B1'),
(647, 0, 'Nostril Fill 1', '#755754'),
(647, 1, 'Nostril Fill 2', '#B8978B'),
(647, 2, 'Front Fill', '#E6D2B9'),
(648, 0, 'Outline', '#EBABBA'),
(648, 1, 'Fill', '#F7D8E1'),
(648, 2, 'Hair', '#B89C7D'),
(648, 3, 'Dewclaw', '#6B6B6B'),
(649, 0, 'Reflection', '#DBE3E8'),
(649, 1, 'Pupil', '#000000'),
(649, 2, 'Eyebrows', '#75696D'),
(649, 3, 'Bottom Line', '#E6B1BD'),
(650, 0, 'Nostril Fill 1', '#A4518B'),
(650, 1, 'Nostril Fill 2', '#DEA2AB'),
(650, 2, 'Front Fill', '#F8C0D2'),
(651, 0, 'Body Outline', '#7D5F35'),
(651, 1, 'Body Fill', '#AE8851'),
(651, 2, 'Body Spots', '#94723D'),
(651, 3, 'Nostril', '#5A472C'),
(652, 0, 'Body Outline', '#665536'),
(652, 1, 'Body Fill', '#947A4D'),
(652, 2, 'Body Spots', '#7C6640'),
(653, 0, 'Outline', '#3F4552'),
(653, 1, 'Fill', '#74798A'),
(653, 2, 'Hair', '#535664'),
(653, 3, 'Dewclaw', '#000000'),
(654, 0, 'Reflection', '#DBE3E8'),
(654, 1, 'Pupil', '#000000'),
(654, 2, 'Eyebrows', '#000000'),
(654, 3, 'Bottom Line', '#484B5A'),
(655, 0, 'Nostril Fill 1', '#1A2029'),
(655, 1, 'Nostril Fill 2', '#333945'),
(655, 2, 'Front Fill', '#505666'),
(656, 0, 'Body Outline', '#4E4029'),
(656, 1, 'Body Fill', '#947A4D'),
(656, 2, 'Body Spots', '#7C6640'),
(657, 0, 'Outline', '#791D1D'),
(657, 1, 'Fill', '#A42727'),
(657, 2, 'Shadow Outline', '#6E1A1A'),
(657, 3, 'Shadow Fill', '#972222'),
(657, 4, 'Underbelly Outline', '#DFA958'),
(657, 5, 'Underbelly Fill', '#FAE898'),
(657, 6, 'Wing Outline', '#DA9930'),
(657, 7, 'Wing Fill', '#F0C761'),
(657, 8, 'Scale Marks', '#CC3434'),
(657, 9, 'Spine/Tail Outline', '#BF5B00'),
(657, 10, 'Spine/Tail Fill', '#FD9900'),
(658, 0, 'Eyeball', '#FFFF97'),
(658, 1, 'Iris', '#3B2147'),
(658, 2, 'Freckles/Nostrils', '#DE8481'),
(658, 3, 'Teeth Outline', '#B0C3D4'),
(658, 4, 'Teeth Fill', '#FFFFFF'),
(658, 5, 'Inside Mouth', '#BD1C77'),
(658, 6, 'Tongue', '#F17032');


--
-- Data for Name: tagged; Type: TABLE DATA; Schema: public; Owner: mlpvc-rr
--

INSERT INTO tagged VALUES
(1, 6),
(1, 10),
(1, 12),
(1, 13),
(1, 14),
(1, 15),
(1, 16),
(1, 17),
(1, 22),
(1, 25),
(1, 28),
(1, 29),
(1, 32),
(1, 36),
(1, 37),
(1, 38),
(1, 44),
(1, 45),
(1, 62),
(1, 69),
(1, 72),
(1, 73),
(1, 87),
(1, 89),
(1, 91),
(1, 92),
(1, 108),
(2, 2),
(2, 4),
(2, 18),
(2, 23),
(2, 27),
(2, 30),
(2, 31),
(2, 35),
(2, 39),
(2, 40),
(2, 46),
(2, 50),
(2, 51),
(2, 52),
(2, 53),
(2, 54),
(2, 58),
(2, 59),
(2, 60),
(2, 61),
(2, 66),
(2, 67),
(2, 74),
(2, 76),
(2, 77),
(2, 78),
(2, 79),
(2, 80),
(2, 95),
(2, 96),
(2, 98),
(2, 99),
(2, 106),
(2, 107),
(2, 110),
(2, 111),
(2, 121),
(3, 3),
(3, 5),
(3, 11),
(3, 19),
(3, 20),
(3, 21),
(3, 24),
(3, 26),
(3, 55),
(3, 56),
(3, 65),
(3, 68),
(3, 93),
(3, 97),
(3, 100),
(3, 101),
(3, 102),
(3, 103),
(3, 104),
(4, 1),
(4, 9),
(4, 34),
(4, 75),
(4, 88),
(6, 1),
(6, 2),
(6, 3),
(6, 4),
(6, 5),
(6, 6),
(6, 7),
(7, 9),
(7, 10),
(7, 11),
(7, 12),
(7, 13),
(7, 14),
(7, 15),
(7, 16),
(7, 17),
(7, 18),
(7, 19),
(7, 20),
(7, 21),
(7, 22),
(7, 23),
(7, 24),
(7, 25),
(7, 26),
(7, 27),
(7, 28),
(7, 29),
(7, 30),
(7, 34),
(7, 35),
(7, 36),
(7, 44),
(7, 46),
(7, 50),
(7, 51),
(7, 52),
(7, 53),
(7, 54),
(7, 55),
(7, 58),
(7, 59),
(7, 60),
(7, 62),
(7, 63),
(7, 65),
(7, 66),
(7, 67),
(7, 69),
(7, 72),
(7, 73),
(7, 74),
(7, 76),
(7, 77),
(7, 78),
(7, 79),
(7, 81),
(7, 87),
(7, 88),
(7, 89),
(7, 91),
(7, 92),
(7, 93),
(7, 95),
(7, 96),
(7, 97),
(7, 98),
(7, 99),
(7, 100),
(7, 101),
(7, 102),
(7, 103),
(7, 106),
(7, 107),
(7, 109),
(7, 110),
(7, 111),
(7, 118),
(7, 121),
(7, 125),
(8, 37),
(8, 38),
(8, 39),
(8, 40),
(8, 68),
(8, 80),
(8, 104),
(8, 108),
(9, 31),
(9, 32),
(9, 56),
(9, 57),
(9, 82),
(9, 83),
(9, 84),
(9, 85),
(9, 125),
(10, 64),
(10, 112),
(10, 116),
(10, 117),
(10, 119),
(10, 120),
(11, 7),
(11, 14),
(11, 21),
(11, 27),
(11, 28),
(11, 35),
(11, 39),
(11, 44),
(11, 46),
(11, 53),
(11, 57),
(11, 61),
(11, 62),
(11, 64),
(11, 66),
(11, 80),
(11, 81),
(11, 82),
(11, 83),
(11, 84),
(11, 85),
(11, 91),
(11, 92),
(11, 95),
(11, 97),
(11, 98),
(11, 101),
(11, 102),
(11, 104),
(11, 106),
(11, 112),
(11, 117),
(11, 119),
(11, 121),
(11, 125),
(12, 1),
(12, 2),
(12, 3),
(12, 4),
(12, 5),
(12, 6),
(12, 9),
(12, 10),
(12, 11),
(12, 12),
(12, 13),
(12, 15),
(12, 16),
(12, 17),
(12, 18),
(12, 19),
(12, 20),
(12, 22),
(12, 23),
(12, 24),
(12, 25),
(12, 26),
(12, 29),
(12, 30),
(12, 31),
(12, 32),
(12, 34),
(12, 36),
(12, 37),
(12, 38),
(12, 40),
(12, 45),
(12, 50),
(12, 51),
(12, 52),
(12, 54),
(12, 55),
(12, 56),
(12, 58),
(12, 59),
(12, 60),
(12, 63),
(12, 65),
(12, 67),
(12, 68),
(12, 69),
(12, 72),
(12, 73),
(12, 74),
(12, 75),
(12, 76),
(12, 77),
(12, 78),
(12, 79),
(12, 87),
(12, 88),
(12, 89),
(12, 96),
(12, 99),
(12, 100),
(12, 103),
(12, 107),
(12, 108),
(12, 109),
(12, 110),
(12, 111),
(12, 116),
(12, 118),
(12, 120),
(14, 1),
(21, 10),
(21, 16),
(21, 17),
(21, 36),
(22, 2),
(23, 4),
(24, 3),
(25, 5),
(26, 6),
(27, 19),
(27, 21),
(27, 55),
(27, 70),
(27, 71),
(28, 18),
(28, 20),
(28, 53),
(28, 54),
(29, 7),
(29, 118),
(29, 125),
(30, 7),
(31, 10),
(32, 12),
(33, 14),
(34, 15),
(35, 16),
(36, 17),
(37, 18),
(38, 19),
(39, 20),
(40, 21),
(41, 22),
(42, 20),
(42, 21),
(43, 13),
(43, 14),
(43, 72),
(43, 73),
(44, 23),
(44, 24),
(44, 25),
(44, 37),
(44, 38),
(44, 39),
(44, 40),
(44, 66),
(44, 67),
(44, 74),
(44, 77),
(44, 78),
(44, 81),
(44, 88),
(44, 93),
(44, 98),
(45, 23),
(45, 24),
(45, 25),
(45, 78),
(45, 114),
(46, 23),
(47, 24),
(48, 25),
(49, 26),
(50, 11),
(51, 13),
(52, 27),
(53, 28),
(54, 29),
(55, 30),
(57, 9),
(58, 31),
(59, 1),
(59, 9),
(59, 34),
(59, 44),
(59, 75),
(59, 88),
(61, 33),
(62, 33),
(63, 34),
(64, 33),
(64, 86),
(64, 94),
(64, 115),
(65, 22),
(65, 26),
(65, 27),
(65, 28),
(66, 35),
(72, 37),
(74, 39),
(75, 40),
(76, 63),
(77, 44),
(78, 45),
(79, 46),
(80, 50),
(81, 51),
(82, 52),
(83, 53),
(84, 54),
(85, 4),
(85, 50),
(85, 51),
(85, 52),
(85, 53),
(85, 54),
(86, 50),
(86, 51),
(86, 52),
(86, 53),
(86, 54),
(87, 55),
(88, 56),
(89, 57),
(90, 57),
(91, 58),
(92, 57),
(94, 59),
(94, 60),
(94, 61),
(95, 61),
(96, 60),
(96, 70),
(96, 71),
(96, 105),
(96, 114),
(98, 62),
(99, 22),
(99, 26),
(99, 27),
(99, 28),
(99, 62),
(100, 63),
(101, 46),
(102, 29),
(103, 29),
(104, 30),
(105, 30),
(105, 31),
(106, 30),
(107, 65),
(108, 56),
(108, 65),
(109, 52),
(109, 57),
(109, 58),
(110, 66),
(111, 67),
(112, 68),
(115, 69),
(116, 38),
(117, 11),
(120, 12),
(120, 69),
(122, 72),
(123, 73),
(127, 74),
(128, 75),
(129, 76),
(130, 77),
(131, 70),
(131, 71),
(132, 78),
(133, 79),
(134, 80),
(135, 80),
(136, 81),
(155, 64),
(156, 64),
(158, 59),
(158, 60),
(162, 36),
(170, 82),
(170, 83),
(170, 84),
(170, 85),
(171, 82),
(171, 83),
(171, 84),
(171, 85),
(173, 82),
(173, 83),
(173, 84),
(173, 85),
(173, 86),
(175, 86),
(176, 32),
(177, 87),
(179, 87),
(180, 52),
(180, 95),
(180, 96),
(181, 58),
(181, 98),
(181, 99),
(181, 108),
(182, 7),
(182, 118),
(182, 125),
(185, 29),
(185, 44),
(185, 62),
(185, 75),
(185, 88),
(186, 88),
(187, 89),
(188, 89),
(188, 91),
(189, 91),
(190, 92),
(191, 92),
(192, 93),
(192, 105),
(192, 106),
(192, 107),
(192, 109),
(193, 93),
(198, 94),
(199, 95),
(201, 96),
(202, 97),
(203, 98),
(204, 99),
(205, 100),
(206, 101),
(207, 102),
(208, 103),
(209, 104),
(210, 104),
(212, 105),
(213, 105),
(213, 106),
(213, 107),
(218, 107),
(219, 106),
(220, 108),
(221, 109),
(222, 109),
(224, 111),
(225, 111),
(230, 112),
(231, 112),
(232, 113),
(233, 113),
(234, 114),
(235, 115),
(236, 115),
(238, 116),
(239, 116),
(240, 117),
(241, 117),
(247, 113),
(247, 122),
(247, 123),
(247, 124),
(248, 113),
(249, 118),
(250, 119),
(251, 119),
(255, 120),
(256, 120),
(258, 121),
(259, 121),
(260, 110),
(261, 122),
(261, 123),
(261, 124);


--
-- Data for Name: tags; Type: TABLE DATA; Schema: public; Owner: mlpvc-rr
--

INSERT INTO tags VALUES
(1, 'unicorn', NULL, 'spec', 27, NULL),
(2, 'earth pony', NULL, 'spec', 37, NULL),
(3, 'pegasus', NULL, 'spec', 19, NULL),
(4, 'alicorn', NULL, 'spec', 5, NULL),
(5, 'bat pony', NULL, 'spec', 0, NULL),
(6, 'mane six', 'Ponies who are one of the show''s six main characters', 'cat', 7, NULL),
(7, 'minor character', 'Ponies who had a speaking role and/or interacted with the mane six', 'cat', 73, NULL),
(8, 'background character', 'Ponies whose only purpose is filling crowds, with no to minimal speaking roles', 'cat', 8, NULL),
(9, 'antagonist', NULL, 'cat', 9, NULL),
(10, 'pet', NULL, 'cat', 6, NULL),
(11, 'male', NULL, 'gen', 35, NULL),
(12, 'female', NULL, 'gen', 69, NULL),
(14, 'twilight sparkle', NULL, 'char', 1, NULL),
(19, 's1e1', NULL, 'ep', 0, NULL),
(20, 's1e26', NULL, 'ep', 0, NULL),
(21, 's5e12', NULL, 'ep', 4, NULL),
(22, 'applejack', NULL, 'char', 1, NULL),
(23, 'pinkie pie', NULL, 'char', 1, NULL),
(24, 'fluttershy', NULL, 'char', 1, NULL),
(25, 'rainbow dash', NULL, 'char', 1, NULL),
(26, 'rarity', NULL, 'char', 1, NULL),
(27, 'wonderbolt', 'Wonderbolt characters', 'cat', 5, NULL),
(28, 'parent', 'Parents of other characters', 'cat', 4, NULL),
(29, 'dragon', NULL, 'spec', 3, NULL),
(30, 'spike', NULL, 'char', 1, NULL),
(31, 'minuette', NULL, 'char', 1, NULL),
(32, 'lyra heartstrings', NULL, 'char', 1, NULL),
(33, 'fashion plate', NULL, 'char', 1, NULL),
(34, 'sassy saddles', NULL, 'char', 1, NULL),
(35, 'twinkleshine', NULL, 'char', 1, NULL),
(36, 'lemon hearts', NULL, 'char', 1, NULL),
(37, 'granny smith', NULL, 'char', 1, NULL),
(38, 'fleetfoot', NULL, 'char', 1, NULL),
(39, 'stormy flare', NULL, 'char', 1, NULL),
(40, 'wind rider', NULL, 'char', 1, NULL),
(41, 'sugar belle', NULL, 'char', 1, NULL),
(42, 's5e15', NULL, 'ep', 2, NULL),
(43, 's5e14', NULL, 'ep', 4, NULL),
(44, 'foal', NULL, 'cat', 16, NULL),
(45, 'cutie mark crusader', NULL, 'cat', 5, NULL),
(46, 'apple bloom', NULL, 'char', 1, NULL),
(47, 'scootaloo', NULL, 'char', 1, NULL),
(48, 'sweetie belle', NULL, 'char', 1, NULL),
(49, 'night glider', NULL, 'char', 1, NULL),
(50, 'derpy hooves', NULL, 'char', 1, NULL),
(51, 'whoa nelly', NULL, 'char', 1, NULL),
(52, 'double diamond', NULL, 'char', 1, NULL),
(53, 'party favor', NULL, 'char', 1, NULL),
(54, 'starlight glimmer', NULL, 'char', 1, NULL),
(55, 'coco pommel', NULL, 'char', 1, NULL),
(57, 'princess luna', NULL, 'char', 1, NULL),
(58, 'suri polomare', NULL, 'char', 1, NULL),
(59, 'royalty', NULL, 'cat', 6, NULL),
(60, 'trixie', NULL, 'char', 0, 176),
(61, 's3e5', NULL, 'ep', 1, NULL),
(62, 'alicorn amulet', NULL, NULL, 1, NULL),
(63, 'princess celestia', NULL, 'char', 1, NULL),
(64, 'object', NULL, 'cat', 4, NULL),
(65, 's5e2', NULL, 'ep', 4, NULL),
(66, 'big mcintosh', NULL, 'char', 1, NULL),
(68, 'moondancer', NULL, 'char', 0, 162),
(72, 'dinky doo', NULL, 'char', 1, NULL),
(73, 'berry pinch', NULL, 'char', 0, 116),
(74, 'button mash', NULL, 'char', 1, NULL),
(75, 'lily longsocks', NULL, 'char', 1, NULL),
(76, 'human', NULL, 'spec', 1, NULL),
(77, 'shining armor', NULL, 'char', 1, NULL),
(78, 'original character', 'Characters not canon to the show''s universe', 'cat', 1, NULL),
(79, 'cheese sandwich', NULL, 'char', 1, NULL),
(80, 'marble pie', NULL, 'char', 1, NULL),
(81, 'limestone pie', NULL, 'char', 1, NULL),
(82, 'maud pie', NULL, 'char', 1, NULL),
(83, 'igenous rock', NULL, 'char', 1, NULL),
(84, 'cloudy quartz', NULL, 'char', 1, NULL),
(85, 'pie family', NULL, 'cat', 6, NULL),
(86, 's5e20', NULL, 'ep', 5, NULL),
(87, 'spitfire', NULL, 'char', 1, NULL),
(88, 'lightning dust', NULL, 'char', 1, NULL),
(89, 'discord', NULL, 'char', 1, NULL),
(90, 'draconequus', NULL, 'spec', 1, NULL),
(91, 'tree hugger', NULL, 'char', 1, NULL),
(92, 's5e22', NULL, 'ep', 1, NULL),
(93, 'rara', NULL, 'char', 0, 158),
(94, 's5e24', NULL, 'ep', 3, NULL),
(95, 'svengallop', NULL, 'char', 1, NULL),
(96, 'outfit', 'Alternative character outfits', NULL, 5, NULL),
(97, 's5e8', NULL, 'ep', 0, NULL),
(98, 'sunburst', NULL, 'char', 1, NULL),
(99, 's5e26', NULL, 'ep', 5, NULL),
(100, 'sunset shimmer', NULL, 'char', 1, NULL),
(101, 's4e12', NULL, 'ep', 1, NULL),
(102, 's5e1-2', NULL, 'ep', 1, NULL),
(103, 's5e25-26', NULL, 'ep', 1, NULL),
(104, 's4e24', NULL, 'ep', 1, NULL),
(105, 's4e8', NULL, 'ep', 2, NULL),
(106, 's5e16', NULL, 'ep', 1, NULL),
(107, 'meadow flower', NULL, 'char', 1, NULL),
(108, 's3e7', NULL, 'ep', 2, NULL),
(109, 's5e7', NULL, 'ep', 3, NULL),
(110, 'pipsqueak', NULL, 'char', 1, NULL),
(111, 'silver spoon', NULL, 'char', 1, NULL),
(112, 'blossomforth', NULL, 'char', 1, NULL),
(113, 's5e6', NULL, 'ep', 0, NULL),
(114, 's5e5', NULL, 'ep', 0, NULL),
(115, 'vinyl scratch', NULL, 'char', 1, NULL),
(116, 'ruby pinch', NULL, 'char', 1, NULL),
(117, 'muffins', NULL, 'char', 1, NULL),
(118, 'derpy', NULL, 'char', 0, 50),
(119, 'colgate', NULL, 'char', 0, 31),
(120, 's5e9', NULL, 'ep', 2, NULL),
(121, 'lyra', NULL, 'char', 0, 32),
(122, 'sweet biscuit', NULL, 'char', 1, NULL),
(123, 'say cheese', NULL, 'char', 1, NULL),
(124, 's6e1', NULL, 'ep', 0, NULL),
(125, 's5e4', NULL, 'ep', 0, NULL),
(126, 's5e3', NULL, 'ep', 0, NULL),
(127, 'diamond tiara', NULL, 'char', 1, NULL),
(128, 'princess cadance', NULL, 'char', 1, NULL),
(129, 'mayor mare', NULL, 'char', 1, NULL),
(130, 'twist', NULL, 'char', 1, NULL),
(131, 'wonderbolt outfit', NULL, 'app', 2, NULL),
(132, 'babs seed', NULL, 'char', 1, NULL),
(133, 'cheerilee', NULL, 'char', 1, NULL),
(134, 'doctor hooves', NULL, 'char', 1, NULL),
(135, 'time turner', NULL, 'char', 1, NULL),
(136, 'featherweight', NULL, 'char', 1, NULL),
(137, 'luna', NULL, 'char', 0, 57),
(138, 'celestia', NULL, 'char', 0, 63),
(139, 'cadance', NULL, 'char', 0, 128),
(140, 'twilight', NULL, 'char', 0, 14),
(141, 'princess twilight', NULL, 'char', 0, 14),
(142, 'vinyl', NULL, 'char', 0, 115),
(143, 'dj pon-3', NULL, 'char', 0, 115),
(144, 'dj p0n-3', NULL, 'char', 0, 115),
(145, 'dj pon3', NULL, 'char', 0, 115),
(146, 'dj-pon3', NULL, 'char', 0, 115),
(147, 'pinkie', NULL, 'char', 0, 23),
(148, 'diabetty', NULL, 'char', 0, 51),
(149, 'big mac', NULL, 'char', 0, 66),
(150, 'big macintosh', NULL, 'char', 0, 66),
(151, 'maud', NULL, 'char', 0, 82),
(152, 'dr. hooves', NULL, 'char', 0, 134),
(153, 'dr hooves', NULL, 'char', 0, 134),
(154, 'angel', NULL, 'char', 0, 155),
(155, 'angel bunny', NULL, 'char', 1, NULL),
(156, 'bunny', NULL, 'spec', 1, NULL),
(157, 'doctor whooves', NULL, 'char', 0, 134),
(158, 'coloratura', NULL, 'char', 2, NULL),
(159, 'babs', NULL, 'char', 0, 132),
(160, 'applebloom', NULL, 'char', 0, 46),
(161, 'starlight', NULL, 'char', 0, 54),
(162, 'moon dancer', NULL, 'char', 1, NULL),
(163, 'party favour', NULL, 'char', 0, 53),
(164, 'ditzy doo', NULL, 'char', 0, 50),
(165, 'cherilee', NULL, 'char', 0, 133),
(167, 'ditzy', NULL, 'char', 0, 50),
(168, 's4e25', NULL, 'ep', 0, NULL),
(169, 's4e26', NULL, 'ep', 0, NULL),
(170, 'centaur', NULL, 'spec', 4, NULL),
(171, 'lord tirek', NULL, 'char', 4, NULL),
(172, 'tirek', NULL, 'char', 0, 171),
(173, 's4e25-26', NULL, 'ep', 5, NULL),
(174, 'amulet', NULL, NULL, 0, 62),
(175, 'scorpan''s medallion', NULL, NULL, 1, NULL),
(176, 'trixie lulamoon', NULL, 'char', 1, NULL),
(177, 'rose', NULL, 'char', 1, NULL),
(178, 'roseluck', NULL, 'char', 0, 177),
(179, 'flower trio', 'Flower-themed trio consisting of Rose, Daisy and Lily Valley.', 'cat', 1, NULL),
(180, 's6e3', NULL, 'ep', 3, NULL),
(181, 's6e4', NULL, 'ep', 4, NULL),
(182, 's6e5', NULL, 'ep', 3, NULL),
(183, 's6e6', NULL, 'ep', 0, NULL),
(184, 's5e1', NULL, 'ep', 0, NULL),
(185, 's6e1-2', NULL, 'ep', 5, NULL),
(186, 'princess flurry heart', NULL, 'char', 1, NULL),
(187, 'twilight velvet', NULL, 'char', 1, NULL),
(188, 's6e2', NULL, 'ep', 2, NULL),
(189, 'night light', NULL, 'char', 1, NULL),
(190, 'trenderhoof', NULL, 'char', 1, NULL),
(191, 's4e13', NULL, 'ep', 1, NULL),
(192, 's4e14', NULL, 'ep', 5, NULL),
(193, 'zipporwhill', NULL, 'char', 1, NULL),
(194, 'ziporwhill', NULL, 'char', 0, 193),
(195, 'zipporwhil', NULL, 'char', 0, 193),
(196, 'shining armour', NULL, 'char', 0, 77),
(197, 'princess mi amore cadenza', NULL, 'char', 0, 128),
(198, 'party cannon', NULL, NULL, 1, NULL),
(199, 'street rat', NULL, 'char', 1, NULL),
(200, 'hot fuzz', NULL, 'char', 0, NULL),
(201, 'copper top', NULL, 'char', 1, NULL),
(202, 'bulk biceps', NULL, 'char', 1, NULL),
(203, 'tender taps', NULL, 'char', 1, NULL),
(204, 'hoofer steps', NULL, 'char', 1, NULL),
(205, 'cloudchaser', NULL, 'char', 1, NULL),
(206, 'thunderlane', NULL, 'char', 1, NULL),
(207, 'thunderclap', NULL, 'char', 1, NULL),
(208, 'flitter', NULL, 'char', 1, NULL),
(209, 's2e22', NULL, 'ep', 1, NULL),
(210, 'twilight sky', NULL, 'char', 1, NULL),
(212, 'pony tones outfit', NULL, 'app', 1, NULL),
(213, 'pony tones', NULL, 'cat', 3, NULL),
(214, 'ponytones', NULL, 'cat', 0, 213),
(215, 's6e7', NULL, 'ep', 0, NULL),
(216, 's6e8', NULL, 'ep', 0, NULL),
(217, 's6e9', NULL, 'ep', 0, NULL),
(218, 'torch song', NULL, 'char', 1, NULL),
(219, 'toe tapper', NULL, 'char', 1, NULL),
(220, 'minty bubblegum', NULL, 'char', 1, NULL),
(221, 'zebra', NULL, 'spec', 1, NULL),
(222, 'zecora', NULL, 'char', 1, NULL),
(223, 'octavia', NULL, 'char', 0, 260),
(224, 'bon bon', NULL, 'char', 1, NULL),
(225, 'sweetie drops', NULL, 'char', 1, NULL),
(226, 'cheerelie', NULL, 'char', 0, 133),
(227, 'cheereliee', NULL, 'char', 0, 133),
(228, 'cherelee', NULL, 'char', 0, 133),
(229, 'cheerile', NULL, 'char', 0, 133),
(230, 'alligator', NULL, 'spec', 1, NULL),
(231, 'gummy', NULL, 'char', 1, NULL),
(232, 'orange frog', NULL, 'char', 1, NULL),
(233, 's3e3', NULL, 'ep', 1, NULL),
(234, 'cutie mark crusader cape', NULL, 'app', 1, NULL),
(235, 'fake timberwolf', NULL, NULL, 1, NULL),
(236, 's3e9', NULL, 'ep', 1, NULL),
(237, 'cutie mark crusaders', NULL, 'cat', 0, 45),
(238, 'winona', NULL, 'char', 1, NULL),
(239, 'canine', NULL, 'spec', 1, NULL),
(240, 'owl', NULL, 'spec', 1, NULL),
(241, 'owlowiscious', NULL, 'char', 1, NULL),
(242, 'owloysius', NULL, 'char', 0, 241),
(243, 'dog', NULL, 'spec', 0, 239),
(244, 'owlicious', NULL, 'char', 0, 241),
(245, 'owliscius', NULL, 'char', 0, 241),
(246, 'owliscious', NULL, 'char', 0, 241),
(247, 'creatures', NULL, 'cat', 4, NULL),
(248, 'frog', NULL, 'spec', 1, NULL),
(249, 'princess ember', NULL, 'char', 1, NULL),
(250, 'tank', NULL, 'char', 1, NULL),
(251, 'tortoise', NULL, 'spec', 1, NULL),
(252, 'turtle', NULL, 'spec', 0, 251),
(253, 'aligator', NULL, 'spec', 0, 230),
(254, 'cat', NULL, 'spec', 0, 255),
(255, 'feline', NULL, 'spec', 1, NULL),
(256, 'opalescence', NULL, 'char', 1, NULL),
(257, 'opal', NULL, 'char', 0, 256),
(258, 'apple family', NULL, 'cat', 1, NULL),
(259, 'braeburn', NULL, 'char', 1, NULL),
(260, 'octavia melody', NULL, 'char', 1, NULL),
(261, 'pig', NULL, 'spec', 3, NULL);


--
-- Name: tags_tid_seq; Type: SEQUENCE SET; Schema: public; Owner: mlpvc-rr
--

SELECT pg_catalog.setval('tags_tid_seq', 261, true);


--
-- Name: appearances_id; Type: CONSTRAINT; Schema: public; Owner: mlpvc-rr
--

ALTER TABLE ONLY appearances
    ADD CONSTRAINT appearances_id PRIMARY KEY (id);


--
-- Name: colorgroups_groupid; Type: CONSTRAINT; Schema: public; Owner: mlpvc-rr
--

ALTER TABLE ONLY colorgroups
    ADD CONSTRAINT colorgroups_groupid PRIMARY KEY (groupid);


--
-- Name: colorgroups_groupid_label; Type: CONSTRAINT; Schema: public; Owner: mlpvc-rr
--

ALTER TABLE ONLY colorgroups
    ADD CONSTRAINT colorgroups_groupid_label UNIQUE (groupid, label);


--
-- Name: tagged_tid_ponyid; Type: CONSTRAINT; Schema: public; Owner: mlpvc-rr
--

ALTER TABLE ONLY tagged
    ADD CONSTRAINT tagged_tid_ponyid PRIMARY KEY (tid, ponyid);


--
-- Name: tags_tid; Type: CONSTRAINT; Schema: public; Owner: mlpvc-rr
--

ALTER TABLE ONLY tags
    ADD CONSTRAINT tags_tid PRIMARY KEY (tid);


--
-- Name: colorgroups_ponyid; Type: INDEX; Schema: public; Owner: mlpvc-rr
--

CREATE INDEX colorgroups_ponyid ON colorgroups USING btree (ponyid);


--
-- Name: colors_groupid; Type: INDEX; Schema: public; Owner: mlpvc-rr
--

CREATE INDEX colors_groupid ON colors USING btree (groupid);


--
-- Name: tags_synonym_of; Type: INDEX; Schema: public; Owner: mlpvc-rr
--

CREATE INDEX tags_synonym_of ON tags USING btree (synonym_of);


--
-- Name: colorgroups_ponyid_fkey; Type: FK CONSTRAINT; Schema: public; Owner: mlpvc-rr
--

ALTER TABLE ONLY colorgroups
    ADD CONSTRAINT colorgroups_ponyid_fkey FOREIGN KEY (ponyid) REFERENCES appearances(id) ON UPDATE CASCADE ON DELETE CASCADE;


--
-- Name: colors_groupid_fkey; Type: FK CONSTRAINT; Schema: public; Owner: mlpvc-rr
--

ALTER TABLE ONLY colors
    ADD CONSTRAINT colors_groupid_fkey FOREIGN KEY (groupid) REFERENCES colorgroups(groupid) ON UPDATE CASCADE ON DELETE CASCADE;


--
-- Name: tagged_ponyid_fkey; Type: FK CONSTRAINT; Schema: public; Owner: mlpvc-rr
--

ALTER TABLE ONLY tagged
    ADD CONSTRAINT tagged_ponyid_fkey FOREIGN KEY (ponyid) REFERENCES appearances(id) ON UPDATE CASCADE ON DELETE CASCADE;


--
-- Name: tagged_tid_fkey; Type: FK CONSTRAINT; Schema: public; Owner: mlpvc-rr
--

ALTER TABLE ONLY tagged
    ADD CONSTRAINT tagged_tid_fkey FOREIGN KEY (tid) REFERENCES tags(tid) ON UPDATE CASCADE ON DELETE CASCADE;


--
-- Name: tags_synonym_of_fkey; Type: FK CONSTRAINT; Schema: public; Owner: mlpvc-rr
--

ALTER TABLE ONLY tags
    ADD CONSTRAINT tags_synonym_of_fkey FOREIGN KEY (synonym_of) REFERENCES tags(tid) ON UPDATE CASCADE ON DELETE SET NULL;


--
-- Name: public; Type: ACL; Schema: -; Owner: postgres
--

REVOKE ALL ON SCHEMA public FROM PUBLIC;
REVOKE ALL ON SCHEMA public FROM postgres;
GRANT ALL ON SCHEMA public TO postgres;
GRANT ALL ON SCHEMA public TO PUBLIC;


--
-- Name: appearances; Type: ACL; Schema: public; Owner: mlpvc-rr
--

REVOKE ALL ON TABLE appearances FROM PUBLIC;
REVOKE ALL ON TABLE appearances FROM "mlpvc-rr";
GRANT ALL ON TABLE appearances TO "mlpvc-rr";
GRANT ALL ON TABLE appearances TO postgres;


--
-- Name: colorgroups; Type: ACL; Schema: public; Owner: mlpvc-rr
--

REVOKE ALL ON TABLE colorgroups FROM PUBLIC;
REVOKE ALL ON TABLE colorgroups FROM "mlpvc-rr";
GRANT ALL ON TABLE colorgroups TO "mlpvc-rr";
GRANT ALL ON TABLE colorgroups TO postgres;


--
-- Name: colors; Type: ACL; Schema: public; Owner: mlpvc-rr
--

REVOKE ALL ON TABLE colors FROM PUBLIC;
REVOKE ALL ON TABLE colors FROM "mlpvc-rr";
GRANT ALL ON TABLE colors TO "mlpvc-rr";
GRANT ALL ON TABLE colors TO postgres;


--
-- Name: tagged; Type: ACL; Schema: public; Owner: mlpvc-rr
--

REVOKE ALL ON TABLE tagged FROM PUBLIC;
REVOKE ALL ON TABLE tagged FROM "mlpvc-rr";
GRANT ALL ON TABLE tagged TO "mlpvc-rr";
GRANT ALL ON TABLE tagged TO postgres;


--
-- Name: tags; Type: ACL; Schema: public; Owner: mlpvc-rr
--

REVOKE ALL ON TABLE tags FROM PUBLIC;
REVOKE ALL ON TABLE tags FROM "mlpvc-rr";
GRANT ALL ON TABLE tags TO "mlpvc-rr";
GRANT ALL ON TABLE tags TO postgres;


--
-- PostgreSQL database dump complete
--

